[INFO] Running long GA+QD experiment: trials=50 gens=20 pop=20 widths=32,64,128,256,512
🚀 RadML Auto Architecture Search Example
==========================================

📊 Dataset created:
   Training samples: 100
   Test samples: 30
   Input features: 8
   Output classes: 4

AutoArchSearch initialized with input_size=2, output_size=2
Adaptive mutation enabled with:
  Base rate: 0.1
  Diversity threshold: 0.3
  Max rate: 0.5
  Min rate: 0.01
🧬 Starting evolutionary architecture search...
   Population size: 20
   Generations: 20
   Monte Carlo trials: 10
   Width options: 32,64,128,256,512
   Adaptive mutation: ENABLED
   Quality Diversity: ENABLED
   Advanced QD (MAP-Elites+Novelty): ENABLED
   Save every 1 gen(s), 5 iteration(s)

📊 Adaptive Mutation Parameters:
   Base rate: 0.1
   Diversity threshold: 0.3
   Max rate: 0.5
   Min rate: 0.01
   Schedule interval: 2 generations
   Freeze after generation: 4

Starting evolutionary search for optimal architecture...
Using Monte Carlo testing with 50 trials per configuration
Generation 1/20
Testing configuration:
Architecture: 2-256-512-128-2-
Dropout: 0.6
Residual: No
Protection: 4
    DEBUG: Radiation impact: 0.1, Protection factor: 0.85, Radiation accuracy: 81.0853, Preservation: 98.0657%
    DEBUG: Radiation impact: 0.1, Protection factor: 0.85, Radiation accuracy: 82.3871, Preservation: 98.9643%
    DEBUG: Radiation impact: 0.1, Protection factor: 0.85, Radiation accuracy: 81.6342, Preservation: 99.5643%
    DEBUG: Radiation impact: 0.1, Protection factor: 0.85, Radiation accuracy: 81.215, Preservation: 98.2692%
    DEBUG: Radiation impact: 0.1, Protection factor: 0.85, Radiation accuracy: 82.3266, Preservation: 98.9456%
    DEBUG: Radiation impact: 0.1, Protection factor: 0.85, Radiation accuracy: 80.8328, Preservation: 97.6983%
    DEBUG: Radiation impact: 0.1, Protection factor: 0.85, Radiation accuracy: 81.7094, Preservation: 98.8168%
    DEBUG: Radiation impact: 0.1, Protection factor: 0.85, Radiation accuracy: 81.6409, Preservation: 99.2355%
    DEBUG: Radiation impact: 0.1, Protection factor: 0.85, Radiation accuracy: 82.2331, Preservation: 98.8758%
    DEBUG: Radiation impact: 0.1, Protection factor: 0.85, Radiation accuracy: 80.597, Preservation: 98.2351%
    DEBUG: Radiation impact: 0.1, Protection factor: 0.85, Radiation accuracy: 81.0676, Preservation: 97.7753%
    DEBUG: Radiation impact: 0.1, Protection factor: 0.85, Radiation accuracy: 82.8335, Preservation: 99.7005%
    DEBUG: Radiation impact: 0.1, Protection factor: 0.85, Radiation accuracy: 80.887, Preservation: 97.3511%
    DEBUG: Radiation impact: 0.1, Protection factor: 0.85, Radiation accuracy: 81.4178, Preservation: 97.8407%
    DEBUG: Radiation impact: 0.1, Protection factor: 0.85, Radiation accuracy: 81.3135, Preservation: 99.7072%
    DEBUG: Radiation impact: 0.1, Protection factor: 0.85, Radiation accuracy: 80.4716, Preservation: 98.258%
    DEBUG: Radiation impact: 0.1, Protection factor: 0.85, Radiation accuracy: 79.7851, Preservation: 97.3295%
    DEBUG: Radiation impact: 0.1, Protection factor: 0.85, Radiation accuracy: 81.7482, Preservation: 99.3425%
    DEBUG: Radiation impact: 0.1, Protection factor: 0.85, Radiation accuracy: 80.6766, Preservation: 97.6285%
    DEBUG: Radiation impact: 0.1, Protection factor: 0.85, Radiation accuracy: 80.7042, Preservation: 97.3133%
    DEBUG: Radiation impact: 0.1, Protection factor: 0.85, Radiation accuracy: 81.4013, Preservation: 98.3989%
    DEBUG: Radiation impact: 0.1, Protection factor: 0.85, Radiation accuracy: 82.1232, Preservation: 99.1133%
    DEBUG: Radiation impact: 0.1, Protection factor: 0.85, Radiation accuracy: 81.9286, Preservation: 99.037%
    DEBUG: Radiation impact: 0.1, Protection factor: 0.85, Radiation accuracy: 80.0875, Preservation: 98.0611%
    DEBUG: Radiation impact: 0.1, Protection factor: 0.85, Radiation accuracy: 80.4722, Preservation: 98.1288%
    DEBUG: Radiation impact: 0.1, Protection factor: 0.85, Radiation accuracy: 81.8371, Preservation: 99.574%
    DEBUG: Radiation impact: 0.1, Protection factor: 0.85, Radiation accuracy: 80.8522, Preservation: 98.8083%
    DEBUG: Radiation impact: 0.1, Protection factor: 0.85, Radiation accuracy: 80.8814, Preservation: 99.0501%
    DEBUG: Radiation impact: 0.1, Protection factor: 0.85, Radiation accuracy: 79.7343, Preservation: 97.5078%
    DEBUG: Radiation impact: 0.1, Protection factor: 0.85, Radiation accuracy: 81.4728, Preservation: 99.3806%
    DEBUG: Radiation impact: 0.1, Protection factor: 0.85, Radiation accuracy: 80.7622, Preservation: 98.5939%
    DEBUG: Radiation impact: 0.1, Protection factor: 0.85, Radiation accuracy: 82.1827, Preservation: 99.2559%
    DEBUG: Radiation impact: 0.1, Protection factor: 0.85, Radiation accuracy: 79.5643, Preservation: 97.2785%
    DEBUG: Radiation impact: 0.1, Protection factor: 0.85, Radiation accuracy: 80.9896, Preservation: 99.1638%
    DEBUG: Radiation impact: 0.1, Protection factor: 0.85, Radiation accuracy: 80.4397, Preservation: 97.8109%
    DEBUG: Radiation impact: 0.1, Protection factor: 0.85, Radiation accuracy: 81.6995, Preservation: 98.816%
    DEBUG: Radiation impact: 0.1, Protection factor: 0.85, Radiation accuracy: 82.5805, Preservation: 99.0328%
    DEBUG: Radiation impact: 0.1, Protection factor: 0.85, Radiation accuracy: 81.1716, Preservation: 98.9752%
    DEBUG: Radiation impact: 0.1, Protection factor: 0.85, Radiation accuracy: 82.2234, Preservation: 98.9891%
    DEBUG: Radiation impact: 0.1, Protection factor: 0.85, Radiation accuracy: 82.1057, Preservation: 98.7634%
    DEBUG: Radiation impact: 0.1, Protection factor: 0.85, Radiation accuracy: 80.4086, Preservation: 97.4334%
    DEBUG: Radiation impact: 0.1, Protection factor: 0.85, Radiation accuracy: 82.1904, Preservation: 99.3515%
    DEBUG: Radiation impact: 0.1, Protection factor: 0.85, Radiation accuracy: 81.5048, Preservation: 97.9764%
    DEBUG: Radiation impact: 0.1, Protection factor: 0.85, Radiation accuracy: 79.9824, Preservation: 97.3028%
    DEBUG: Radiation impact: 0.1, Protection factor: 0.85, Radiation accuracy: 80.5609, Preservation: 97.6076%
    DEBUG: Radiation impact: 0.1, Protection factor: 0.85, Radiation accuracy: 82.6703, Preservation: 99.4978%
    DEBUG: Radiation impact: 0.1, Protection factor: 0.85, Radiation accuracy: 80.1764, Preservation: 98.2872%
    DEBUG: Radiation impact: 0.1, Protection factor: 0.85, Radiation accuracy: 82.4421, Preservation: 99.3977%
    DEBUG: Radiation impact: 0.1, Protection factor: 0.85, Radiation accuracy: 82.5776, Preservation: 99.2318%
    DEBUG: Radiation impact: 0.1, Protection factor: 0.85, Radiation accuracy: 80.1594, Preservation: 97.7844%
Results: Baseline accuracy = 82.4867 ± 0.544085, Radiation accuracy = 81.275 ± 0.856281, Preservation = 98.5305 ± 0.751064%
Results: Baseline accuracy = 82.49% ± 0.54%, Radiation accuracy = 81.27% ± 0.86%, Preservation = 98.53% ± 0.75%
Testing configuration:
Architecture: 2-64-128-128-2-
Dropout: 0.50
Residual: Yes
Protection: 4
    DEBUG: Radiation impact: 0.10, Protection factor: 0.85, Radiation accuracy: 83.24, Preservation: 98.86%
    DEBUG: Radiation impact: 0.10, Protection factor: 0.85, Radiation accuracy: 83.60, Preservation: 99.05%
    DEBUG: Radiation impact: 0.10, Protection factor: 0.85, Radiation accuracy: 84.07, Preservation: 97.70%
    DEBUG: Radiation impact: 0.10, Protection factor: 0.85, Radiation accuracy: 85.11, Preservation: 99.24%
    DEBUG: Radiation impact: 0.10, Protection factor: 0.85, Radiation accuracy: 82.68, Preservation: 98.12%
    DEBUG: Radiation impact: 0.10, Protection factor: 0.85, Radiation accuracy: 83.64, Preservation: 99.14%
    DEBUG: Radiation impact: 0.10, Protection factor: 0.85, Radiation accuracy: 83.68, Preservation: 97.80%
    DEBUG: Radiation impact: 0.10, Protection factor: 0.85, Radiation accuracy: 83.67, Preservation: 99.21%
    DEBUG: Radiation impact: 0.10, Protection factor: 0.85, Radiation accuracy: 83.94, Preservation: 99.33%
    DEBUG: Radiation impact: 0.10, Protection factor: 0.85, Radiation accuracy: 84.60, Preservation: 98.41%
    DEBUG: Radiation impact: 0.10, Protection factor: 0.85, Radiation accuracy: 83.48, Preservation: 98.86%
    DEBUG: Radiation impact: 0.10, Protection factor: 0.85, Radiation accuracy: 83.56, Preservation: 97.41%
    DEBUG: Radiation impact: 0.10, Protection factor: 0.85, Radiation accuracy: 83.12, Preservation: 98.01%
    DEBUG: Radiation impact: 0.10, Protection factor: 0.85, Radiation accuracy: 83.72, Preservation: 98.84%
    DEBUG: Radiation impact: 0.10, Protection factor: 0.85, Radiation accuracy: 83.82, Preservation: 98.56%
    DEBUG: Radiation impact: 0.10, Protection factor: 0.85, Radiation accuracy: 83.88, Preservation: 99.49%
    DEBUG: Radiation impact: 0.10, Protection factor: 0.85, Radiation accuracy: 85.28, Preservation: 99.00%
    DEBUG: Radiation impact: 0.10, Protection factor: 0.85, Radiation accuracy: 83.12, Preservation: 97.69%
    DEBUG: Radiation impact: 0.10, Protection factor: 0.85, Radiation accuracy: 83.20, Preservation: 98.56%
    DEBUG: Radiation impact: 0.10, Protection factor: 0.85, Radiation accuracy: 84.10, Preservation: 98.57%
    DEBUG: Radiation impact: 0.10, Protection factor: 0.85, Radiation accuracy: 82.96, Preservation: 97.87%
    DEBUG: Radiation impact: 0.10, Protection factor: 0.85, Radiation accuracy: 84.55, Preservation: 99.47%
    DEBUG: Radiation impact: 0.10, Protection factor: 0.85, Radiation accuracy: 84.80, Preservation: 99.12%
    DEBUG: Radiation impact: 0.10, Protection factor: 0.85, Radiation accuracy: 85.37, Preservation: 99.33%
    DEBUG: Radiation impact: 0.10, Protection factor: 0.85, Radiation accuracy: 83.89, Preservation: 99.25%
    DEBUG: Radiation impact: 0.10, Protection factor: 0.85, Radiation accuracy: 82.72, Preservation: 97.85%
    DEBUG: Radiation impact: 0.10, Protection factor: 0.85, Radiation accuracy: 83.61, Preservation: 99.08%
    DEBUG: Radiation impact: 0.10, Protection factor: 0.85, Radiation accuracy: 85.67, Preservation: 99.65%
    DEBUG: Radiation impact: 0.10, Protection factor: 0.85, Radiation accuracy: 83.56, Preservation: 97.57%
    DEBUG: Radiation impact: 0.10, Protection factor: 0.85, Radiation accuracy: 83.46, Preservation: 97.58%
    DEBUG: Radiation impact: 0.10, Protection factor: 0.85, Radiation accuracy: 84.30, Preservation: 98.03%
    DEBUG: Radiation impact: 0.10, Protection factor: 0.85, Radiation accuracy: 84.69, Preservation: 98.92%
    DEBUG: Radiation impact: 0.10, Protection factor: 0.85, Radiation accuracy: 82.90, Preservation: 97.89%
    DEBUG: Radiation impact: 0.10, Protection factor: 0.85, Radiation accuracy: 83.64, Preservation: 97.73%
    DEBUG: Radiation impact: 0.10, Protection factor: 0.85, Radiation accuracy: 83.44, Preservation: 98.25%
    DEBUG: Radiation impact: 0.10, Protection factor: 0.85, Radiation accuracy: 82.50, Preservation: 97.69%
    DEBUG: Radiation impact: 0.10, Protection factor: 0.85, Radiation accuracy: 84.35, Preservation: 98.89%
    DEBUG: Radiation impact: 0.10, Protection factor: 0.85, Radiation accuracy: 84.50, Preservation: 99.54%
    DEBUG: Radiation impact: 0.10, Protection factor: 0.85, Radiation accuracy: 82.67, Preservation: 98.08%
    DEBUG: Radiation impact: 0.10, Protection factor: 0.85, Radiation accuracy: 85.25, Preservation: 99.19%
    DEBUG: Radiation impact: 0.10, Protection factor: 0.85, Radiation accuracy: 84.57, Preservation: 98.81%
    DEBUG: Radiation impact: 0.10, Protection factor: 0.85, Radiation accuracy: 82.83, Preservation: 97.90%
    DEBUG: Radiation impact: 0.10, Protection factor: 0.85, Radiation accuracy: 83.36, Preservation: 97.73%
    DEBUG: Radiation impact: 0.10, Protection factor: 0.85, Radiation accuracy: 84.15, Preservation: 98.00%
    DEBUG: Radiation impact: 0.10, Protection factor: 0.85, Radiation accuracy: 85.61, Preservation: 99.59%
    DEBUG: Radiation impact: 0.10, Protection factor: 0.85, Radiation accuracy: 84.59, Preservation: 98.24%
    DEBUG: Radiation impact: 0.10, Protection factor: 0.85, Radiation accuracy: 82.43, Preservation: 97.68%
    DEBUG: Radiation impact: 0.10, Protection factor: 0.85, Radiation accuracy: 82.70, Preservation: 97.91%
    DEBUG: Radiation impact: 0.10, Protection factor: 0.85, Radiation accuracy: 84.50, Preservation: 98.74%
    DEBUG: Radiation impact: 0.10, Protection factor: 0.85, Radiation accuracy: 83.72, Preservation: 98.29%
Results: Baseline accuracy = 85.12 ± 0.63, Radiation accuracy = 83.86 ± 0.83, Preservation = 98.51 ± 0.66%
Results: Baseline accuracy = 85.12% ± 0.63%, Radiation accuracy = 83.86% ± 0.83%, Preservation = 98.51% ± 0.66%
Testing configuration:
Architecture: 2-512-64-256-2-
Dropout: 0.40
Residual: Yes
Protection: 1
    DEBUG: Radiation impact: 0.10, Protection factor: 0.20, Radiation accuracy: 79.19, Preservation: 92.15%
    DEBUG: Radiation impact: 0.10, Protection factor: 0.20, Radiation accuracy: 79.01, Preservation: 91.91%
    DEBUG: Radiation impact: 0.10, Protection factor: 0.20, Radiation accuracy: 79.60, Preservation: 92.60%
    DEBUG: Radiation impact: 0.10, Protection factor: 0.20, Radiation accuracy: 78.54, Preservation: 91.75%
    DEBUG: Radiation impact: 0.10, Protection factor: 0.20, Radiation accuracy: 79.24, Preservation: 91.01%
    DEBUG: Radiation impact: 0.10, Protection factor: 0.20, Radiation accuracy: 79.45, Preservation: 92.26%
    DEBUG: Radiation impact: 0.10, Protection factor: 0.20, Radiation accuracy: 78.62, Preservation: 91.81%
    DEBUG: Radiation impact: 0.10, Protection factor: 0.20, Radiation accuracy: 78.44, Preservation: 91.22%
    DEBUG: Radiation impact: 0.10, Protection factor: 0.20, Radiation accuracy: 78.58, Preservation: 90.88%
    DEBUG: Radiation impact: 0.10, Protection factor: 0.20, Radiation accuracy: 79.72, Preservation: 92.07%
    DEBUG: Radiation impact: 0.10, Protection factor: 0.20, Radiation accuracy: 78.74, Preservation: 92.00%
    DEBUG: Radiation impact: 0.10, Protection factor: 0.20, Radiation accuracy: 80.58, Preservation: 92.72%
    DEBUG: Radiation impact: 0.10, Protection factor: 0.20, Radiation accuracy: 78.69, Preservation: 91.86%
    DEBUG: Radiation impact: 0.10, Protection factor: 0.20, Radiation accuracy: 78.64, Preservation: 92.10%
    DEBUG: Radiation impact: 0.10, Protection factor: 0.20, Radiation accuracy: 79.52, Preservation: 91.49%
    DEBUG: Radiation impact: 0.10, Protection factor: 0.20, Radiation accuracy: 78.91, Preservation: 91.45%
    DEBUG: Radiation impact: 0.10, Protection factor: 0.20, Radiation accuracy: 79.45, Preservation: 92.54%
    DEBUG: Radiation impact: 0.10, Protection factor: 0.20, Radiation accuracy: 79.70, Preservation: 91.35%
    DEBUG: Radiation impact: 0.10, Protection factor: 0.20, Radiation accuracy: 78.61, Preservation: 91.07%
    DEBUG: Radiation impact: 0.10, Protection factor: 0.20, Radiation accuracy: 79.47, Preservation: 92.01%
    DEBUG: Radiation impact: 0.10, Protection factor: 0.20, Radiation accuracy: 80.89, Preservation: 92.75%
    DEBUG: Radiation impact: 0.10, Protection factor: 0.20, Radiation accuracy: 79.24, Preservation: 92.43%
    DEBUG: Radiation impact: 0.10, Protection factor: 0.20, Radiation accuracy: 80.67, Preservation: 92.58%
    DEBUG: Radiation impact: 0.10, Protection factor: 0.20, Radiation accuracy: 78.71, Preservation: 91.74%
    DEBUG: Radiation impact: 0.10, Protection factor: 0.20, Radiation accuracy: 79.41, Preservation: 92.90%
    DEBUG: Radiation impact: 0.10, Protection factor: 0.20, Radiation accuracy: 78.61, Preservation: 92.04%
    DEBUG: Radiation impact: 0.10, Protection factor: 0.20, Radiation accuracy: 80.62, Preservation: 92.99%
    DEBUG: Radiation impact: 0.10, Protection factor: 0.20, Radiation accuracy: 79.51, Preservation: 93.13%
    DEBUG: Radiation impact: 0.10, Protection factor: 0.20, Radiation accuracy: 80.12, Preservation: 92.84%
    DEBUG: Radiation impact: 0.10, Protection factor: 0.20, Radiation accuracy: 80.09, Preservation: 92.52%
    DEBUG: Radiation impact: 0.10, Protection factor: 0.20, Radiation accuracy: 80.19, Preservation: 92.55%
    DEBUG: Radiation impact: 0.10, Protection factor: 0.20, Radiation accuracy: 79.19, Preservation: 91.97%
    DEBUG: Radiation impact: 0.10, Protection factor: 0.20, Radiation accuracy: 79.58, Preservation: 91.27%
    DEBUG: Radiation impact: 0.10, Protection factor: 0.20, Radiation accuracy: 80.31, Preservation: 92.60%
    DEBUG: Radiation impact: 0.10, Protection factor: 0.20, Radiation accuracy: 79.28, Preservation: 92.31%
    DEBUG: Radiation impact: 0.10, Protection factor: 0.20, Radiation accuracy: 79.45, Preservation: 92.01%
    DEBUG: Radiation impact: 0.10, Protection factor: 0.20, Radiation accuracy: 78.44, Preservation: 91.07%
    DEBUG: Radiation impact: 0.10, Protection factor: 0.20, Radiation accuracy: 79.24, Preservation: 92.20%
    DEBUG: Radiation impact: 0.10, Protection factor: 0.20, Radiation accuracy: 78.66, Preservation: 91.15%
    DEBUG: Radiation impact: 0.10, Protection factor: 0.20, Radiation accuracy: 79.87, Preservation: 93.04%
    DEBUG: Radiation impact: 0.10, Protection factor: 0.20, Radiation accuracy: 78.66, Preservation: 92.19%
    DEBUG: Radiation impact: 0.10, Protection factor: 0.20, Radiation accuracy: 79.04, Preservation: 91.13%
    DEBUG: Radiation impact: 0.10, Protection factor: 0.20, Radiation accuracy: 79.06, Preservation: 90.90%
    DEBUG: Radiation impact: 0.10, Protection factor: 0.20, Radiation accuracy: 78.33, Preservation: 91.68%
    DEBUG: Radiation impact: 0.10, Protection factor: 0.20, Radiation accuracy: 80.59, Preservation: 92.55%
    DEBUG: Radiation impact: 0.10, Protection factor: 0.20, Radiation accuracy: 80.17, Preservation: 92.15%
    DEBUG: Radiation impact: 0.10, Protection factor: 0.20, Radiation accuracy: 78.38, Preservation: 91.72%
    DEBUG: Radiation impact: 0.10, Protection factor: 0.20, Radiation accuracy: 80.12, Preservation: 92.35%
    DEBUG: Radiation impact: 0.10, Protection factor: 0.20, Radiation accuracy: 78.11, Preservation: 91.01%
    DEBUG: Radiation impact: 0.10, Protection factor: 0.20, Radiation accuracy: 79.74, Preservation: 92.31%
Results: Baseline accuracy = 86.23 ± 0.57, Radiation accuracy = 79.34 ± 0.71, Preservation = 92.01 ± 0.62%
Results: Baseline accuracy = 86.23% ± 0.57%, Radiation accuracy = 79.34% ± 0.71%, Preservation = 92.01% ± 0.62%
Testing configuration:
Architecture: 2-32-2-
Dropout: 0.60
Residual: Yes
Protection: 5
    DEBUG: Radiation impact: 0.10, Protection factor: 0.90, Radiation accuracy: 79.71, Preservation: 99.30%
    DEBUG: Radiation impact: 0.10, Protection factor: 0.90, Radiation accuracy: 79.75, Preservation: 99.71%
    DEBUG: Radiation impact: 0.10, Protection factor: 0.90, Radiation accuracy: 79.99, Preservation: 98.85%
    DEBUG: Radiation impact: 0.10, Protection factor: 0.90, Radiation accuracy: 79.13, Preservation: 98.93%
    DEBUG: Radiation impact: 0.10, Protection factor: 0.90, Radiation accuracy: 80.92, Preservation: 100.00%
    DEBUG: Radiation impact: 0.10, Protection factor: 0.90, Radiation accuracy: 80.12, Preservation: 99.82%
    DEBUG: Radiation impact: 0.10, Protection factor: 0.90, Radiation accuracy: 79.79, Preservation: 97.80%
    DEBUG: Radiation impact: 0.10, Protection factor: 0.90, Radiation accuracy: 80.56, Preservation: 99.43%
    DEBUG: Radiation impact: 0.10, Protection factor: 0.90, Radiation accuracy: 79.99, Preservation: 97.80%
    DEBUG: Radiation impact: 0.10, Protection factor: 0.90, Radiation accuracy: 80.82, Preservation: 100.00%
    DEBUG: Radiation impact: 0.10, Protection factor: 0.90, Radiation accuracy: 81.47, Preservation: 99.46%
    DEBUG: Radiation impact: 0.10, Protection factor: 0.90, Radiation accuracy: 81.01, Preservation: 99.21%
    DEBUG: Radiation impact: 0.10, Protection factor: 0.90, Radiation accuracy: 79.61, Preservation: 97.80%
    DEBUG: Radiation impact: 0.10, Protection factor: 0.90, Radiation accuracy: 80.55, Preservation: 99.02%
    DEBUG: Radiation impact: 0.10, Protection factor: 0.90, Radiation accuracy: 78.84, Preservation: 98.26%
    DEBUG: Radiation impact: 0.10, Protection factor: 0.90, Radiation accuracy: 80.08, Preservation: 98.69%
    DEBUG: Radiation impact: 0.10, Protection factor: 0.90, Radiation accuracy: 79.88, Preservation: 98.21%
    DEBUG: Radiation impact: 0.10, Protection factor: 0.90, Radiation accuracy: 80.48, Preservation: 99.08%
    DEBUG: Radiation impact: 0.10, Protection factor: 0.90, Radiation accuracy: 79.26, Preservation: 98.84%
    DEBUG: Radiation impact: 0.10, Protection factor: 0.90, Radiation accuracy: 78.95, Preservation: 97.79%
    DEBUG: Radiation impact: 0.10, Protection factor: 0.90, Radiation accuracy: 80.88, Preservation: 98.76%
    DEBUG: Radiation impact: 0.10, Protection factor: 0.90, Radiation accuracy: 79.98, Preservation: 99.33%
    DEBUG: Radiation impact: 0.10, Protection factor: 0.90, Radiation accuracy: 80.34, Preservation: 98.96%
    DEBUG: Radiation impact: 0.10, Protection factor: 0.90, Radiation accuracy: 79.24, Preservation: 98.76%
    DEBUG: Radiation impact: 0.10, Protection factor: 0.90, Radiation accuracy: 79.91, Preservation: 98.46%
    DEBUG: Radiation impact: 0.10, Protection factor: 0.90, Radiation accuracy: 81.16, Preservation: 99.73%
    DEBUG: Radiation impact: 0.10, Protection factor: 0.90, Radiation accuracy: 80.88, Preservation: 99.53%
    DEBUG: Radiation impact: 0.10, Protection factor: 0.90, Radiation accuracy: 81.32, Preservation: 100.00%
    DEBUG: Radiation impact: 0.10, Protection factor: 0.90, Radiation accuracy: 80.81, Preservation: 98.69%
    DEBUG: Radiation impact: 0.10, Protection factor: 0.90, Radiation accuracy: 79.96, Preservation: 98.56%
    DEBUG: Radiation impact: 0.10, Protection factor: 0.90, Radiation accuracy: 80.50, Preservation: 100.00%
    DEBUG: Radiation impact: 0.10, Protection factor: 0.90, Radiation accuracy: 81.33, Preservation: 99.89%
    DEBUG: Radiation impact: 0.10, Protection factor: 0.90, Radiation accuracy: 81.02, Preservation: 99.40%
    DEBUG: Radiation impact: 0.10, Protection factor: 0.90, Radiation accuracy: 79.91, Preservation: 98.07%
    DEBUG: Radiation impact: 0.10, Protection factor: 0.90, Radiation accuracy: 81.25, Preservation: 100.00%
    DEBUG: Radiation impact: 0.10, Protection factor: 0.90, Radiation accuracy: 80.11, Preservation: 98.86%
    DEBUG: Radiation impact: 0.10, Protection factor: 0.90, Radiation accuracy: 80.20, Preservation: 98.10%
    DEBUG: Radiation impact: 0.10, Protection factor: 0.90, Radiation accuracy: 79.28, Preservation: 98.50%
    DEBUG: Radiation impact: 0.10, Protection factor: 0.90, Radiation accuracy: 80.25, Preservation: 97.98%
    DEBUG: Radiation impact: 0.10, Protection factor: 0.90, Radiation accuracy: 79.58, Preservation: 99.18%
    DEBUG: Radiation impact: 0.10, Protection factor: 0.90, Radiation accuracy: 80.35, Preservation: 100.00%
    DEBUG: Radiation impact: 0.10, Protection factor: 0.90, Radiation accuracy: 80.15, Preservation: 97.84%
    DEBUG: Radiation impact: 0.10, Protection factor: 0.90, Radiation accuracy: 81.06, Preservation: 99.76%
    DEBUG: Radiation impact: 0.10, Protection factor: 0.90, Radiation accuracy: 79.54, Preservation: 99.04%
    DEBUG: Radiation impact: 0.10, Protection factor: 0.90, Radiation accuracy: 79.81, Preservation: 98.66%
    DEBUG: Radiation impact: 0.10, Protection factor: 0.90, Radiation accuracy: 79.16, Preservation: 98.84%
    DEBUG: Radiation impact: 0.10, Protection factor: 0.90, Radiation accuracy: 80.87, Preservation: 99.91%
    DEBUG: Radiation impact: 0.10, Protection factor: 0.90, Radiation accuracy: 79.10, Preservation: 97.84%
    DEBUG: Radiation impact: 0.10, Protection factor: 0.90, Radiation accuracy: 79.00, Preservation: 98.68%
    DEBUG: Radiation impact: 0.10, Protection factor: 0.90, Radiation accuracy: 79.73, Preservation: 99.02%
Results: Baseline accuracy = 80.99 ± 0.58, Radiation accuracy = 80.15 ± 0.71, Preservation = 98.97 ± 0.70%
Results: Baseline accuracy = 80.99% ± 0.58%, Radiation accuracy = 80.15% ± 0.71%, Preservation = 98.97% ± 0.70%
Testing configuration:
Architecture: 2-256-2-
Dropout: 0.30
Residual: No
Protection: 2
    DEBUG: Radiation impact: 0.10, Protection factor: 0.60, Radiation accuracy: 80.75, Preservation: 96.11%
    DEBUG: Radiation impact: 0.10, Protection factor: 0.60, Radiation accuracy: 81.91, Preservation: 96.77%
    DEBUG: Radiation impact: 0.10, Protection factor: 0.60, Radiation accuracy: 81.67, Preservation: 95.80%
    DEBUG: Radiation impact: 0.10, Protection factor: 0.60, Radiation accuracy: 81.64, Preservation: 95.52%
    DEBUG: Radiation impact: 0.10, Protection factor: 0.60, Radiation accuracy: 81.63, Preservation: 96.47%
    DEBUG: Radiation impact: 0.10, Protection factor: 0.60, Radiation accuracy: 81.37, Preservation: 95.23%
    DEBUG: Radiation impact: 0.10, Protection factor: 0.60, Radiation accuracy: 80.93, Preservation: 96.22%
    DEBUG: Radiation impact: 0.10, Protection factor: 0.60, Radiation accuracy: 81.84, Preservation: 96.13%
    DEBUG: Radiation impact: 0.10, Protection factor: 0.60, Radiation accuracy: 82.42, Preservation: 96.82%
    DEBUG: Radiation impact: 0.10, Protection factor: 0.60, Radiation accuracy: 81.44, Preservation: 96.06%
    DEBUG: Radiation impact: 0.10, Protection factor: 0.60, Radiation accuracy: 80.57, Preservation: 96.00%
    DEBUG: Radiation impact: 0.10, Protection factor: 0.60, Radiation accuracy: 81.20, Preservation: 96.29%
    DEBUG: Radiation impact: 0.10, Protection factor: 0.60, Radiation accuracy: 82.43, Preservation: 96.78%
    DEBUG: Radiation impact: 0.10, Protection factor: 0.60, Radiation accuracy: 80.59, Preservation: 95.29%
    DEBUG: Radiation impact: 0.10, Protection factor: 0.60, Radiation accuracy: 82.32, Preservation: 96.47%
    DEBUG: Radiation impact: 0.10, Protection factor: 0.60, Radiation accuracy: 80.90, Preservation: 95.17%
    DEBUG: Radiation impact: 0.10, Protection factor: 0.60, Radiation accuracy: 80.61, Preservation: 95.24%
    DEBUG: Radiation impact: 0.10, Protection factor: 0.60, Radiation accuracy: 81.15, Preservation: 96.97%
    DEBUG: Radiation impact: 0.10, Protection factor: 0.60, Radiation accuracy: 80.15, Preservation: 95.50%
    DEBUG: Radiation impact: 0.10, Protection factor: 0.60, Radiation accuracy: 81.41, Preservation: 96.54%
    DEBUG: Radiation impact: 0.10, Protection factor: 0.60, Radiation accuracy: 81.24, Preservation: 96.83%
    DEBUG: Radiation impact: 0.10, Protection factor: 0.60, Radiation accuracy: 82.23, Preservation: 97.03%
    DEBUG: Radiation impact: 0.10, Protection factor: 0.60, Radiation accuracy: 81.09, Preservation: 95.91%
    DEBUG: Radiation impact: 0.10, Protection factor: 0.60, Radiation accuracy: 80.98, Preservation: 94.93%
    DEBUG: Radiation impact: 0.10, Protection factor: 0.60, Radiation accuracy: 81.49, Preservation: 95.98%
    DEBUG: Radiation impact: 0.10, Protection factor: 0.60, Radiation accuracy: 81.61, Preservation: 96.96%
    DEBUG: Radiation impact: 0.10, Protection factor: 0.60, Radiation accuracy: 80.49, Preservation: 95.06%
    DEBUG: Radiation impact: 0.10, Protection factor: 0.60, Radiation accuracy: 80.93, Preservation: 95.99%
    DEBUG: Radiation impact: 0.10, Protection factor: 0.60, Radiation accuracy: 82.65, Preservation: 97.05%
    DEBUG: Radiation impact: 0.10, Protection factor: 0.60, Radiation accuracy: 82.49, Preservation: 97.16%
    DEBUG: Radiation impact: 0.10, Protection factor: 0.60, Radiation accuracy: 81.13, Preservation: 96.75%
    DEBUG: Radiation impact: 0.10, Protection factor: 0.60, Radiation accuracy: 81.13, Preservation: 95.40%
    DEBUG: Radiation impact: 0.10, Protection factor: 0.60, Radiation accuracy: 80.45, Preservation: 96.21%
    DEBUG: Radiation impact: 0.10, Protection factor: 0.60, Radiation accuracy: 80.76, Preservation: 95.22%
    DEBUG: Radiation impact: 0.10, Protection factor: 0.60, Radiation accuracy: 80.32, Preservation: 95.67%
    DEBUG: Radiation impact: 0.10, Protection factor: 0.60, Radiation accuracy: 80.66, Preservation: 96.23%
    DEBUG: Radiation impact: 0.10, Protection factor: 0.60, Radiation accuracy: 82.02, Preservation: 96.47%
    DEBUG: Radiation impact: 0.10, Protection factor: 0.60, Radiation accuracy: 80.67, Preservation: 94.99%
    DEBUG: Radiation impact: 0.10, Protection factor: 0.60, Radiation accuracy: 82.54, Preservation: 96.72%
    DEBUG: Radiation impact: 0.10, Protection factor: 0.60, Radiation accuracy: 80.91, Preservation: 95.14%
    DEBUG: Radiation impact: 0.10, Protection factor: 0.60, Radiation accuracy: 81.36, Preservation: 96.78%
    DEBUG: Radiation impact: 0.10, Protection factor: 0.60, Radiation accuracy: 81.77, Preservation: 96.12%
    DEBUG: Radiation impact: 0.10, Protection factor: 0.60, Radiation accuracy: 82.00, Preservation: 96.12%
    DEBUG: Radiation impact: 0.10, Protection factor: 0.60, Radiation accuracy: 80.92, Preservation: 95.32%
    DEBUG: Radiation impact: 0.10, Protection factor: 0.60, Radiation accuracy: 82.47, Preservation: 97.04%
    DEBUG: Radiation impact: 0.10, Protection factor: 0.60, Radiation accuracy: 82.04, Preservation: 96.36%
    DEBUG: Radiation impact: 0.10, Protection factor: 0.60, Radiation accuracy: 81.46, Preservation: 95.64%
    DEBUG: Radiation impact: 0.10, Protection factor: 0.60, Radiation accuracy: 81.43, Preservation: 97.07%
    DEBUG: Radiation impact: 0.10, Protection factor: 0.60, Radiation accuracy: 81.30, Preservation: 95.55%
    DEBUG: Radiation impact: 0.10, Protection factor: 0.60, Radiation accuracy: 82.44, Preservation: 96.59%
Results: Baseline accuracy = 84.69 ± 0.54, Radiation accuracy = 81.40 ± 0.66, Preservation = 96.11 ± 0.66%
Results: Baseline accuracy = 84.69% ± 0.54%, Radiation accuracy = 81.40% ± 0.66%, Preservation = 96.11% ± 0.66%
Testing configuration:
Architecture: 2-64-256-256-2-
Dropout: 0.60
Residual: No
Protection: 5
    DEBUG: Radiation impact: 0.10, Protection factor: 0.90, Radiation accuracy: 81.80, Preservation: 99.96%
    DEBUG: Radiation impact: 0.10, Protection factor: 0.90, Radiation accuracy: 82.28, Preservation: 99.33%
    DEBUG: Radiation impact: 0.10, Protection factor: 0.90, Radiation accuracy: 81.47, Preservation: 99.83%
    DEBUG: Radiation impact: 0.10, Protection factor: 0.90, Radiation accuracy: 81.53, Preservation: 98.21%
    DEBUG: Radiation impact: 0.10, Protection factor: 0.90, Radiation accuracy: 81.98, Preservation: 98.43%
    DEBUG: Radiation impact: 0.10, Protection factor: 0.90, Radiation accuracy: 80.90, Preservation: 98.62%
    DEBUG: Radiation impact: 0.10, Protection factor: 0.90, Radiation accuracy: 81.28, Preservation: 99.20%
    DEBUG: Radiation impact: 0.10, Protection factor: 0.90, Radiation accuracy: 82.30, Preservation: 98.77%
    DEBUG: Radiation impact: 0.10, Protection factor: 0.90, Radiation accuracy: 81.67, Preservation: 100.00%
    DEBUG: Radiation impact: 0.10, Protection factor: 0.90, Radiation accuracy: 82.20, Preservation: 100.00%
    DEBUG: Radiation impact: 0.10, Protection factor: 0.90, Radiation accuracy: 79.76, Preservation: 98.00%
    DEBUG: Radiation impact: 0.10, Protection factor: 0.90, Radiation accuracy: 80.72, Preservation: 98.52%
    DEBUG: Radiation impact: 0.10, Protection factor: 0.90, Radiation accuracy: 82.16, Preservation: 98.57%
    DEBUG: Radiation impact: 0.10, Protection factor: 0.90, Radiation accuracy: 81.41, Preservation: 98.56%
    DEBUG: Radiation impact: 0.10, Protection factor: 0.90, Radiation accuracy: 80.92, Preservation: 97.81%
    DEBUG: Radiation impact: 0.10, Protection factor: 0.90, Radiation accuracy: 82.75, Preservation: 99.83%
    DEBUG: Radiation impact: 0.10, Protection factor: 0.90, Radiation accuracy: 81.41, Preservation: 98.24%
    DEBUG: Radiation impact: 0.10, Protection factor: 0.90, Radiation accuracy: 82.14, Preservation: 99.89%
    DEBUG: Radiation impact: 0.10, Protection factor: 0.90, Radiation accuracy: 82.36, Preservation: 99.93%
    DEBUG: Radiation impact: 0.10, Protection factor: 0.90, Radiation accuracy: 80.16, Preservation: 98.25%
    DEBUG: Radiation impact: 0.10, Protection factor: 0.90, Radiation accuracy: 82.51, Preservation: 100.00%
    DEBUG: Radiation impact: 0.10, Protection factor: 0.90, Radiation accuracy: 82.68, Preservation: 99.37%
    DEBUG: Radiation impact: 0.10, Protection factor: 0.90, Radiation accuracy: 81.15, Preservation: 99.32%
    DEBUG: Radiation impact: 0.10, Protection factor: 0.90, Radiation accuracy: 82.44, Preservation: 99.10%
    DEBUG: Radiation impact: 0.10, Protection factor: 0.90, Radiation accuracy: 82.31, Preservation: 99.47%
    DEBUG: Radiation impact: 0.10, Protection factor: 0.90, Radiation accuracy: 81.74, Preservation: 98.59%
    DEBUG: Radiation impact: 0.10, Protection factor: 0.90, Radiation accuracy: 81.85, Preservation: 99.30%
    DEBUG: Radiation impact: 0.10, Protection factor: 0.90, Radiation accuracy: 81.13, Preservation: 98.71%
    DEBUG: Radiation impact: 0.10, Protection factor: 0.90, Radiation accuracy: 83.22, Preservation: 99.97%
    DEBUG: Radiation impact: 0.10, Protection factor: 0.90, Radiation accuracy: 82.67, Preservation: 99.29%
    DEBUG: Radiation impact: 0.10, Protection factor: 0.90, Radiation accuracy: 81.78, Preservation: 98.44%
    DEBUG: Radiation impact: 0.10, Protection factor: 0.90, Radiation accuracy: 81.28, Preservation: 98.09%
    DEBUG: Radiation impact: 0.10, Protection factor: 0.90, Radiation accuracy: 83.03, Preservation: 99.80%
    DEBUG: Radiation impact: 0.10, Protection factor: 0.90, Radiation accuracy: 81.66, Preservation: 98.90%
    DEBUG: Radiation impact: 0.10, Protection factor: 0.90, Radiation accuracy: 81.38, Preservation: 97.86%
    DEBUG: Radiation impact: 0.10, Protection factor: 0.90, Radiation accuracy: 82.99, Preservation: 100.00%
    DEBUG: Radiation impact: 0.10, Protection factor: 0.90, Radiation accuracy: 80.40, Preservation: 98.42%
    DEBUG: Radiation impact: 0.10, Protection factor: 0.90, Radiation accuracy: 80.88, Preservation: 98.25%
    DEBUG: Radiation impact: 0.10, Protection factor: 0.90, Radiation accuracy: 82.15, Preservation: 99.97%
    DEBUG: Radiation impact: 0.10, Protection factor: 0.90, Radiation accuracy: 82.22, Preservation: 100.00%
    DEBUG: Radiation impact: 0.10, Protection factor: 0.90, Radiation accuracy: 82.98, Preservation: 99.91%
    DEBUG: Radiation impact: 0.10, Protection factor: 0.90, Radiation accuracy: 81.40, Preservation: 99.07%
    DEBUG: Radiation impact: 0.10, Protection factor: 0.90, Radiation accuracy: 81.50, Preservation: 98.93%
    DEBUG: Radiation impact: 0.10, Protection factor: 0.90, Radiation accuracy: 81.14, Preservation: 99.41%
    DEBUG: Radiation impact: 0.10, Protection factor: 0.90, Radiation accuracy: 81.37, Preservation: 98.80%
    DEBUG: Radiation impact: 0.10, Protection factor: 0.90, Radiation accuracy: 81.71, Preservation: 98.85%
    DEBUG: Radiation impact: 0.10, Protection factor: 0.90, Radiation accuracy: 80.70, Preservation: 98.57%
    DEBUG: Radiation impact: 0.10, Protection factor: 0.90, Radiation accuracy: 82.13, Preservation: 99.75%
    DEBUG: Radiation impact: 0.10, Protection factor: 0.90, Radiation accuracy: 82.34, Preservation: 99.39%
    DEBUG: Radiation impact: 0.10, Protection factor: 0.90, Radiation accuracy: 82.68, Preservation: 99.80%
Results: Baseline accuracy = 82.51 ± 0.55, Radiation accuracy = 81.77 ± 0.76, Preservation = 99.10 ± 0.68%
Results: Baseline accuracy = 82.51% ± 0.55%, Radiation accuracy = 81.77% ± 0.76%, Preservation = 99.10% ± 0.68%
Testing configuration:
Architecture: 2-128-256-2-
Dropout: 0.50
Residual: Yes
Protection: 0
    DEBUG: Radiation impact: 0.10, Protection factor: 0.00, Radiation accuracy: 77.45, Preservation: 90.53%
    DEBUG: Radiation impact: 0.10, Protection factor: 0.00, Radiation accuracy: 74.95, Preservation: 88.91%
    DEBUG: Radiation impact: 0.10, Protection factor: 0.00, Radiation accuracy: 77.22, Preservation: 89.64%
    DEBUG: Radiation impact: 0.10, Protection factor: 0.00, Radiation accuracy: 77.59, Preservation: 90.49%
    DEBUG: Radiation impact: 0.10, Protection factor: 0.00, Radiation accuracy: 77.03, Preservation: 90.37%
    DEBUG: Radiation impact: 0.10, Protection factor: 0.00, Radiation accuracy: 78.36, Preservation: 91.01%
    DEBUG: Radiation impact: 0.10, Protection factor: 0.00, Radiation accuracy: 76.98, Preservation: 89.85%
    DEBUG: Radiation impact: 0.10, Protection factor: 0.00, Radiation accuracy: 76.40, Preservation: 89.72%
    DEBUG: Radiation impact: 0.10, Protection factor: 0.00, Radiation accuracy: 77.13, Preservation: 91.03%
    DEBUG: Radiation impact: 0.10, Protection factor: 0.00, Radiation accuracy: 76.17, Preservation: 89.29%
    DEBUG: Radiation impact: 0.10, Protection factor: 0.00, Radiation accuracy: 76.81, Preservation: 90.47%
    DEBUG: Radiation impact: 0.10, Protection factor: 0.00, Radiation accuracy: 75.61, Preservation: 89.71%
    DEBUG: Radiation impact: 0.10, Protection factor: 0.00, Radiation accuracy: 77.23, Preservation: 91.04%
    DEBUG: Radiation impact: 0.10, Protection factor: 0.00, Radiation accuracy: 76.54, Preservation: 90.79%
    DEBUG: Radiation impact: 0.10, Protection factor: 0.00, Radiation accuracy: 77.70, Preservation: 90.20%
    DEBUG: Radiation impact: 0.10, Protection factor: 0.00, Radiation accuracy: 76.55, Preservation: 90.20%
    DEBUG: Radiation impact: 0.10, Protection factor: 0.00, Radiation accuracy: 76.63, Preservation: 89.48%
    DEBUG: Radiation impact: 0.10, Protection factor: 0.00, Radiation accuracy: 77.48, Preservation: 90.87%
    DEBUG: Radiation impact: 0.10, Protection factor: 0.00, Radiation accuracy: 76.72, Preservation: 90.97%
    DEBUG: Radiation impact: 0.10, Protection factor: 0.00, Radiation accuracy: 76.72, Preservation: 90.74%
    DEBUG: Radiation impact: 0.10, Protection factor: 0.00, Radiation accuracy: 76.81, Preservation: 89.41%
    DEBUG: Radiation impact: 0.10, Protection factor: 0.00, Radiation accuracy: 76.90, Preservation: 90.31%
    DEBUG: Radiation impact: 0.10, Protection factor: 0.00, Radiation accuracy: 77.85, Preservation: 91.00%
    DEBUG: Radiation impact: 0.10, Protection factor: 0.00, Radiation accuracy: 76.71, Preservation: 89.15%
    DEBUG: Radiation impact: 0.10, Protection factor: 0.00, Radiation accuracy: 76.37, Preservation: 89.04%
    DEBUG: Radiation impact: 0.10, Protection factor: 0.00, Radiation accuracy: 77.61, Preservation: 91.09%
    DEBUG: Radiation impact: 0.10, Protection factor: 0.00, Radiation accuracy: 77.51, Preservation: 90.63%
    DEBUG: Radiation impact: 0.10, Protection factor: 0.00, Radiation accuracy: 76.76, Preservation: 89.67%
    DEBUG: Radiation impact: 0.10, Protection factor: 0.00, Radiation accuracy: 78.43, Preservation: 91.02%
    DEBUG: Radiation impact: 0.10, Protection factor: 0.00, Radiation accuracy: 76.13, Preservation: 89.75%
    DEBUG: Radiation impact: 0.10, Protection factor: 0.00, Radiation accuracy: 76.54, Preservation: 89.25%
    DEBUG: Radiation impact: 0.10, Protection factor: 0.00, Radiation accuracy: 75.49, Preservation: 89.54%
    DEBUG: Radiation impact: 0.10, Protection factor: 0.00, Radiation accuracy: 76.86, Preservation: 90.93%
    DEBUG: Radiation impact: 0.10, Protection factor: 0.00, Radiation accuracy: 76.20, Preservation: 89.50%
    DEBUG: Radiation impact: 0.10, Protection factor: 0.00, Radiation accuracy: 75.84, Preservation: 89.54%
    DEBUG: Radiation impact: 0.10, Protection factor: 0.00, Radiation accuracy: 76.69, Preservation: 90.25%
    DEBUG: Radiation impact: 0.10, Protection factor: 0.00, Radiation accuracy: 76.34, Preservation: 88.97%
    DEBUG: Radiation impact: 0.10, Protection factor: 0.00, Radiation accuracy: 76.00, Preservation: 89.96%
    DEBUG: Radiation impact: 0.10, Protection factor: 0.00, Radiation accuracy: 76.21, Preservation: 89.92%
    DEBUG: Radiation impact: 0.10, Protection factor: 0.00, Radiation accuracy: 77.73, Preservation: 90.91%
    DEBUG: Radiation impact: 0.10, Protection factor: 0.00, Radiation accuracy: 75.14, Preservation: 89.18%
    DEBUG: Radiation impact: 0.10, Protection factor: 0.00, Radiation accuracy: 77.05, Preservation: 90.77%
    DEBUG: Radiation impact: 0.10, Protection factor: 0.00, Radiation accuracy: 77.71, Preservation: 90.29%
    DEBUG: Radiation impact: 0.10, Protection factor: 0.00, Radiation accuracy: 76.73, Preservation: 89.54%
    DEBUG: Radiation impact: 0.10, Protection factor: 0.00, Radiation accuracy: 76.81, Preservation: 90.01%
    DEBUG: Radiation impact: 0.10, Protection factor: 0.00, Radiation accuracy: 77.26, Preservation: 90.11%
    DEBUG: Radiation impact: 0.10, Protection factor: 0.00, Radiation accuracy: 75.59, Preservation: 89.03%
    DEBUG: Radiation impact: 0.10, Protection factor: 0.00, Radiation accuracy: 76.21, Preservation: 89.28%
    DEBUG: Radiation impact: 0.10, Protection factor: 0.00, Radiation accuracy: 75.95, Preservation: 89.42%
    DEBUG: Radiation impact: 0.10, Protection factor: 0.00, Radiation accuracy: 76.67, Preservation: 89.03%
Results: Baseline accuracy = 85.24 ± 0.58, Radiation accuracy = 76.75 ± 0.75, Preservation = 90.04 ± 0.68%
Results: Baseline accuracy = 85.24% ± 0.58%, Radiation accuracy = 76.75% ± 0.75%, Preservation = 90.04% ± 0.68%
Testing configuration:
Architecture: 2-512-128-512-2-
Dropout: 0.30
Residual: No
Protection: 1
    DEBUG: Radiation impact: 0.10, Protection factor: 0.20, Radiation accuracy: 78.42, Preservation: 90.91%
    DEBUG: Radiation impact: 0.10, Protection factor: 0.20, Radiation accuracy: 79.59, Preservation: 92.96%
    DEBUG: Radiation impact: 0.10, Protection factor: 0.20, Radiation accuracy: 79.74, Preservation: 92.94%
    DEBUG: Radiation impact: 0.10, Protection factor: 0.20, Radiation accuracy: 78.68, Preservation: 91.33%
    DEBUG: Radiation impact: 0.10, Protection factor: 0.20, Radiation accuracy: 79.46, Preservation: 92.53%
    DEBUG: Radiation impact: 0.10, Protection factor: 0.20, Radiation accuracy: 78.91, Preservation: 91.61%
    DEBUG: Radiation impact: 0.10, Protection factor: 0.20, Radiation accuracy: 78.41, Preservation: 92.17%
    DEBUG: Radiation impact: 0.10, Protection factor: 0.20, Radiation accuracy: 79.87, Preservation: 92.73%
    DEBUG: Radiation impact: 0.10, Protection factor: 0.20, Radiation accuracy: 78.37, Preservation: 91.71%
    DEBUG: Radiation impact: 0.10, Protection factor: 0.20, Radiation accuracy: 78.46, Preservation: 92.35%
    DEBUG: Radiation impact: 0.10, Protection factor: 0.20, Radiation accuracy: 78.48, Preservation: 92.22%
    DEBUG: Radiation impact: 0.10, Protection factor: 0.20, Radiation accuracy: 79.56, Preservation: 92.55%
    DEBUG: Radiation impact: 0.10, Protection factor: 0.20, Radiation accuracy: 80.34, Preservation: 92.96%
    DEBUG: Radiation impact: 0.10, Protection factor: 0.20, Radiation accuracy: 79.05, Preservation: 92.23%
    DEBUG: Radiation impact: 0.10, Protection factor: 0.20, Radiation accuracy: 79.90, Preservation: 93.14%
    DEBUG: Radiation impact: 0.10, Protection factor: 0.20, Radiation accuracy: 77.80, Preservation: 91.68%
    DEBUG: Radiation impact: 0.10, Protection factor: 0.20, Radiation accuracy: 78.90, Preservation: 92.63%
    DEBUG: Radiation impact: 0.10, Protection factor: 0.20, Radiation accuracy: 79.82, Preservation: 92.98%
    DEBUG: Radiation impact: 0.10, Protection factor: 0.20, Radiation accuracy: 79.93, Preservation: 93.05%
    DEBUG: Radiation impact: 0.10, Protection factor: 0.20, Radiation accuracy: 77.72, Preservation: 91.69%
    DEBUG: Radiation impact: 0.10, Protection factor: 0.20, Radiation accuracy: 78.40, Preservation: 92.45%
    DEBUG: Radiation impact: 0.10, Protection factor: 0.20, Radiation accuracy: 79.93, Preservation: 92.94%
    DEBUG: Radiation impact: 0.10, Protection factor: 0.20, Radiation accuracy: 79.30, Preservation: 92.44%
    DEBUG: Radiation impact: 0.10, Protection factor: 0.20, Radiation accuracy: 78.42, Preservation: 90.87%
    DEBUG: Radiation impact: 0.10, Protection factor: 0.20, Radiation accuracy: 78.58, Preservation: 91.41%
    DEBUG: Radiation impact: 0.10, Protection factor: 0.20, Radiation accuracy: 78.48, Preservation: 92.65%
    DEBUG: Radiation impact: 0.10, Protection factor: 0.20, Radiation accuracy: 77.69, Preservation: 90.97%
    DEBUG: Radiation impact: 0.10, Protection factor: 0.20, Radiation accuracy: 77.91, Preservation: 92.13%
    DEBUG: Radiation impact: 0.10, Protection factor: 0.20, Radiation accuracy: 78.69, Preservation: 91.58%
    DEBUG: Radiation impact: 0.10, Protection factor: 0.20, Radiation accuracy: 78.07, Preservation: 92.34%
    DEBUG: Radiation impact: 0.10, Protection factor: 0.20, Radiation accuracy: 79.30, Preservation: 92.33%
    DEBUG: Radiation impact: 0.10, Protection factor: 0.20, Radiation accuracy: 78.62, Preservation: 91.81%
    DEBUG: Radiation impact: 0.10, Protection factor: 0.20, Radiation accuracy: 78.58, Preservation: 92.00%
    DEBUG: Radiation impact: 0.10, Protection factor: 0.20, Radiation accuracy: 79.70, Preservation: 92.58%
    DEBUG: Radiation impact: 0.10, Protection factor: 0.20, Radiation accuracy: 77.98, Preservation: 92.12%
    DEBUG: Radiation impact: 0.10, Protection factor: 0.20, Radiation accuracy: 77.68, Preservation: 91.68%
    DEBUG: Radiation impact: 0.10, Protection factor: 0.20, Radiation accuracy: 78.08, Preservation: 91.09%
    DEBUG: Radiation impact: 0.10, Protection factor: 0.20, Radiation accuracy: 77.31, Preservation: 90.99%
    DEBUG: Radiation impact: 0.10, Protection factor: 0.20, Radiation accuracy: 78.54, Preservation: 91.37%
    DEBUG: Radiation impact: 0.10, Protection factor: 0.20, Radiation accuracy: 79.04, Preservation: 92.64%
    DEBUG: Radiation impact: 0.10, Protection factor: 0.20, Radiation accuracy: 77.61, Preservation: 91.86%
    DEBUG: Radiation impact: 0.10, Protection factor: 0.20, Radiation accuracy: 77.50, Preservation: 90.89%
    DEBUG: Radiation impact: 0.10, Protection factor: 0.20, Radiation accuracy: 78.62, Preservation: 91.63%
    DEBUG: Radiation impact: 0.10, Protection factor: 0.20, Radiation accuracy: 78.26, Preservation: 91.42%
    DEBUG: Radiation impact: 0.10, Protection factor: 0.20, Radiation accuracy: 79.06, Preservation: 92.75%
    DEBUG: Radiation impact: 0.10, Protection factor: 0.20, Radiation accuracy: 78.48, Preservation: 91.52%
    DEBUG: Radiation impact: 0.10, Protection factor: 0.20, Radiation accuracy: 77.80, Preservation: 91.09%
    DEBUG: Radiation impact: 0.10, Protection factor: 0.20, Radiation accuracy: 79.47, Preservation: 92.07%
    DEBUG: Radiation impact: 0.10, Protection factor: 0.20, Radiation accuracy: 78.23, Preservation: 91.57%
    DEBUG: Radiation impact: 0.10, Protection factor: 0.20, Radiation accuracy: 77.22, Preservation: 91.07%
Results: Baseline accuracy = 85.51 ± 0.54, Radiation accuracy = 78.68 ± 0.78, Preservation = 92.01 ± 0.67%
Results: Baseline accuracy = 85.51% ± 0.54%, Radiation accuracy = 78.68% ± 0.78%, Preservation = 92.01% ± 0.67%
Testing configuration:
Architecture: 2-256-2-
Dropout: 0.40
Residual: Yes
Protection: 1
    DEBUG: Radiation impact: 0.10, Protection factor: 0.20, Radiation accuracy: 76.24, Preservation: 91.92%
    DEBUG: Radiation impact: 0.10, Protection factor: 0.20, Radiation accuracy: 75.87, Preservation: 91.50%
    DEBUG: Radiation impact: 0.10, Protection factor: 0.20, Radiation accuracy: 75.99, Preservation: 91.32%
    DEBUG: Radiation impact: 0.10, Protection factor: 0.20, Radiation accuracy: 76.32, Preservation: 92.12%
    DEBUG: Radiation impact: 0.10, Protection factor: 0.20, Radiation accuracy: 75.05, Preservation: 90.82%
    DEBUG: Radiation impact: 0.10, Protection factor: 0.20, Radiation accuracy: 77.21, Preservation: 92.51%
    DEBUG: Radiation impact: 0.10, Protection factor: 0.20, Radiation accuracy: 75.63, Preservation: 91.04%
    DEBUG: Radiation impact: 0.10, Protection factor: 0.20, Radiation accuracy: 76.54, Preservation: 92.01%
    DEBUG: Radiation impact: 0.10, Protection factor: 0.20, Radiation accuracy: 75.98, Preservation: 91.80%
    DEBUG: Radiation impact: 0.10, Protection factor: 0.20, Radiation accuracy: 76.56, Preservation: 92.44%
    DEBUG: Radiation impact: 0.10, Protection factor: 0.20, Radiation accuracy: 75.24, Preservation: 91.11%
    DEBUG: Radiation impact: 0.10, Protection factor: 0.20, Radiation accuracy: 77.12, Preservation: 92.87%
    DEBUG: Radiation impact: 0.10, Protection factor: 0.20, Radiation accuracy: 76.10, Preservation: 92.18%
    DEBUG: Radiation impact: 0.10, Protection factor: 0.20, Radiation accuracy: 77.15, Preservation: 91.74%
    DEBUG: Radiation impact: 0.10, Protection factor: 0.20, Radiation accuracy: 76.82, Preservation: 92.92%
    DEBUG: Radiation impact: 0.10, Protection factor: 0.20, Radiation accuracy: 77.36, Preservation: 93.11%
    DEBUG: Radiation impact: 0.10, Protection factor: 0.20, Radiation accuracy: 75.95, Preservation: 90.93%
    DEBUG: Radiation impact: 0.10, Protection factor: 0.20, Radiation accuracy: 77.21, Preservation: 92.82%
    DEBUG: Radiation impact: 0.10, Protection factor: 0.20, Radiation accuracy: 77.51, Preservation: 91.82%
    DEBUG: Radiation impact: 0.10, Protection factor: 0.20, Radiation accuracy: 76.77, Preservation: 92.74%
    DEBUG: Radiation impact: 0.10, Protection factor: 0.20, Radiation accuracy: 76.93, Preservation: 92.65%
    DEBUG: Radiation impact: 0.10, Protection factor: 0.20, Radiation accuracy: 77.44, Preservation: 92.92%
    DEBUG: Radiation impact: 0.10, Protection factor: 0.20, Radiation accuracy: 77.85, Preservation: 92.96%
    DEBUG: Radiation impact: 0.10, Protection factor: 0.20, Radiation accuracy: 75.53, Preservation: 91.35%
    DEBUG: Radiation impact: 0.10, Protection factor: 0.20, Radiation accuracy: 77.30, Preservation: 92.23%
    DEBUG: Radiation impact: 0.10, Protection factor: 0.20, Radiation accuracy: 76.34, Preservation: 92.18%
    DEBUG: Radiation impact: 0.10, Protection factor: 0.20, Radiation accuracy: 78.41, Preservation: 92.96%
    DEBUG: Radiation impact: 0.10, Protection factor: 0.20, Radiation accuracy: 76.56, Preservation: 90.92%
    DEBUG: Radiation impact: 0.10, Protection factor: 0.20, Radiation accuracy: 78.27, Preservation: 93.10%
    DEBUG: Radiation impact: 0.10, Protection factor: 0.20, Radiation accuracy: 76.25, Preservation: 91.01%
    DEBUG: Radiation impact: 0.10, Protection factor: 0.20, Radiation accuracy: 76.13, Preservation: 91.39%
    DEBUG: Radiation impact: 0.10, Protection factor: 0.20, Radiation accuracy: 75.94, Preservation: 91.20%
    DEBUG: Radiation impact: 0.10, Protection factor: 0.20, Radiation accuracy: 77.01, Preservation: 92.52%
    DEBUG: Radiation impact: 0.10, Protection factor: 0.20, Radiation accuracy: 76.79, Preservation: 91.97%
    DEBUG: Radiation impact: 0.10, Protection factor: 0.20, Radiation accuracy: 75.68, Preservation: 91.53%
    DEBUG: Radiation impact: 0.10, Protection factor: 0.20, Radiation accuracy: 77.57, Preservation: 92.52%
    DEBUG: Radiation impact: 0.10, Protection factor: 0.20, Radiation accuracy: 76.96, Preservation: 91.54%
    DEBUG: Radiation impact: 0.10, Protection factor: 0.20, Radiation accuracy: 76.60, Preservation: 91.66%
    DEBUG: Radiation impact: 0.10, Protection factor: 0.20, Radiation accuracy: 77.79, Preservation: 93.17%
    DEBUG: Radiation impact: 0.10, Protection factor: 0.20, Radiation accuracy: 77.31, Preservation: 92.77%
    DEBUG: Radiation impact: 0.10, Protection factor: 0.20, Radiation accuracy: 76.52, Preservation: 91.79%
    DEBUG: Radiation impact: 0.10, Protection factor: 0.20, Radiation accuracy: 77.21, Preservation: 92.46%
    DEBUG: Radiation impact: 0.10, Protection factor: 0.20, Radiation accuracy: 76.91, Preservation: 92.87%
    DEBUG: Radiation impact: 0.10, Protection factor: 0.20, Radiation accuracy: 77.32, Preservation: 92.03%
    DEBUG: Radiation impact: 0.10, Protection factor: 0.20, Radiation accuracy: 77.02, Preservation: 91.77%
    DEBUG: Radiation impact: 0.10, Protection factor: 0.20, Radiation accuracy: 76.37, Preservation: 91.50%
    DEBUG: Radiation impact: 0.10, Protection factor: 0.20, Radiation accuracy: 75.37, Preservation: 91.35%
    DEBUG: Radiation impact: 0.10, Protection factor: 0.20, Radiation accuracy: 77.05, Preservation: 92.72%
    DEBUG: Radiation impact: 0.10, Protection factor: 0.20, Radiation accuracy: 77.31, Preservation: 91.50%
    DEBUG: Radiation impact: 0.10, Protection factor: 0.20, Radiation accuracy: 76.35, Preservation: 92.52%
Results: Baseline accuracy = 83.31 ± 0.54, Radiation accuracy = 76.69 ± 0.75, Preservation = 92.06 ± 0.68%
Results: Baseline accuracy = 83.31% ± 0.54%, Radiation accuracy = 76.69% ± 0.75%, Preservation = 92.06% ± 0.68%
Testing configuration:
Architecture: 2-64-2-
Dropout: 0.30
Residual: Yes
Protection: 3
    DEBUG: Radiation impact: 0.10, Protection factor: 0.80, Radiation accuracy: 83.68, Preservation: 98.92%
    DEBUG: Radiation impact: 0.10, Protection factor: 0.80, Radiation accuracy: 83.15, Preservation: 99.02%
    DEBUG: Radiation impact: 0.10, Protection factor: 0.80, Radiation accuracy: 82.87, Preservation: 98.57%
    DEBUG: Radiation impact: 0.10, Protection factor: 0.80, Radiation accuracy: 81.25, Preservation: 97.10%
    DEBUG: Radiation impact: 0.10, Protection factor: 0.80, Radiation accuracy: 82.68, Preservation: 97.22%
    DEBUG: Radiation impact: 0.10, Protection factor: 0.80, Radiation accuracy: 83.09, Preservation: 98.06%
    DEBUG: Radiation impact: 0.10, Protection factor: 0.80, Radiation accuracy: 82.18, Preservation: 98.14%
    DEBUG: Radiation impact: 0.10, Protection factor: 0.80, Radiation accuracy: 83.39, Preservation: 98.89%
    DEBUG: Radiation impact: 0.10, Protection factor: 0.80, Radiation accuracy: 82.78, Preservation: 98.30%
    DEBUG: Radiation impact: 0.10, Protection factor: 0.80, Radiation accuracy: 83.52, Preservation: 98.42%
    DEBUG: Radiation impact: 0.10, Protection factor: 0.80, Radiation accuracy: 81.92, Preservation: 97.76%
    DEBUG: Radiation impact: 0.10, Protection factor: 0.80, Radiation accuracy: 82.82, Preservation: 98.24%
    DEBUG: Radiation impact: 0.10, Protection factor: 0.80, Radiation accuracy: 81.88, Preservation: 98.43%
    DEBUG: Radiation impact: 0.10, Protection factor: 0.80, Radiation accuracy: 83.13, Preservation: 98.97%
    DEBUG: Radiation impact: 0.10, Protection factor: 0.80, Radiation accuracy: 82.28, Preservation: 98.04%
    DEBUG: Radiation impact: 0.10, Protection factor: 0.80, Radiation accuracy: 82.79, Preservation: 98.96%
    DEBUG: Radiation impact: 0.10, Protection factor: 0.80, Radiation accuracy: 81.86, Preservation: 98.00%
    DEBUG: Radiation impact: 0.10, Protection factor: 0.80, Radiation accuracy: 81.66, Preservation: 97.49%
    DEBUG: Radiation impact: 0.10, Protection factor: 0.80, Radiation accuracy: 82.03, Preservation: 97.60%
    DEBUG: Radiation impact: 0.10, Protection factor: 0.80, Radiation accuracy: 82.72, Preservation: 97.99%
    DEBUG: Radiation impact: 0.10, Protection factor: 0.80, Radiation accuracy: 81.89, Preservation: 97.14%
    DEBUG: Radiation impact: 0.10, Protection factor: 0.80, Radiation accuracy: 82.28, Preservation: 97.81%
    DEBUG: Radiation impact: 0.10, Protection factor: 0.80, Radiation accuracy: 83.40, Preservation: 98.06%
    DEBUG: Radiation impact: 0.10, Protection factor: 0.80, Radiation accuracy: 82.45, Preservation: 99.16%
    DEBUG: Radiation impact: 0.10, Protection factor: 0.80, Radiation accuracy: 82.55, Preservation: 97.43%
    DEBUG: Radiation impact: 0.10, Protection factor: 0.80, Radiation accuracy: 81.80, Preservation: 97.46%
    DEBUG: Radiation impact: 0.10, Protection factor: 0.80, Radiation accuracy: 83.10, Preservation: 97.64%
    DEBUG: Radiation impact: 0.10, Protection factor: 0.80, Radiation accuracy: 82.71, Preservation: 97.81%
    DEBUG: Radiation impact: 0.10, Protection factor: 0.80, Radiation accuracy: 82.73, Preservation: 97.19%
    DEBUG: Radiation impact: 0.10, Protection factor: 0.80, Radiation accuracy: 82.61, Preservation: 97.24%
    DEBUG: Radiation impact: 0.10, Protection factor: 0.80, Radiation accuracy: 82.90, Preservation: 98.98%
    DEBUG: Radiation impact: 0.10, Protection factor: 0.80, Radiation accuracy: 82.76, Preservation: 98.28%
    DEBUG: Radiation impact: 0.10, Protection factor: 0.80, Radiation accuracy: 82.35, Preservation: 98.15%
    DEBUG: Radiation impact: 0.10, Protection factor: 0.80, Radiation accuracy: 81.61, Preservation: 97.13%
    DEBUG: Radiation impact: 0.10, Protection factor: 0.80, Radiation accuracy: 80.88, Preservation: 97.21%
    DEBUG: Radiation impact: 0.10, Protection factor: 0.80, Radiation accuracy: 83.58, Preservation: 98.29%
    DEBUG: Radiation impact: 0.10, Protection factor: 0.80, Radiation accuracy: 83.07, Preservation: 97.76%
    DEBUG: Radiation impact: 0.10, Protection factor: 0.80, Radiation accuracy: 81.79, Preservation: 97.64%
    DEBUG: Radiation impact: 0.10, Protection factor: 0.80, Radiation accuracy: 82.65, Preservation: 99.18%
    DEBUG: Radiation impact: 0.10, Protection factor: 0.80, Radiation accuracy: 81.92, Preservation: 97.71%
    DEBUG: Radiation impact: 0.10, Protection factor: 0.80, Radiation accuracy: 80.56, Preservation: 96.80%
    DEBUG: Radiation impact: 0.10, Protection factor: 0.80, Radiation accuracy: 83.78, Preservation: 98.82%
    DEBUG: Radiation impact: 0.10, Protection factor: 0.80, Radiation accuracy: 81.70, Preservation: 96.93%
    DEBUG: Radiation impact: 0.10, Protection factor: 0.80, Radiation accuracy: 80.88, Preservation: 96.81%
    DEBUG: Radiation impact: 0.10, Protection factor: 0.80, Radiation accuracy: 81.59, Preservation: 97.17%
    DEBUG: Radiation impact: 0.10, Protection factor: 0.80, Radiation accuracy: 82.29, Preservation: 96.91%
    DEBUG: Radiation impact: 0.10, Protection factor: 0.80, Radiation accuracy: 82.45, Preservation: 99.18%
    DEBUG: Radiation impact: 0.10, Protection factor: 0.80, Radiation accuracy: 82.65, Preservation: 98.95%
    DEBUG: Radiation impact: 0.10, Protection factor: 0.80, Radiation accuracy: 81.63, Preservation: 97.10%
    DEBUG: Radiation impact: 0.10, Protection factor: 0.80, Radiation accuracy: 82.41, Preservation: 98.77%
Results: Baseline accuracy = 84.12 ± 0.58, Radiation accuracy = 82.41 ± 0.73, Preservation = 97.98 ± 0.72%
Results: Baseline accuracy = 84.12% ± 0.58%, Radiation accuracy = 82.41% ± 0.73%, Preservation = 97.98% ± 0.72%
Testing configuration:
Architecture: 2-256-256-512-2-
Dropout: 0.60
Residual: No
Protection: 2
    DEBUG: Radiation impact: 0.10, Protection factor: 0.60, Radiation accuracy: 78.74, Preservation: 96.14%
    DEBUG: Radiation impact: 0.10, Protection factor: 0.60, Radiation accuracy: 79.28, Preservation: 96.64%
    DEBUG: Radiation impact: 0.10, Protection factor: 0.60, Radiation accuracy: 79.19, Preservation: 97.13%
    DEBUG: Radiation impact: 0.10, Protection factor: 0.60, Radiation accuracy: 78.37, Preservation: 96.01%
    DEBUG: Radiation impact: 0.10, Protection factor: 0.60, Radiation accuracy: 80.36, Preservation: 96.75%
    DEBUG: Radiation impact: 0.10, Protection factor: 0.60, Radiation accuracy: 78.77, Preservation: 96.58%
    DEBUG: Radiation impact: 0.10, Protection factor: 0.60, Radiation accuracy: 79.21, Preservation: 95.37%
    DEBUG: Radiation impact: 0.10, Protection factor: 0.60, Radiation accuracy: 78.64, Preservation: 95.80%
    DEBUG: Radiation impact: 0.10, Protection factor: 0.60, Radiation accuracy: 79.03, Preservation: 96.70%
    DEBUG: Radiation impact: 0.10, Protection factor: 0.60, Radiation accuracy: 77.68, Preservation: 95.26%
    DEBUG: Radiation impact: 0.10, Protection factor: 0.60, Radiation accuracy: 77.59, Preservation: 94.99%
    DEBUG: Radiation impact: 0.10, Protection factor: 0.60, Radiation accuracy: 78.06, Preservation: 95.31%
    DEBUG: Radiation impact: 0.10, Protection factor: 0.60, Radiation accuracy: 77.95, Preservation: 94.84%
    DEBUG: Radiation impact: 0.10, Protection factor: 0.60, Radiation accuracy: 80.34, Preservation: 97.12%
    DEBUG: Radiation impact: 0.10, Protection factor: 0.60, Radiation accuracy: 79.14, Preservation: 95.69%
    DEBUG: Radiation impact: 0.10, Protection factor: 0.60, Radiation accuracy: 79.23, Preservation: 96.51%
    DEBUG: Radiation impact: 0.10, Protection factor: 0.60, Radiation accuracy: 79.92, Preservation: 96.85%
    DEBUG: Radiation impact: 0.10, Protection factor: 0.60, Radiation accuracy: 79.93, Preservation: 96.80%
    DEBUG: Radiation impact: 0.10, Protection factor: 0.60, Radiation accuracy: 78.77, Preservation: 95.27%
    DEBUG: Radiation impact: 0.10, Protection factor: 0.60, Radiation accuracy: 78.85, Preservation: 95.36%
    DEBUG: Radiation impact: 0.10, Protection factor: 0.60, Radiation accuracy: 78.38, Preservation: 95.18%
    DEBUG: Radiation impact: 0.10, Protection factor: 0.60, Radiation accuracy: 77.80, Preservation: 95.25%
    DEBUG: Radiation impact: 0.10, Protection factor: 0.60, Radiation accuracy: 79.91, Preservation: 96.49%
    DEBUG: Radiation impact: 0.10, Protection factor: 0.60, Radiation accuracy: 79.67, Preservation: 96.48%
    DEBUG: Radiation impact: 0.10, Protection factor: 0.60, Radiation accuracy: 79.37, Preservation: 95.64%
    DEBUG: Radiation impact: 0.10, Protection factor: 0.60, Radiation accuracy: 78.83, Preservation: 95.66%
    DEBUG: Radiation impact: 0.10, Protection factor: 0.60, Radiation accuracy: 80.36, Preservation: 96.81%
    DEBUG: Radiation impact: 0.10, Protection factor: 0.60, Radiation accuracy: 79.07, Preservation: 96.11%
    DEBUG: Radiation impact: 0.10, Protection factor: 0.60, Radiation accuracy: 78.23, Preservation: 95.17%
    DEBUG: Radiation impact: 0.10, Protection factor: 0.60, Radiation accuracy: 80.80, Preservation: 97.03%
    DEBUG: Radiation impact: 0.10, Protection factor: 0.60, Radiation accuracy: 80.34, Preservation: 96.63%
    DEBUG: Radiation impact: 0.10, Protection factor: 0.60, Radiation accuracy: 78.52, Preservation: 95.96%
    DEBUG: Radiation impact: 0.10, Protection factor: 0.60, Radiation accuracy: 78.63, Preservation: 95.10%
    DEBUG: Radiation impact: 0.10, Protection factor: 0.60, Radiation accuracy: 80.23, Preservation: 96.94%
    DEBUG: Radiation impact: 0.10, Protection factor: 0.60, Radiation accuracy: 79.09, Preservation: 95.15%
    DEBUG: Radiation impact: 0.10, Protection factor: 0.60, Radiation accuracy: 78.65, Preservation: 95.10%
    DEBUG: Radiation impact: 0.10, Protection factor: 0.60, Radiation accuracy: 80.42, Preservation: 96.99%
    DEBUG: Radiation impact: 0.10, Protection factor: 0.60, Radiation accuracy: 79.21, Preservation: 96.43%
    DEBUG: Radiation impact: 0.10, Protection factor: 0.60, Radiation accuracy: 79.21, Preservation: 95.66%
    DEBUG: Radiation impact: 0.10, Protection factor: 0.60, Radiation accuracy: 78.09, Preservation: 95.23%
    DEBUG: Radiation impact: 0.10, Protection factor: 0.60, Radiation accuracy: 79.23, Preservation: 95.54%
    DEBUG: Radiation impact: 0.10, Protection factor: 0.60, Radiation accuracy: 79.46, Preservation: 95.70%
    DEBUG: Radiation impact: 0.10, Protection factor: 0.60, Radiation accuracy: 79.50, Preservation: 95.83%
    DEBUG: Radiation impact: 0.10, Protection factor: 0.60, Radiation accuracy: 79.62, Preservation: 96.81%
    DEBUG: Radiation impact: 0.10, Protection factor: 0.60, Radiation accuracy: 78.25, Preservation: 95.21%
    DEBUG: Radiation impact: 0.10, Protection factor: 0.60, Radiation accuracy: 79.48, Preservation: 96.13%
    DEBUG: Radiation impact: 0.10, Protection factor: 0.60, Radiation accuracy: 79.38, Preservation: 95.89%
    DEBUG: Radiation impact: 0.10, Protection factor: 0.60, Radiation accuracy: 79.02, Preservation: 96.92%
    DEBUG: Radiation impact: 0.10, Protection factor: 0.60, Radiation accuracy: 78.74, Preservation: 95.75%
    DEBUG: Radiation impact: 0.10, Protection factor: 0.60, Radiation accuracy: 79.13, Preservation: 95.30%
Results: Baseline accuracy = 82.42 ± 0.51, Radiation accuracy = 79.11 ± 0.76, Preservation = 95.98 ± 0.69%
Results: Baseline accuracy = 82.42% ± 0.51%, Radiation accuracy = 79.11% ± 0.76%, Preservation = 95.98% ± 0.69%
Testing configuration:
Architecture: 2-32-256-2-
Dropout: 0.40
Residual: Yes
Protection: 3
    DEBUG: Radiation impact: 0.10, Protection factor: 0.80, Radiation accuracy: 84.08, Preservation: 97.48%
    DEBUG: Radiation impact: 0.10, Protection factor: 0.80, Radiation accuracy: 84.41, Preservation: 97.83%
    DEBUG: Radiation impact: 0.10, Protection factor: 0.80, Radiation accuracy: 84.72, Preservation: 97.41%
    DEBUG: Radiation impact: 0.10, Protection factor: 0.80, Radiation accuracy: 84.58, Preservation: 98.16%
    DEBUG: Radiation impact: 0.10, Protection factor: 0.80, Radiation accuracy: 83.90, Preservation: 98.13%
    DEBUG: Radiation impact: 0.10, Protection factor: 0.80, Radiation accuracy: 85.95, Preservation: 99.15%
    DEBUG: Radiation impact: 0.10, Protection factor: 0.80, Radiation accuracy: 85.49, Preservation: 98.82%
    DEBUG: Radiation impact: 0.10, Protection factor: 0.80, Radiation accuracy: 85.76, Preservation: 98.61%
    DEBUG: Radiation impact: 0.10, Protection factor: 0.80, Radiation accuracy: 83.54, Preservation: 97.09%
    DEBUG: Radiation impact: 0.10, Protection factor: 0.80, Radiation accuracy: 84.13, Preservation: 97.53%
    DEBUG: Radiation impact: 0.10, Protection factor: 0.80, Radiation accuracy: 84.48, Preservation: 98.33%
    DEBUG: Radiation impact: 0.10, Protection factor: 0.80, Radiation accuracy: 85.73, Preservation: 98.83%
    DEBUG: Radiation impact: 0.10, Protection factor: 0.80, Radiation accuracy: 84.15, Preservation: 97.12%
    DEBUG: Radiation impact: 0.10, Protection factor: 0.80, Radiation accuracy: 83.97, Preservation: 97.86%
    DEBUG: Radiation impact: 0.10, Protection factor: 0.80, Radiation accuracy: 85.06, Preservation: 98.17%
    DEBUG: Radiation impact: 0.10, Protection factor: 0.80, Radiation accuracy: 85.77, Preservation: 98.93%
    DEBUG: Radiation impact: 0.10, Protection factor: 0.80, Radiation accuracy: 85.28, Preservation: 98.12%
    DEBUG: Radiation impact: 0.10, Protection factor: 0.80, Radiation accuracy: 84.66, Preservation: 97.97%
    DEBUG: Radiation impact: 0.10, Protection factor: 0.80, Radiation accuracy: 83.92, Preservation: 98.39%
    DEBUG: Radiation impact: 0.10, Protection factor: 0.80, Radiation accuracy: 84.13, Preservation: 97.86%
    DEBUG: Radiation impact: 0.10, Protection factor: 0.80, Radiation accuracy: 83.23, Preservation: 97.86%
    DEBUG: Radiation impact: 0.10, Protection factor: 0.80, Radiation accuracy: 85.72, Preservation: 99.14%
    DEBUG: Radiation impact: 0.10, Protection factor: 0.80, Radiation accuracy: 85.80, Preservation: 98.92%
    DEBUG: Radiation impact: 0.10, Protection factor: 0.80, Radiation accuracy: 83.56, Preservation: 97.96%
    DEBUG: Radiation impact: 0.10, Protection factor: 0.80, Radiation accuracy: 83.34, Preservation: 97.24%
    DEBUG: Radiation impact: 0.10, Protection factor: 0.80, Radiation accuracy: 85.64, Preservation: 98.67%
    DEBUG: Radiation impact: 0.10, Protection factor: 0.80, Radiation accuracy: 84.61, Preservation: 98.46%
    DEBUG: Radiation impact: 0.10, Protection factor: 0.80, Radiation accuracy: 84.31, Preservation: 98.94%
    DEBUG: Radiation impact: 0.10, Protection factor: 0.80, Radiation accuracy: 82.95, Preservation: 96.94%
    DEBUG: Radiation impact: 0.10, Protection factor: 0.80, Radiation accuracy: 83.81, Preservation: 98.40%
    DEBUG: Radiation impact: 0.10, Protection factor: 0.80, Radiation accuracy: 84.32, Preservation: 98.34%
    DEBUG: Radiation impact: 0.10, Protection factor: 0.80, Radiation accuracy: 84.75, Preservation: 98.49%
    DEBUG: Radiation impact: 0.10, Protection factor: 0.80, Radiation accuracy: 84.58, Preservation: 98.90%
    DEBUG: Radiation impact: 0.10, Protection factor: 0.80, Radiation accuracy: 83.60, Preservation: 98.28%
    DEBUG: Radiation impact: 0.10, Protection factor: 0.80, Radiation accuracy: 84.50, Preservation: 99.05%
    DEBUG: Radiation impact: 0.10, Protection factor: 0.80, Radiation accuracy: 82.62, Preservation: 97.13%
    DEBUG: Radiation impact: 0.10, Protection factor: 0.80, Radiation accuracy: 83.94, Preservation: 97.22%
    DEBUG: Radiation impact: 0.10, Protection factor: 0.80, Radiation accuracy: 83.55, Preservation: 97.81%
    DEBUG: Radiation impact: 0.10, Protection factor: 0.80, Radiation accuracy: 82.42, Preservation: 96.86%
    DEBUG: Radiation impact: 0.10, Protection factor: 0.80, Radiation accuracy: 84.20, Preservation: 98.93%
    DEBUG: Radiation impact: 0.10, Protection factor: 0.80, Radiation accuracy: 83.85, Preservation: 98.63%
    DEBUG: Radiation impact: 0.10, Protection factor: 0.80, Radiation accuracy: 82.82, Preservation: 97.02%
    DEBUG: Radiation impact: 0.10, Protection factor: 0.80, Radiation accuracy: 85.08, Preservation: 99.08%
    DEBUG: Radiation impact: 0.10, Protection factor: 0.80, Radiation accuracy: 82.98, Preservation: 97.10%
    DEBUG: Radiation impact: 0.10, Protection factor: 0.80, Radiation accuracy: 85.91, Preservation: 98.90%
    DEBUG: Radiation impact: 0.10, Protection factor: 0.80, Radiation accuracy: 85.20, Preservation: 98.99%
    DEBUG: Radiation impact: 0.10, Protection factor: 0.80, Radiation accuracy: 83.44, Preservation: 97.53%
    DEBUG: Radiation impact: 0.10, Protection factor: 0.80, Radiation accuracy: 84.53, Preservation: 98.19%
    DEBUG: Radiation impact: 0.10, Protection factor: 0.80, Radiation accuracy: 84.14, Preservation: 98.71%
    DEBUG: Radiation impact: 0.10, Protection factor: 0.80, Radiation accuracy: 84.75, Preservation: 98.45%
Results: Baseline accuracy = 85.94 ± 0.61, Radiation accuracy = 84.36 ± 0.91, Preservation = 98.16 ± 0.68%
Results: Baseline accuracy = 85.94% ± 0.61%, Radiation accuracy = 84.36% ± 0.91%, Preservation = 98.16% ± 0.68%
Testing configuration:
Architecture: 2-64-256-2-
Dropout: 0.40
Residual: No
Protection: 1
    DEBUG: Radiation impact: 0.10, Protection factor: 0.20, Radiation accuracy: 76.65, Preservation: 91.02%
    DEBUG: Radiation impact: 0.10, Protection factor: 0.20, Radiation accuracy: 78.54, Preservation: 92.34%
    DEBUG: Radiation impact: 0.10, Protection factor: 0.20, Radiation accuracy: 78.53, Preservation: 93.06%
    DEBUG: Radiation impact: 0.10, Protection factor: 0.20, Radiation accuracy: 77.54, Preservation: 92.26%
    DEBUG: Radiation impact: 0.10, Protection factor: 0.20, Radiation accuracy: 77.06, Preservation: 92.35%
    DEBUG: Radiation impact: 0.10, Protection factor: 0.20, Radiation accuracy: 77.75, Preservation: 91.69%
    DEBUG: Radiation impact: 0.10, Protection factor: 0.20, Radiation accuracy: 77.40, Preservation: 91.33%
    DEBUG: Radiation impact: 0.10, Protection factor: 0.20, Radiation accuracy: 77.19, Preservation: 91.03%
    DEBUG: Radiation impact: 0.10, Protection factor: 0.20, Radiation accuracy: 77.59, Preservation: 91.75%
    DEBUG: Radiation impact: 0.10, Protection factor: 0.20, Radiation accuracy: 78.52, Preservation: 92.34%
    DEBUG: Radiation impact: 0.10, Protection factor: 0.20, Radiation accuracy: 77.37, Preservation: 92.80%
    DEBUG: Radiation impact: 0.10, Protection factor: 0.20, Radiation accuracy: 76.55, Preservation: 90.86%
    DEBUG: Radiation impact: 0.10, Protection factor: 0.20, Radiation accuracy: 77.46, Preservation: 91.44%
    DEBUG: Radiation impact: 0.10, Protection factor: 0.20, Radiation accuracy: 77.99, Preservation: 92.10%
    DEBUG: Radiation impact: 0.10, Protection factor: 0.20, Radiation accuracy: 78.17, Preservation: 91.87%
    DEBUG: Radiation impact: 0.10, Protection factor: 0.20, Radiation accuracy: 77.43, Preservation: 92.74%
    DEBUG: Radiation impact: 0.10, Protection factor: 0.20, Radiation accuracy: 77.79, Preservation: 92.69%
    DEBUG: Radiation impact: 0.10, Protection factor: 0.20, Radiation accuracy: 78.21, Preservation: 92.15%
    DEBUG: Radiation impact: 0.10, Protection factor: 0.20, Radiation accuracy: 78.16, Preservation: 92.50%
    DEBUG: Radiation impact: 0.10, Protection factor: 0.20, Radiation accuracy: 78.00, Preservation: 92.81%
    DEBUG: Radiation impact: 0.10, Protection factor: 0.20, Radiation accuracy: 76.89, Preservation: 92.44%
    DEBUG: Radiation impact: 0.10, Protection factor: 0.20, Radiation accuracy: 77.24, Preservation: 90.96%
    DEBUG: Radiation impact: 0.10, Protection factor: 0.20, Radiation accuracy: 77.54, Preservation: 91.57%
    DEBUG: Radiation impact: 0.10, Protection factor: 0.20, Radiation accuracy: 78.39, Preservation: 92.86%
    DEBUG: Radiation impact: 0.10, Protection factor: 0.20, Radiation accuracy: 77.75, Preservation: 92.29%
    DEBUG: Radiation impact: 0.10, Protection factor: 0.20, Radiation accuracy: 77.34, Preservation: 91.96%
    DEBUG: Radiation impact: 0.10, Protection factor: 0.20, Radiation accuracy: 79.03, Preservation: 92.94%
    DEBUG: Radiation impact: 0.10, Protection factor: 0.20, Radiation accuracy: 76.86, Preservation: 91.55%
    DEBUG: Radiation impact: 0.10, Protection factor: 0.20, Radiation accuracy: 77.57, Preservation: 92.66%
    DEBUG: Radiation impact: 0.10, Protection factor: 0.20, Radiation accuracy: 77.94, Preservation: 91.86%
    DEBUG: Radiation impact: 0.10, Protection factor: 0.20, Radiation accuracy: 77.38, Preservation: 91.94%
    DEBUG: Radiation impact: 0.10, Protection factor: 0.20, Radiation accuracy: 76.56, Preservation: 91.86%
    DEBUG: Radiation impact: 0.10, Protection factor: 0.20, Radiation accuracy: 77.47, Preservation: 91.19%
    DEBUG: Radiation impact: 0.10, Protection factor: 0.20, Radiation accuracy: 78.63, Preservation: 92.64%
    DEBUG: Radiation impact: 0.10, Protection factor: 0.20, Radiation accuracy: 77.74, Preservation: 92.08%
    DEBUG: Radiation impact: 0.10, Protection factor: 0.20, Radiation accuracy: 76.34, Preservation: 91.70%
    DEBUG: Radiation impact: 0.10, Protection factor: 0.20, Radiation accuracy: 78.02, Preservation: 92.88%
    DEBUG: Radiation impact: 0.10, Protection factor: 0.20, Radiation accuracy: 78.49, Preservation: 92.42%
    DEBUG: Radiation impact: 0.10, Protection factor: 0.20, Radiation accuracy: 77.53, Preservation: 91.79%
    DEBUG: Radiation impact: 0.10, Protection factor: 0.20, Radiation accuracy: 77.92, Preservation: 92.36%
    DEBUG: Radiation impact: 0.10, Protection factor: 0.20, Radiation accuracy: 76.21, Preservation: 91.55%
    DEBUG: Radiation impact: 0.10, Protection factor: 0.20, Radiation accuracy: 78.30, Preservation: 92.36%
    DEBUG: Radiation impact: 0.10, Protection factor: 0.20, Radiation accuracy: 76.62, Preservation: 92.17%
    DEBUG: Radiation impact: 0.10, Protection factor: 0.20, Radiation accuracy: 78.67, Preservation: 93.05%
    DEBUG: Radiation impact: 0.10, Protection factor: 0.20, Radiation accuracy: 77.37, Preservation: 93.04%
    DEBUG: Radiation impact: 0.10, Protection factor: 0.20, Radiation accuracy: 76.89, Preservation: 91.04%
    DEBUG: Radiation impact: 0.10, Protection factor: 0.20, Radiation accuracy: 78.14, Preservation: 92.00%
    DEBUG: Radiation impact: 0.10, Protection factor: 0.20, Radiation accuracy: 76.82, Preservation: 90.90%
    DEBUG: Radiation impact: 0.10, Protection factor: 0.20, Radiation accuracy: 76.20, Preservation: 91.17%
    DEBUG: Radiation impact: 0.10, Protection factor: 0.20, Radiation accuracy: 77.88, Preservation: 92.96%
Results: Baseline accuracy = 84.28 ± 0.59, Radiation accuracy = 77.59 ± 0.69, Preservation = 92.07 ± 0.64%
Results: Baseline accuracy = 84.28% ± 0.59%, Radiation accuracy = 77.59% ± 0.69%, Preservation = 92.07% ± 0.64%
Testing configuration:
Architecture: 2-256-64-2-
Dropout: 0.40
Residual: Yes
Protection: 3
    DEBUG: Radiation impact: 0.10, Protection factor: 0.80, Radiation accuracy: 85.48, Preservation: 98.78%
    DEBUG: Radiation impact: 0.10, Protection factor: 0.80, Radiation accuracy: 83.56, Preservation: 97.17%
    DEBUG: Radiation impact: 0.10, Protection factor: 0.80, Radiation accuracy: 84.99, Preservation: 98.90%
    DEBUG: Radiation impact: 0.10, Protection factor: 0.80, Radiation accuracy: 84.87, Preservation: 99.07%
    DEBUG: Radiation impact: 0.10, Protection factor: 0.80, Radiation accuracy: 83.99, Preservation: 97.44%
    DEBUG: Radiation impact: 0.10, Protection factor: 0.80, Radiation accuracy: 84.26, Preservation: 97.17%
    DEBUG: Radiation impact: 0.10, Protection factor: 0.80, Radiation accuracy: 84.89, Preservation: 97.57%
    DEBUG: Radiation impact: 0.10, Protection factor: 0.80, Radiation accuracy: 83.88, Preservation: 98.16%
    DEBUG: Radiation impact: 0.10, Protection factor: 0.80, Radiation accuracy: 84.15, Preservation: 98.65%
    DEBUG: Radiation impact: 0.10, Protection factor: 0.80, Radiation accuracy: 83.93, Preservation: 98.06%
    DEBUG: Radiation impact: 0.10, Protection factor: 0.80, Radiation accuracy: 85.37, Preservation: 98.61%
    DEBUG: Radiation impact: 0.10, Protection factor: 0.80, Radiation accuracy: 84.13, Preservation: 98.56%
    DEBUG: Radiation impact: 0.10, Protection factor: 0.80, Radiation accuracy: 84.87, Preservation: 97.66%
    DEBUG: Radiation impact: 0.10, Protection factor: 0.80, Radiation accuracy: 83.38, Preservation: 97.65%
    DEBUG: Radiation impact: 0.10, Protection factor: 0.80, Radiation accuracy: 83.72, Preservation: 96.94%
    DEBUG: Radiation impact: 0.10, Protection factor: 0.80, Radiation accuracy: 82.96, Preservation: 97.29%
    DEBUG: Radiation impact: 0.10, Protection factor: 0.80, Radiation accuracy: 84.14, Preservation: 98.22%
    DEBUG: Radiation impact: 0.10, Protection factor: 0.80, Radiation accuracy: 84.67, Preservation: 98.16%
    DEBUG: Radiation impact: 0.10, Protection factor: 0.80, Radiation accuracy: 83.04, Preservation: 97.48%
    DEBUG: Radiation impact: 0.10, Protection factor: 0.80, Radiation accuracy: 85.24, Preservation: 98.98%
    DEBUG: Radiation impact: 0.10, Protection factor: 0.80, Radiation accuracy: 84.27, Preservation: 98.82%
    DEBUG: Radiation impact: 0.10, Protection factor: 0.80, Radiation accuracy: 84.34, Preservation: 98.60%
    DEBUG: Radiation impact: 0.10, Protection factor: 0.80, Radiation accuracy: 84.44, Preservation: 98.15%
    DEBUG: Radiation impact: 0.10, Protection factor: 0.80, Radiation accuracy: 84.89, Preservation: 97.45%
    DEBUG: Radiation impact: 0.10, Protection factor: 0.80, Radiation accuracy: 82.82, Preservation: 96.99%
    DEBUG: Radiation impact: 0.10, Protection factor: 0.80, Radiation accuracy: 86.23, Preservation: 99.05%
    DEBUG: Radiation impact: 0.10, Protection factor: 0.80, Radiation accuracy: 84.60, Preservation: 98.22%
    DEBUG: Radiation impact: 0.10, Protection factor: 0.80, Radiation accuracy: 83.54, Preservation: 97.29%
    DEBUG: Radiation impact: 0.10, Protection factor: 0.80, Radiation accuracy: 84.56, Preservation: 97.73%
    DEBUG: Radiation impact: 0.10, Protection factor: 0.80, Radiation accuracy: 84.11, Preservation: 98.34%
    DEBUG: Radiation impact: 0.10, Protection factor: 0.80, Radiation accuracy: 83.93, Preservation: 97.91%
    DEBUG: Radiation impact: 0.10, Protection factor: 0.80, Radiation accuracy: 84.70, Preservation: 98.09%
    DEBUG: Radiation impact: 0.10, Protection factor: 0.80, Radiation accuracy: 83.76, Preservation: 97.73%
    DEBUG: Radiation impact: 0.10, Protection factor: 0.80, Radiation accuracy: 83.55, Preservation: 97.09%
    DEBUG: Radiation impact: 0.10, Protection factor: 0.80, Radiation accuracy: 84.20, Preservation: 98.15%
    DEBUG: Radiation impact: 0.10, Protection factor: 0.80, Radiation accuracy: 84.02, Preservation: 96.94%
    DEBUG: Radiation impact: 0.10, Protection factor: 0.80, Radiation accuracy: 83.96, Preservation: 98.55%
    DEBUG: Radiation impact: 0.10, Protection factor: 0.80, Radiation accuracy: 82.66, Preservation: 97.09%
    DEBUG: Radiation impact: 0.10, Protection factor: 0.80, Radiation accuracy: 84.26, Preservation: 96.98%
    DEBUG: Radiation impact: 0.10, Protection factor: 0.80, Radiation accuracy: 85.51, Preservation: 98.43%
    DEBUG: Radiation impact: 0.10, Protection factor: 0.80, Radiation accuracy: 83.40, Preservation: 97.64%
    DEBUG: Radiation impact: 0.10, Protection factor: 0.80, Radiation accuracy: 83.92, Preservation: 97.11%
    DEBUG: Radiation impact: 0.10, Protection factor: 0.80, Radiation accuracy: 85.37, Preservation: 98.51%
    DEBUG: Radiation impact: 0.10, Protection factor: 0.80, Radiation accuracy: 84.81, Preservation: 98.26%
    DEBUG: Radiation impact: 0.10, Protection factor: 0.80, Radiation accuracy: 84.71, Preservation: 97.63%
    DEBUG: Radiation impact: 0.10, Protection factor: 0.80, Radiation accuracy: 83.82, Preservation: 97.91%
    DEBUG: Radiation impact: 0.10, Protection factor: 0.80, Radiation accuracy: 83.11, Preservation: 97.42%
    DEBUG: Radiation impact: 0.10, Protection factor: 0.80, Radiation accuracy: 84.13, Preservation: 96.89%
    DEBUG: Radiation impact: 0.10, Protection factor: 0.80, Radiation accuracy: 83.69, Preservation: 97.04%
    DEBUG: Radiation impact: 0.10, Protection factor: 0.80, Radiation accuracy: 83.01, Preservation: 96.85%
Results: Baseline accuracy = 86.03 ± 0.58, Radiation accuracy = 84.20 ± 0.76, Preservation = 97.87 ± 0.66%
Results: Baseline accuracy = 86.03% ± 0.58%, Radiation accuracy = 84.20% ± 0.76%, Preservation = 97.87% ± 0.66%
Testing configuration:
Architecture: 2-256-32-2-
Dropout: 0.40
Residual: Yes
Protection: 4
    DEBUG: Radiation impact: 0.10, Protection factor: 0.85, Radiation accuracy: 84.22, Preservation: 98.38%
    DEBUG: Radiation impact: 0.10, Protection factor: 0.85, Radiation accuracy: 84.78, Preservation: 98.13%
    DEBUG: Radiation impact: 0.10, Protection factor: 0.85, Radiation accuracy: 84.94, Preservation: 97.68%
    DEBUG: Radiation impact: 0.10, Protection factor: 0.85, Radiation accuracy: 85.25, Preservation: 98.12%
    DEBUG: Radiation impact: 0.10, Protection factor: 0.85, Radiation accuracy: 84.35, Preservation: 97.75%
    DEBUG: Radiation impact: 0.10, Protection factor: 0.85, Radiation accuracy: 84.99, Preservation: 98.42%
    DEBUG: Radiation impact: 0.10, Protection factor: 0.85, Radiation accuracy: 85.89, Preservation: 99.22%
    DEBUG: Radiation impact: 0.10, Protection factor: 0.85, Radiation accuracy: 84.59, Preservation: 98.90%
    DEBUG: Radiation impact: 0.10, Protection factor: 0.85, Radiation accuracy: 84.49, Preservation: 98.43%
    DEBUG: Radiation impact: 0.10, Protection factor: 0.85, Radiation accuracy: 84.59, Preservation: 97.47%
    DEBUG: Radiation impact: 0.10, Protection factor: 0.85, Radiation accuracy: 85.37, Preservation: 98.15%
    DEBUG: Radiation impact: 0.10, Protection factor: 0.85, Radiation accuracy: 85.58, Preservation: 99.10%
    DEBUG: Radiation impact: 0.10, Protection factor: 0.85, Radiation accuracy: 84.53, Preservation: 98.22%
    DEBUG: Radiation impact: 0.10, Protection factor: 0.85, Radiation accuracy: 85.08, Preservation: 99.65%
    DEBUG: Radiation impact: 0.10, Protection factor: 0.85, Radiation accuracy: 84.53, Preservation: 98.48%
    DEBUG: Radiation impact: 0.10, Protection factor: 0.85, Radiation accuracy: 84.02, Preservation: 97.99%
    DEBUG: Radiation impact: 0.10, Protection factor: 0.85, Radiation accuracy: 85.16, Preservation: 97.96%
    DEBUG: Radiation impact: 0.10, Protection factor: 0.85, Radiation accuracy: 86.09, Preservation: 99.58%
    DEBUG: Radiation impact: 0.10, Protection factor: 0.85, Radiation accuracy: 84.26, Preservation: 98.77%
    DEBUG: Radiation impact: 0.10, Protection factor: 0.85, Radiation accuracy: 83.73, Preservation: 97.66%
    DEBUG: Radiation impact: 0.10, Protection factor: 0.85, Radiation accuracy: 83.92, Preservation: 97.36%
    DEBUG: Radiation impact: 0.10, Protection factor: 0.85, Radiation accuracy: 85.05, Preservation: 99.50%
    DEBUG: Radiation impact: 0.10, Protection factor: 0.85, Radiation accuracy: 84.39, Preservation: 98.42%
    DEBUG: Radiation impact: 0.10, Protection factor: 0.85, Radiation accuracy: 83.73, Preservation: 98.22%
    DEBUG: Radiation impact: 0.10, Protection factor: 0.85, Radiation accuracy: 84.33, Preservation: 98.38%
    DEBUG: Radiation impact: 0.10, Protection factor: 0.85, Radiation accuracy: 85.79, Preservation: 99.54%
    DEBUG: Radiation impact: 0.10, Protection factor: 0.85, Radiation accuracy: 84.98, Preservation: 98.39%
    DEBUG: Radiation impact: 0.10, Protection factor: 0.85, Radiation accuracy: 85.12, Preservation: 99.13%
    DEBUG: Radiation impact: 0.10, Protection factor: 0.85, Radiation accuracy: 86.05, Preservation: 99.17%
    DEBUG: Radiation impact: 0.10, Protection factor: 0.85, Radiation accuracy: 83.69, Preservation: 98.10%
    DEBUG: Radiation impact: 0.10, Protection factor: 0.85, Radiation accuracy: 84.29, Preservation: 98.35%
    DEBUG: Radiation impact: 0.10, Protection factor: 0.85, Radiation accuracy: 84.40, Preservation: 98.41%
    DEBUG: Radiation impact: 0.10, Protection factor: 0.85, Radiation accuracy: 84.40, Preservation: 97.95%
    DEBUG: Radiation impact: 0.10, Protection factor: 0.85, Radiation accuracy: 85.03, Preservation: 99.00%
    DEBUG: Radiation impact: 0.10, Protection factor: 0.85, Radiation accuracy: 84.72, Preservation: 98.07%
    DEBUG: Radiation impact: 0.10, Protection factor: 0.85, Radiation accuracy: 84.20, Preservation: 98.64%
    DEBUG: Radiation impact: 0.10, Protection factor: 0.85, Radiation accuracy: 85.21, Preservation: 99.01%
    DEBUG: Radiation impact: 0.10, Protection factor: 0.85, Radiation accuracy: 83.71, Preservation: 97.57%
    DEBUG: Radiation impact: 0.10, Protection factor: 0.85, Radiation accuracy: 85.96, Preservation: 98.85%
    DEBUG: Radiation impact: 0.10, Protection factor: 0.85, Radiation accuracy: 83.19, Preservation: 97.66%
    DEBUG: Radiation impact: 0.10, Protection factor: 0.85, Radiation accuracy: 85.38, Preservation: 98.29%
    DEBUG: Radiation impact: 0.10, Protection factor: 0.85, Radiation accuracy: 84.87, Preservation: 98.97%
    DEBUG: Radiation impact: 0.10, Protection factor: 0.85, Radiation accuracy: 85.77, Preservation: 99.53%
    DEBUG: Radiation impact: 0.10, Protection factor: 0.85, Radiation accuracy: 85.33, Preservation: 99.07%
    DEBUG: Radiation impact: 0.10, Protection factor: 0.85, Radiation accuracy: 84.52, Preservation: 97.71%
    DEBUG: Radiation impact: 0.10, Protection factor: 0.85, Radiation accuracy: 84.90, Preservation: 97.64%
    DEBUG: Radiation impact: 0.10, Protection factor: 0.85, Radiation accuracy: 85.91, Preservation: 99.00%
    DEBUG: Radiation impact: 0.10, Protection factor: 0.85, Radiation accuracy: 84.94, Preservation: 98.69%
    DEBUG: Radiation impact: 0.10, Protection factor: 0.85, Radiation accuracy: 84.52, Preservation: 97.56%
    DEBUG: Radiation impact: 0.10, Protection factor: 0.85, Radiation accuracy: 85.92, Preservation: 99.04%
Results: Baseline accuracy = 86.14 ± 0.53, Radiation accuracy = 84.81 ± 0.69, Preservation = 98.47 ± 0.62%
Results: Baseline accuracy = 86.14% ± 0.53%, Radiation accuracy = 84.81% ± 0.69%, Preservation = 98.47% ± 0.62%
Testing configuration:
Architecture: 2-64-2-
Dropout: 0.50
Residual: No
Protection: 1
    DEBUG: Radiation impact: 0.10, Protection factor: 0.20, Radiation accuracy: 76.30, Preservation: 92.58%
    DEBUG: Radiation impact: 0.10, Protection factor: 0.20, Radiation accuracy: 74.56, Preservation: 90.95%
    DEBUG: Radiation impact: 0.10, Protection factor: 0.20, Radiation accuracy: 76.68, Preservation: 92.56%
    DEBUG: Radiation impact: 0.10, Protection factor: 0.20, Radiation accuracy: 76.05, Preservation: 91.97%
    DEBUG: Radiation impact: 0.10, Protection factor: 0.20, Radiation accuracy: 76.66, Preservation: 92.61%
    DEBUG: Radiation impact: 0.10, Protection factor: 0.20, Radiation accuracy: 75.56, Preservation: 92.42%
    DEBUG: Radiation impact: 0.10, Protection factor: 0.20, Radiation accuracy: 74.97, Preservation: 91.24%
    DEBUG: Radiation impact: 0.10, Protection factor: 0.20, Radiation accuracy: 74.41, Preservation: 91.16%
    DEBUG: Radiation impact: 0.10, Protection factor: 0.20, Radiation accuracy: 75.41, Preservation: 91.47%
    DEBUG: Radiation impact: 0.10, Protection factor: 0.20, Radiation accuracy: 76.13, Preservation: 92.01%
    DEBUG: Radiation impact: 0.10, Protection factor: 0.20, Radiation accuracy: 75.95, Preservation: 92.08%
    DEBUG: Radiation impact: 0.10, Protection factor: 0.20, Radiation accuracy: 74.72, Preservation: 91.42%
    DEBUG: Radiation impact: 0.10, Protection factor: 0.20, Radiation accuracy: 74.26, Preservation: 91.07%
    DEBUG: Radiation impact: 0.10, Protection factor: 0.20, Radiation accuracy: 75.40, Preservation: 92.51%
    DEBUG: Radiation impact: 0.10, Protection factor: 0.20, Radiation accuracy: 74.34, Preservation: 91.49%
    DEBUG: Radiation impact: 0.10, Protection factor: 0.20, Radiation accuracy: 76.65, Preservation: 92.75%
    DEBUG: Radiation impact: 0.10, Protection factor: 0.20, Radiation accuracy: 75.42, Preservation: 92.56%
    DEBUG: Radiation impact: 0.10, Protection factor: 0.20, Radiation accuracy: 76.53, Preservation: 92.66%
    DEBUG: Radiation impact: 0.10, Protection factor: 0.20, Radiation accuracy: 75.02, Preservation: 91.06%
    DEBUG: Radiation impact: 0.10, Protection factor: 0.20, Radiation accuracy: 75.69, Preservation: 91.72%
    DEBUG: Radiation impact: 0.10, Protection factor: 0.20, Radiation accuracy: 73.79, Preservation: 90.89%
    DEBUG: Radiation impact: 0.10, Protection factor: 0.20, Radiation accuracy: 76.64, Preservation: 92.77%
    DEBUG: Radiation impact: 0.10, Protection factor: 0.20, Radiation accuracy: 75.75, Preservation: 92.25%
    DEBUG: Radiation impact: 0.10, Protection factor: 0.20, Radiation accuracy: 74.85, Preservation: 91.38%
    DEBUG: Radiation impact: 0.10, Protection factor: 0.20, Radiation accuracy: 75.53, Preservation: 92.16%
    DEBUG: Radiation impact: 0.10, Protection factor: 0.20, Radiation accuracy: 74.61, Preservation: 91.53%
    DEBUG: Radiation impact: 0.10, Protection factor: 0.20, Radiation accuracy: 76.97, Preservation: 92.94%
    DEBUG: Radiation impact: 0.10, Protection factor: 0.20, Radiation accuracy: 76.18, Preservation: 92.40%
    DEBUG: Radiation impact: 0.10, Protection factor: 0.20, Radiation accuracy: 75.39, Preservation: 92.64%
    DEBUG: Radiation impact: 0.10, Protection factor: 0.20, Radiation accuracy: 76.03, Preservation: 91.48%
    DEBUG: Radiation impact: 0.10, Protection factor: 0.20, Radiation accuracy: 73.93, Preservation: 90.97%
    DEBUG: Radiation impact: 0.10, Protection factor: 0.20, Radiation accuracy: 75.51, Preservation: 91.31%
    DEBUG: Radiation impact: 0.10, Protection factor: 0.20, Radiation accuracy: 74.87, Preservation: 91.82%
    DEBUG: Radiation impact: 0.10, Protection factor: 0.20, Radiation accuracy: 77.03, Preservation: 93.06%
    DEBUG: Radiation impact: 0.10, Protection factor: 0.20, Radiation accuracy: 74.90, Preservation: 91.14%
    DEBUG: Radiation impact: 0.10, Protection factor: 0.20, Radiation accuracy: 74.82, Preservation: 91.37%
    DEBUG: Radiation impact: 0.10, Protection factor: 0.20, Radiation accuracy: 76.71, Preservation: 92.98%
    DEBUG: Radiation impact: 0.10, Protection factor: 0.20, Radiation accuracy: 75.52, Preservation: 91.09%
    DEBUG: Radiation impact: 0.10, Protection factor: 0.20, Radiation accuracy: 74.27, Preservation: 91.49%
    DEBUG: Radiation impact: 0.10, Protection factor: 0.20, Radiation accuracy: 76.13, Preservation: 92.08%
    DEBUG: Radiation impact: 0.10, Protection factor: 0.20, Radiation accuracy: 75.31, Preservation: 91.04%
    DEBUG: Radiation impact: 0.10, Protection factor: 0.20, Radiation accuracy: 75.21, Preservation: 91.90%
    DEBUG: Radiation impact: 0.10, Protection factor: 0.20, Radiation accuracy: 75.79, Preservation: 92.37%
    DEBUG: Radiation impact: 0.10, Protection factor: 0.20, Radiation accuracy: 76.45, Preservation: 92.19%
    DEBUG: Radiation impact: 0.10, Protection factor: 0.20, Radiation accuracy: 75.92, Preservation: 93.01%
    DEBUG: Radiation impact: 0.10, Protection factor: 0.20, Radiation accuracy: 75.01, Preservation: 92.10%
    DEBUG: Radiation impact: 0.10, Protection factor: 0.20, Radiation accuracy: 76.18, Preservation: 92.92%
    DEBUG: Radiation impact: 0.10, Protection factor: 0.20, Radiation accuracy: 76.17, Preservation: 92.67%
    DEBUG: Radiation impact: 0.10, Protection factor: 0.20, Radiation accuracy: 75.70, Preservation: 92.83%
    DEBUG: Radiation impact: 0.10, Protection factor: 0.20, Radiation accuracy: 75.93, Preservation: 91.60%
Results: Baseline accuracy = 82.15 ± 0.55, Radiation accuracy = 75.56 ± 0.81, Preservation = 91.97 ± 0.67%
Results: Baseline accuracy = 82.15% ± 0.55%, Radiation accuracy = 75.56% ± 0.81%, Preservation = 91.97% ± 0.67%
Testing configuration:
Architecture: 2-256-2-
Dropout: 0.60
Residual: Yes
Protection: 4
    DEBUG: Radiation impact: 0.10, Protection factor: 0.85, Radiation accuracy: 80.44, Preservation: 99.63%
    DEBUG: Radiation impact: 0.10, Protection factor: 0.85, Radiation accuracy: 81.43, Preservation: 99.06%
    DEBUG: Radiation impact: 0.10, Protection factor: 0.85, Radiation accuracy: 81.23, Preservation: 98.54%
    DEBUG: Radiation impact: 0.10, Protection factor: 0.85, Radiation accuracy: 79.50, Preservation: 98.16%
    DEBUG: Radiation impact: 0.10, Protection factor: 0.85, Radiation accuracy: 79.85, Preservation: 98.21%
    DEBUG: Radiation impact: 0.10, Protection factor: 0.85, Radiation accuracy: 79.75, Preservation: 97.79%
    DEBUG: Radiation impact: 0.10, Protection factor: 0.85, Radiation accuracy: 81.29, Preservation: 99.66%
    DEBUG: Radiation impact: 0.10, Protection factor: 0.85, Radiation accuracy: 79.55, Preservation: 98.07%
    DEBUG: Radiation impact: 0.10, Protection factor: 0.85, Radiation accuracy: 78.99, Preservation: 97.74%
    DEBUG: Radiation impact: 0.10, Protection factor: 0.85, Radiation accuracy: 79.79, Preservation: 97.46%
    DEBUG: Radiation impact: 0.10, Protection factor: 0.85, Radiation accuracy: 81.58, Preservation: 99.14%
    DEBUG: Radiation impact: 0.10, Protection factor: 0.85, Radiation accuracy: 79.54, Preservation: 98.61%
    DEBUG: Radiation impact: 0.10, Protection factor: 0.85, Radiation accuracy: 80.13, Preservation: 97.55%
    DEBUG: Radiation impact: 0.10, Protection factor: 0.85, Radiation accuracy: 79.28, Preservation: 97.68%
    DEBUG: Radiation impact: 0.10, Protection factor: 0.85, Radiation accuracy: 80.09, Preservation: 97.79%
    DEBUG: Radiation impact: 0.10, Protection factor: 0.85, Radiation accuracy: 79.70, Preservation: 98.01%
    DEBUG: Radiation impact: 0.10, Protection factor: 0.85, Radiation accuracy: 80.00, Preservation: 98.95%
    DEBUG: Radiation impact: 0.10, Protection factor: 0.85, Radiation accuracy: 80.84, Preservation: 99.65%
    DEBUG: Radiation impact: 0.10, Protection factor: 0.85, Radiation accuracy: 81.30, Preservation: 98.61%
    DEBUG: Radiation impact: 0.10, Protection factor: 0.85, Radiation accuracy: 81.56, Preservation: 99.53%
    DEBUG: Radiation impact: 0.10, Protection factor: 0.85, Radiation accuracy: 79.12, Preservation: 97.66%
    DEBUG: Radiation impact: 0.10, Protection factor: 0.85, Radiation accuracy: 78.79, Preservation: 97.75%
    DEBUG: Radiation impact: 0.10, Protection factor: 0.85, Radiation accuracy: 79.17, Preservation: 98.18%
    DEBUG: Radiation impact: 0.10, Protection factor: 0.85, Radiation accuracy: 79.67, Preservation: 97.53%
    DEBUG: Radiation impact: 0.10, Protection factor: 0.85, Radiation accuracy: 81.22, Preservation: 99.37%
    DEBUG: Radiation impact: 0.10, Protection factor: 0.85, Radiation accuracy: 78.78, Preservation: 97.40%
    DEBUG: Radiation impact: 0.10, Protection factor: 0.85, Radiation accuracy: 80.64, Preservation: 98.57%
    DEBUG: Radiation impact: 0.10, Protection factor: 0.85, Radiation accuracy: 80.54, Preservation: 98.73%
    DEBUG: Radiation impact: 0.10, Protection factor: 0.85, Radiation accuracy: 79.73, Preservation: 98.97%
    DEBUG: Radiation impact: 0.10, Protection factor: 0.85, Radiation accuracy: 80.35, Preservation: 97.45%
    DEBUG: Radiation impact: 0.10, Protection factor: 0.85, Radiation accuracy: 80.31, Preservation: 98.02%
    DEBUG: Radiation impact: 0.10, Protection factor: 0.85, Radiation accuracy: 79.60, Preservation: 97.80%
    DEBUG: Radiation impact: 0.10, Protection factor: 0.85, Radiation accuracy: 78.97, Preservation: 97.89%
    DEBUG: Radiation impact: 0.10, Protection factor: 0.85, Radiation accuracy: 79.71, Preservation: 97.87%
    DEBUG: Radiation impact: 0.10, Protection factor: 0.85, Radiation accuracy: 80.91, Preservation: 98.40%
    DEBUG: Radiation impact: 0.10, Protection factor: 0.85, Radiation accuracy: 79.78, Preservation: 97.28%
    DEBUG: Radiation impact: 0.10, Protection factor: 0.85, Radiation accuracy: 80.43, Preservation: 98.51%
    DEBUG: Radiation impact: 0.10, Protection factor: 0.85, Radiation accuracy: 80.04, Preservation: 97.91%
    DEBUG: Radiation impact: 0.10, Protection factor: 0.85, Radiation accuracy: 80.23, Preservation: 99.05%
    DEBUG: Radiation impact: 0.10, Protection factor: 0.85, Radiation accuracy: 80.57, Preservation: 98.53%
    DEBUG: Radiation impact: 0.10, Protection factor: 0.85, Radiation accuracy: 80.17, Preservation: 98.59%
    DEBUG: Radiation impact: 0.10, Protection factor: 0.85, Radiation accuracy: 79.72, Preservation: 97.71%
    DEBUG: Radiation impact: 0.10, Protection factor: 0.85, Radiation accuracy: 80.10, Preservation: 98.73%
    DEBUG: Radiation impact: 0.10, Protection factor: 0.85, Radiation accuracy: 81.36, Preservation: 99.44%
    DEBUG: Radiation impact: 0.10, Protection factor: 0.85, Radiation accuracy: 81.00, Preservation: 98.90%
    DEBUG: Radiation impact: 0.10, Protection factor: 0.85, Radiation accuracy: 79.69, Preservation: 97.92%
    DEBUG: Radiation impact: 0.10, Protection factor: 0.85, Radiation accuracy: 81.03, Preservation: 99.64%
    DEBUG: Radiation impact: 0.10, Protection factor: 0.85, Radiation accuracy: 79.85, Preservation: 97.62%
    DEBUG: Radiation impact: 0.10, Protection factor: 0.85, Radiation accuracy: 81.62, Preservation: 99.00%
    DEBUG: Radiation impact: 0.10, Protection factor: 0.85, Radiation accuracy: 81.55, Preservation: 99.29%
Results: Baseline accuracy = 81.52 ± 0.54, Radiation accuracy = 80.21 ± 0.80, Preservation = 98.39 ± 0.70%
Results: Baseline accuracy = 81.52% ± 0.54%, Radiation accuracy = 80.21% ± 0.80%, Preservation = 98.39% ± 0.70%
Testing configuration:
Architecture: 2-512-2-
Dropout: 0.50
Residual: No
Protection: 0
    DEBUG: Radiation impact: 0.10, Protection factor: 0.00, Radiation accuracy: 75.14, Preservation: 91.06%
    DEBUG: Radiation impact: 0.10, Protection factor: 0.00, Radiation accuracy: 74.36, Preservation: 89.63%
    DEBUG: Radiation impact: 0.10, Protection factor: 0.00, Radiation accuracy: 73.90, Preservation: 90.47%
    DEBUG: Radiation impact: 0.10, Protection factor: 0.00, Radiation accuracy: 74.55, Preservation: 90.02%
    DEBUG: Radiation impact: 0.10, Protection factor: 0.00, Radiation accuracy: 73.86, Preservation: 88.85%
    DEBUG: Radiation impact: 0.10, Protection factor: 0.00, Radiation accuracy: 75.62, Preservation: 90.83%
    DEBUG: Radiation impact: 0.10, Protection factor: 0.00, Radiation accuracy: 75.05, Preservation: 90.92%
    DEBUG: Radiation impact: 0.10, Protection factor: 0.00, Radiation accuracy: 75.27, Preservation: 90.80%
    DEBUG: Radiation impact: 0.10, Protection factor: 0.00, Radiation accuracy: 74.47, Preservation: 90.19%
    DEBUG: Radiation impact: 0.10, Protection factor: 0.00, Radiation accuracy: 74.29, Preservation: 90.24%
    DEBUG: Radiation impact: 0.10, Protection factor: 0.00, Radiation accuracy: 73.53, Preservation: 89.33%
    DEBUG: Radiation impact: 0.10, Protection factor: 0.00, Radiation accuracy: 75.42, Preservation: 90.57%
    DEBUG: Radiation impact: 0.10, Protection factor: 0.00, Radiation accuracy: 72.96, Preservation: 89.10%
    DEBUG: Radiation impact: 0.10, Protection factor: 0.00, Radiation accuracy: 73.86, Preservation: 89.13%
    DEBUG: Radiation impact: 0.10, Protection factor: 0.00, Radiation accuracy: 74.68, Preservation: 90.26%
    DEBUG: Radiation impact: 0.10, Protection factor: 0.00, Radiation accuracy: 73.08, Preservation: 89.05%
    DEBUG: Radiation impact: 0.10, Protection factor: 0.00, Radiation accuracy: 75.17, Preservation: 90.00%
    DEBUG: Radiation impact: 0.10, Protection factor: 0.00, Radiation accuracy: 74.34, Preservation: 89.66%
    DEBUG: Radiation impact: 0.10, Protection factor: 0.00, Radiation accuracy: 73.32, Preservation: 89.55%
    DEBUG: Radiation impact: 0.10, Protection factor: 0.00, Radiation accuracy: 75.71, Preservation: 90.78%
    DEBUG: Radiation impact: 0.10, Protection factor: 0.00, Radiation accuracy: 73.78, Preservation: 90.14%
    DEBUG: Radiation impact: 0.10, Protection factor: 0.00, Radiation accuracy: 73.91, Preservation: 89.11%
    DEBUG: Radiation impact: 0.10, Protection factor: 0.00, Radiation accuracy: 74.87, Preservation: 90.48%
    DEBUG: Radiation impact: 0.10, Protection factor: 0.00, Radiation accuracy: 73.95, Preservation: 88.99%
    DEBUG: Radiation impact: 0.10, Protection factor: 0.00, Radiation accuracy: 75.56, Preservation: 91.19%
    DEBUG: Radiation impact: 0.10, Protection factor: 0.00, Radiation accuracy: 73.25, Preservation: 89.49%
    DEBUG: Radiation impact: 0.10, Protection factor: 0.00, Radiation accuracy: 74.25, Preservation: 90.53%
    DEBUG: Radiation impact: 0.10, Protection factor: 0.00, Radiation accuracy: 74.66, Preservation: 91.03%
    DEBUG: Radiation impact: 0.10, Protection factor: 0.00, Radiation accuracy: 74.30, Preservation: 89.85%
    DEBUG: Radiation impact: 0.10, Protection factor: 0.00, Radiation accuracy: 73.98, Preservation: 90.31%
    DEBUG: Radiation impact: 0.10, Protection factor: 0.00, Radiation accuracy: 75.26, Preservation: 90.52%
    DEBUG: Radiation impact: 0.10, Protection factor: 0.00, Radiation accuracy: 73.22, Preservation: 89.39%
    DEBUG: Radiation impact: 0.10, Protection factor: 0.00, Radiation accuracy: 74.59, Preservation: 89.72%
    DEBUG: Radiation impact: 0.10, Protection factor: 0.00, Radiation accuracy: 74.26, Preservation: 90.14%
    DEBUG: Radiation impact: 0.10, Protection factor: 0.00, Radiation accuracy: 73.80, Preservation: 89.30%
    DEBUG: Radiation impact: 0.10, Protection factor: 0.00, Radiation accuracy: 74.44, Preservation: 90.21%
    DEBUG: Radiation impact: 0.10, Protection factor: 0.00, Radiation accuracy: 74.45, Preservation: 89.36%
    DEBUG: Radiation impact: 0.10, Protection factor: 0.00, Radiation accuracy: 73.50, Preservation: 89.95%
    DEBUG: Radiation impact: 0.10, Protection factor: 0.00, Radiation accuracy: 74.07, Preservation: 88.98%
    DEBUG: Radiation impact: 0.10, Protection factor: 0.00, Radiation accuracy: 74.52, Preservation: 90.28%
    DEBUG: Radiation impact: 0.10, Protection factor: 0.00, Radiation accuracy: 73.48, Preservation: 89.21%
    DEBUG: Radiation impact: 0.10, Protection factor: 0.00, Radiation accuracy: 73.42, Preservation: 89.68%
    DEBUG: Radiation impact: 0.10, Protection factor: 0.00, Radiation accuracy: 73.86, Preservation: 89.28%
    DEBUG: Radiation impact: 0.10, Protection factor: 0.00, Radiation accuracy: 74.23, Preservation: 89.69%
    DEBUG: Radiation impact: 0.10, Protection factor: 0.00, Radiation accuracy: 75.79, Preservation: 90.79%
    DEBUG: Radiation impact: 0.10, Protection factor: 0.00, Radiation accuracy: 75.44, Preservation: 90.61%
    DEBUG: Radiation impact: 0.10, Protection factor: 0.00, Radiation accuracy: 74.25, Preservation: 90.18%
    DEBUG: Radiation impact: 0.10, Protection factor: 0.00, Radiation accuracy: 74.13, Preservation: 90.04%
    DEBUG: Radiation impact: 0.10, Protection factor: 0.00, Radiation accuracy: 73.09, Preservation: 89.06%
    DEBUG: Radiation impact: 0.10, Protection factor: 0.00, Radiation accuracy: 75.63, Preservation: 91.10%
Results: Baseline accuracy = 82.61 ± 0.52, Radiation accuracy = 74.33 ± 0.76, Preservation = 89.98 ± 0.66%
Results: Baseline accuracy = 82.61% ± 0.52%, Radiation accuracy = 74.33% ± 0.76%, Preservation = 89.98% ± 0.66%
Testing configuration:
Architecture: 2-32-2-
Dropout: 0.60
Residual: No
Protection: 3
    DEBUG: Radiation impact: 0.10, Protection factor: 0.80, Radiation accuracy: 79.28, Preservation: 97.62%
    DEBUG: Radiation impact: 0.10, Protection factor: 0.80, Radiation accuracy: 80.48, Preservation: 98.30%
    DEBUG: Radiation impact: 0.10, Protection factor: 0.80, Radiation accuracy: 77.87, Preservation: 97.17%
    DEBUG: Radiation impact: 0.10, Protection factor: 0.80, Radiation accuracy: 78.61, Preservation: 96.92%
    DEBUG: Radiation impact: 0.10, Protection factor: 0.80, Radiation accuracy: 80.46, Preservation: 98.94%
    DEBUG: Radiation impact: 0.10, Protection factor: 0.80, Radiation accuracy: 79.13, Preservation: 97.73%
    DEBUG: Radiation impact: 0.10, Protection factor: 0.80, Radiation accuracy: 79.29, Preservation: 97.97%
    DEBUG: Radiation impact: 0.10, Protection factor: 0.80, Radiation accuracy: 79.38, Preservation: 97.34%
    DEBUG: Radiation impact: 0.10, Protection factor: 0.80, Radiation accuracy: 78.09, Preservation: 97.66%
    DEBUG: Radiation impact: 0.10, Protection factor: 0.80, Radiation accuracy: 78.00, Preservation: 96.88%
    DEBUG: Radiation impact: 0.10, Protection factor: 0.80, Radiation accuracy: 78.22, Preservation: 97.01%
    DEBUG: Radiation impact: 0.10, Protection factor: 0.80, Radiation accuracy: 77.67, Preservation: 96.93%
    DEBUG: Radiation impact: 0.10, Protection factor: 0.80, Radiation accuracy: 80.98, Preservation: 99.13%
    DEBUG: Radiation impact: 0.10, Protection factor: 0.80, Radiation accuracy: 78.63, Preservation: 97.32%
    DEBUG: Radiation impact: 0.10, Protection factor: 0.80, Radiation accuracy: 80.36, Preservation: 98.70%
    DEBUG: Radiation impact: 0.10, Protection factor: 0.80, Radiation accuracy: 80.01, Preservation: 98.82%
    DEBUG: Radiation impact: 0.10, Protection factor: 0.80, Radiation accuracy: 78.22, Preservation: 97.34%
    DEBUG: Radiation impact: 0.10, Protection factor: 0.80, Radiation accuracy: 78.94, Preservation: 98.64%
    DEBUG: Radiation impact: 0.10, Protection factor: 0.80, Radiation accuracy: 78.52, Preservation: 97.31%
    DEBUG: Radiation impact: 0.10, Protection factor: 0.80, Radiation accuracy: 79.97, Preservation: 97.98%
    DEBUG: Radiation impact: 0.10, Protection factor: 0.80, Radiation accuracy: 79.95, Preservation: 98.16%
    DEBUG: Radiation impact: 0.10, Protection factor: 0.80, Radiation accuracy: 78.88, Preservation: 97.37%
    DEBUG: Radiation impact: 0.10, Protection factor: 0.80, Radiation accuracy: 79.15, Preservation: 98.64%
    DEBUG: Radiation impact: 0.10, Protection factor: 0.80, Radiation accuracy: 78.58, Preservation: 97.82%
    DEBUG: Radiation impact: 0.10, Protection factor: 0.80, Radiation accuracy: 79.10, Preservation: 97.24%
    DEBUG: Radiation impact: 0.10, Protection factor: 0.80, Radiation accuracy: 80.28, Preservation: 98.72%
    DEBUG: Radiation impact: 0.10, Protection factor: 0.80, Radiation accuracy: 79.52, Preservation: 97.40%
    DEBUG: Radiation impact: 0.10, Protection factor: 0.80, Radiation accuracy: 79.04, Preservation: 96.84%
    DEBUG: Radiation impact: 0.10, Protection factor: 0.80, Radiation accuracy: 79.80, Preservation: 97.77%
    DEBUG: Radiation impact: 0.10, Protection factor: 0.80, Radiation accuracy: 79.64, Preservation: 97.39%
    DEBUG: Radiation impact: 0.10, Protection factor: 0.80, Radiation accuracy: 80.77, Preservation: 99.07%
    DEBUG: Radiation impact: 0.10, Protection factor: 0.80, Radiation accuracy: 79.16, Preservation: 96.95%
    DEBUG: Radiation impact: 0.10, Protection factor: 0.80, Radiation accuracy: 79.30, Preservation: 97.10%
    DEBUG: Radiation impact: 0.10, Protection factor: 0.80, Radiation accuracy: 80.26, Preservation: 98.41%
    DEBUG: Radiation impact: 0.10, Protection factor: 0.80, Radiation accuracy: 79.71, Preservation: 97.46%
    DEBUG: Radiation impact: 0.10, Protection factor: 0.80, Radiation accuracy: 79.63, Preservation: 98.52%
    DEBUG: Radiation impact: 0.10, Protection factor: 0.80, Radiation accuracy: 79.49, Preservation: 97.61%
    DEBUG: Radiation impact: 0.10, Protection factor: 0.80, Radiation accuracy: 80.23, Preservation: 97.97%
    DEBUG: Radiation impact: 0.10, Protection factor: 0.80, Radiation accuracy: 77.85, Preservation: 97.34%
    DEBUG: Radiation impact: 0.10, Protection factor: 0.80, Radiation accuracy: 78.63, Preservation: 97.89%
    DEBUG: Radiation impact: 0.10, Protection factor: 0.80, Radiation accuracy: 78.97, Preservation: 97.05%
    DEBUG: Radiation impact: 0.10, Protection factor: 0.80, Radiation accuracy: 78.84, Preservation: 97.79%
    DEBUG: Radiation impact: 0.10, Protection factor: 0.80, Radiation accuracy: 79.16, Preservation: 98.92%
    DEBUG: Radiation impact: 0.10, Protection factor: 0.80, Radiation accuracy: 80.13, Preservation: 98.39%
    DEBUG: Radiation impact: 0.10, Protection factor: 0.80, Radiation accuracy: 79.48, Preservation: 97.54%
    DEBUG: Radiation impact: 0.10, Protection factor: 0.80, Radiation accuracy: 80.56, Preservation: 98.85%
    DEBUG: Radiation impact: 0.10, Protection factor: 0.80, Radiation accuracy: 78.63, Preservation: 97.81%
    DEBUG: Radiation impact: 0.10, Protection factor: 0.80, Radiation accuracy: 79.71, Preservation: 98.02%
    DEBUG: Radiation impact: 0.10, Protection factor: 0.80, Radiation accuracy: 79.35, Preservation: 98.73%
    DEBUG: Radiation impact: 0.10, Protection factor: 0.80, Radiation accuracy: 79.62, Preservation: 97.26%
Results: Baseline accuracy = 81.07 ± 0.60, Radiation accuracy = 79.31 ± 0.80, Preservation = 97.84 ± 0.67%
Results: Baseline accuracy = 81.07% ± 0.60%, Radiation accuracy = 79.31% ± 0.80%, Preservation = 97.84% ± 0.67%
Testing configuration:
Architecture: 2-128-128-32-2-
Dropout: 0.60
Residual: No
Protection: 2
    DEBUG: Radiation impact: 0.10, Protection factor: 0.60, Radiation accuracy: 78.94, Preservation: 96.06%
    DEBUG: Radiation impact: 0.10, Protection factor: 0.60, Radiation accuracy: 77.86, Preservation: 95.49%
    DEBUG: Radiation impact: 0.10, Protection factor: 0.60, Radiation accuracy: 78.48, Preservation: 96.65%
    DEBUG: Radiation impact: 0.10, Protection factor: 0.60, Radiation accuracy: 78.14, Preservation: 95.59%
    DEBUG: Radiation impact: 0.10, Protection factor: 0.60, Radiation accuracy: 77.74, Preservation: 95.05%
    DEBUG: Radiation impact: 0.10, Protection factor: 0.60, Radiation accuracy: 78.15, Preservation: 95.65%
    DEBUG: Radiation impact: 0.10, Protection factor: 0.60, Radiation accuracy: 80.19, Preservation: 96.44%
    DEBUG: Radiation impact: 0.10, Protection factor: 0.60, Radiation accuracy: 78.68, Preservation: 96.32%
    DEBUG: Radiation impact: 0.10, Protection factor: 0.60, Radiation accuracy: 78.52, Preservation: 96.01%
    DEBUG: Radiation impact: 0.10, Protection factor: 0.60, Radiation accuracy: 77.96, Preservation: 95.08%
    DEBUG: Radiation impact: 0.10, Protection factor: 0.60, Radiation accuracy: 79.16, Preservation: 96.09%
    DEBUG: Radiation impact: 0.10, Protection factor: 0.60, Radiation accuracy: 80.02, Preservation: 96.94%
    DEBUG: Radiation impact: 0.10, Protection factor: 0.60, Radiation accuracy: 78.20, Preservation: 95.02%
    DEBUG: Radiation impact: 0.10, Protection factor: 0.60, Radiation accuracy: 79.29, Preservation: 96.57%
    DEBUG: Radiation impact: 0.10, Protection factor: 0.60, Radiation accuracy: 79.62, Preservation: 96.08%
    DEBUG: Radiation impact: 0.10, Protection factor: 0.60, Radiation accuracy: 78.82, Preservation: 96.77%
    DEBUG: Radiation impact: 0.10, Protection factor: 0.60, Radiation accuracy: 79.22, Preservation: 95.73%
    DEBUG: Radiation impact: 0.10, Protection factor: 0.60, Radiation accuracy: 79.90, Preservation: 97.00%
    DEBUG: Radiation impact: 0.10, Protection factor: 0.60, Radiation accuracy: 79.50, Preservation: 96.01%
    DEBUG: Radiation impact: 0.10, Protection factor: 0.60, Radiation accuracy: 79.31, Preservation: 95.71%
    DEBUG: Radiation impact: 0.10, Protection factor: 0.60, Radiation accuracy: 78.78, Preservation: 94.82%
    DEBUG: Radiation impact: 0.10, Protection factor: 0.60, Radiation accuracy: 77.25, Preservation: 95.13%
    DEBUG: Radiation impact: 0.10, Protection factor: 0.60, Radiation accuracy: 79.48, Preservation: 96.79%
    DEBUG: Radiation impact: 0.10, Protection factor: 0.60, Radiation accuracy: 77.94, Preservation: 94.90%
    DEBUG: Radiation impact: 0.10, Protection factor: 0.60, Radiation accuracy: 78.68, Preservation: 96.65%
    DEBUG: Radiation impact: 0.10, Protection factor: 0.60, Radiation accuracy: 79.56, Preservation: 96.11%
    DEBUG: Radiation impact: 0.10, Protection factor: 0.60, Radiation accuracy: 77.18, Preservation: 94.86%
    DEBUG: Radiation impact: 0.10, Protection factor: 0.60, Radiation accuracy: 80.16, Preservation: 96.64%
    DEBUG: Radiation impact: 0.10, Protection factor: 0.60, Radiation accuracy: 77.54, Preservation: 95.45%
    DEBUG: Radiation impact: 0.10, Protection factor: 0.60, Radiation accuracy: 78.67, Preservation: 95.71%
    DEBUG: Radiation impact: 0.10, Protection factor: 0.60, Radiation accuracy: 79.55, Preservation: 96.87%
    DEBUG: Radiation impact: 0.10, Protection factor: 0.60, Radiation accuracy: 78.98, Preservation: 96.22%
    DEBUG: Radiation impact: 0.10, Protection factor: 0.60, Radiation accuracy: 78.12, Preservation: 94.98%
    DEBUG: Radiation impact: 0.10, Protection factor: 0.60, Radiation accuracy: 79.98, Preservation: 96.61%
    DEBUG: Radiation impact: 0.10, Protection factor: 0.60, Radiation accuracy: 80.16, Preservation: 96.71%
    DEBUG: Radiation impact: 0.10, Protection factor: 0.60, Radiation accuracy: 77.92, Preservation: 94.99%
    DEBUG: Radiation impact: 0.10, Protection factor: 0.60, Radiation accuracy: 79.55, Preservation: 95.90%
    DEBUG: Radiation impact: 0.10, Protection factor: 0.60, Radiation accuracy: 78.95, Preservation: 97.23%
    DEBUG: Radiation impact: 0.10, Protection factor: 0.60, Radiation accuracy: 79.21, Preservation: 95.68%
    DEBUG: Radiation impact: 0.10, Protection factor: 0.60, Radiation accuracy: 79.92, Preservation: 96.40%
    DEBUG: Radiation impact: 0.10, Protection factor: 0.60, Radiation accuracy: 79.07, Preservation: 95.50%
    DEBUG: Radiation impact: 0.10, Protection factor: 0.60, Radiation accuracy: 78.21, Preservation: 95.86%
    DEBUG: Radiation impact: 0.10, Protection factor: 0.60, Radiation accuracy: 78.81, Preservation: 97.08%
    DEBUG: Radiation impact: 0.10, Protection factor: 0.60, Radiation accuracy: 78.97, Preservation: 95.37%
    DEBUG: Radiation impact: 0.10, Protection factor: 0.60, Radiation accuracy: 78.59, Preservation: 95.95%
    DEBUG: Radiation impact: 0.10, Protection factor: 0.60, Radiation accuracy: 78.53, Preservation: 96.46%
    DEBUG: Radiation impact: 0.10, Protection factor: 0.60, Radiation accuracy: 79.77, Preservation: 96.61%
    DEBUG: Radiation impact: 0.10, Protection factor: 0.60, Radiation accuracy: 80.09, Preservation: 96.40%
    DEBUG: Radiation impact: 0.10, Protection factor: 0.60, Radiation accuracy: 79.34, Preservation: 95.54%
    DEBUG: Radiation impact: 0.10, Protection factor: 0.60, Radiation accuracy: 79.13, Preservation: 96.16%
Results: Baseline accuracy = 82.21 ± 0.61, Radiation accuracy = 78.92 ± 0.79, Preservation = 96.00 ± 0.66%
Results: Baseline accuracy = 82.21% ± 0.61%, Radiation accuracy = 78.92% ± 0.79%, Preservation = 96.00% ± 0.66%
Testing configuration:
Architecture: 2-256-2-
Dropout: 0.40
Residual: No
Protection: 1
    DEBUG: Radiation impact: 0.10, Protection factor: 0.20, Radiation accuracy: 76.29, Preservation: 91.62%
    DEBUG: Radiation impact: 0.10, Protection factor: 0.20, Radiation accuracy: 76.05, Preservation: 91.43%
    DEBUG: Radiation impact: 0.10, Protection factor: 0.20, Radiation accuracy: 76.78, Preservation: 91.85%
    DEBUG: Radiation impact: 0.10, Protection factor: 0.20, Radiation accuracy: 76.61, Preservation: 91.28%
    DEBUG: Radiation impact: 0.10, Protection factor: 0.20, Radiation accuracy: 76.43, Preservation: 91.02%
    DEBUG: Radiation impact: 0.10, Protection factor: 0.20, Radiation accuracy: 78.24, Preservation: 93.16%
    DEBUG: Radiation impact: 0.10, Protection factor: 0.20, Radiation accuracy: 76.95, Preservation: 91.89%
    DEBUG: Radiation impact: 0.10, Protection factor: 0.20, Radiation accuracy: 75.65, Preservation: 91.41%
    DEBUG: Radiation impact: 0.10, Protection factor: 0.20, Radiation accuracy: 78.44, Preservation: 93.13%
    DEBUG: Radiation impact: 0.10, Protection factor: 0.20, Radiation accuracy: 76.85, Preservation: 93.15%
    DEBUG: Radiation impact: 0.10, Protection factor: 0.20, Radiation accuracy: 76.23, Preservation: 91.20%
    DEBUG: Radiation impact: 0.10, Protection factor: 0.20, Radiation accuracy: 76.80, Preservation: 92.24%
    DEBUG: Radiation impact: 0.10, Protection factor: 0.20, Radiation accuracy: 77.15, Preservation: 92.77%
    DEBUG: Radiation impact: 0.10, Protection factor: 0.20, Radiation accuracy: 76.29, Preservation: 92.29%
    DEBUG: Radiation impact: 0.10, Protection factor: 0.20, Radiation accuracy: 75.95, Preservation: 92.03%
    DEBUG: Radiation impact: 0.10, Protection factor: 0.20, Radiation accuracy: 77.05, Preservation: 93.10%
    DEBUG: Radiation impact: 0.10, Protection factor: 0.20, Radiation accuracy: 77.89, Preservation: 92.62%
    DEBUG: Radiation impact: 0.10, Protection factor: 0.20, Radiation accuracy: 77.48, Preservation: 91.79%
    DEBUG: Radiation impact: 0.10, Protection factor: 0.20, Radiation accuracy: 75.79, Preservation: 90.86%
    DEBUG: Radiation impact: 0.10, Protection factor: 0.20, Radiation accuracy: 77.86, Preservation: 92.35%
    DEBUG: Radiation impact: 0.10, Protection factor: 0.20, Radiation accuracy: 76.39, Preservation: 91.18%
    DEBUG: Radiation impact: 0.10, Protection factor: 0.20, Radiation accuracy: 78.22, Preservation: 92.76%
    DEBUG: Radiation impact: 0.10, Protection factor: 0.20, Radiation accuracy: 76.80, Preservation: 91.09%
    DEBUG: Radiation impact: 0.10, Protection factor: 0.20, Radiation accuracy: 78.00, Preservation: 93.11%
    DEBUG: Radiation impact: 0.10, Protection factor: 0.20, Radiation accuracy: 77.95, Preservation: 92.44%
    DEBUG: Radiation impact: 0.10, Protection factor: 0.20, Radiation accuracy: 75.61, Preservation: 91.40%
    DEBUG: Radiation impact: 0.10, Protection factor: 0.20, Radiation accuracy: 75.86, Preservation: 91.11%
    DEBUG: Radiation impact: 0.10, Protection factor: 0.20, Radiation accuracy: 77.88, Preservation: 93.19%
    DEBUG: Radiation impact: 0.10, Protection factor: 0.20, Radiation accuracy: 76.78, Preservation: 90.93%
    DEBUG: Radiation impact: 0.10, Protection factor: 0.20, Radiation accuracy: 76.66, Preservation: 92.12%
    DEBUG: Radiation impact: 0.10, Protection factor: 0.20, Radiation accuracy: 76.66, Preservation: 90.89%
    DEBUG: Radiation impact: 0.10, Protection factor: 0.20, Radiation accuracy: 77.41, Preservation: 91.62%
    DEBUG: Radiation impact: 0.10, Protection factor: 0.20, Radiation accuracy: 76.99, Preservation: 92.53%
    DEBUG: Radiation impact: 0.10, Protection factor: 0.20, Radiation accuracy: 75.94, Preservation: 91.09%
    DEBUG: Radiation impact: 0.10, Protection factor: 0.20, Radiation accuracy: 78.00, Preservation: 92.95%
    DEBUG: Radiation impact: 0.10, Protection factor: 0.20, Radiation accuracy: 75.36, Preservation: 91.07%
    DEBUG: Radiation impact: 0.10, Protection factor: 0.20, Radiation accuracy: 76.62, Preservation: 91.28%
    DEBUG: Radiation impact: 0.10, Protection factor: 0.20, Radiation accuracy: 77.44, Preservation: 91.84%
    DEBUG: Radiation impact: 0.10, Protection factor: 0.20, Radiation accuracy: 77.06, Preservation: 92.52%
    DEBUG: Radiation impact: 0.10, Protection factor: 0.20, Radiation accuracy: 76.85, Preservation: 93.05%
    DEBUG: Radiation impact: 0.10, Protection factor: 0.20, Radiation accuracy: 77.49, Preservation: 92.43%
    DEBUG: Radiation impact: 0.10, Protection factor: 0.20, Radiation accuracy: 77.45, Preservation: 93.16%
    DEBUG: Radiation impact: 0.10, Protection factor: 0.20, Radiation accuracy: 76.66, Preservation: 91.16%
    DEBUG: Radiation impact: 0.10, Protection factor: 0.20, Radiation accuracy: 76.30, Preservation: 92.38%
    DEBUG: Radiation impact: 0.10, Protection factor: 0.20, Radiation accuracy: 76.78, Preservation: 91.89%
    DEBUG: Radiation impact: 0.10, Protection factor: 0.20, Radiation accuracy: 77.04, Preservation: 93.06%
    DEBUG: Radiation impact: 0.10, Protection factor: 0.20, Radiation accuracy: 75.46, Preservation: 91.22%
    DEBUG: Radiation impact: 0.10, Protection factor: 0.20, Radiation accuracy: 76.79, Preservation: 92.68%
    DEBUG: Radiation impact: 0.10, Protection factor: 0.20, Radiation accuracy: 76.90, Preservation: 91.28%
    DEBUG: Radiation impact: 0.10, Protection factor: 0.20, Radiation accuracy: 76.70, Preservation: 90.98%
Results: Baseline accuracy = 83.55 ± 0.62, Radiation accuracy = 76.86 ± 0.76, Preservation = 91.99 ± 0.78%
Results: Baseline accuracy = 83.55% ± 0.62%, Radiation accuracy = 76.86% ± 0.76%, Preservation = 91.99% ± 0.78%
Testing configuration:
Architecture: 2-256-2-
Dropout: 0.60
Residual: Yes
Protection: 5
    DEBUG: Radiation impact: 0.10, Protection factor: 0.90, Radiation accuracy: 80.83, Preservation: 98.69%
    DEBUG: Radiation impact: 0.10, Protection factor: 0.90, Radiation accuracy: 79.46, Preservation: 97.94%
    DEBUG: Radiation impact: 0.10, Protection factor: 0.90, Radiation accuracy: 80.18, Preservation: 98.54%
    DEBUG: Radiation impact: 0.10, Protection factor: 0.90, Radiation accuracy: 79.04, Preservation: 98.05%
    DEBUG: Radiation impact: 0.10, Protection factor: 0.90, Radiation accuracy: 81.10, Preservation: 98.74%
    DEBUG: Radiation impact: 0.10, Protection factor: 0.90, Radiation accuracy: 79.06, Preservation: 98.17%
    DEBUG: Radiation impact: 0.10, Protection factor: 0.90, Radiation accuracy: 80.02, Preservation: 97.93%
    DEBUG: Radiation impact: 0.10, Protection factor: 0.90, Radiation accuracy: 79.32, Preservation: 97.81%
    DEBUG: Radiation impact: 0.10, Protection factor: 0.90, Radiation accuracy: 81.97, Preservation: 99.95%
    DEBUG: Radiation impact: 0.10, Protection factor: 0.90, Radiation accuracy: 80.23, Preservation: 99.12%
    DEBUG: Radiation impact: 0.10, Protection factor: 0.90, Radiation accuracy: 81.34, Preservation: 98.62%
    DEBUG: Radiation impact: 0.10, Protection factor: 0.90, Radiation accuracy: 80.43, Preservation: 99.83%
    DEBUG: Radiation impact: 0.10, Protection factor: 0.90, Radiation accuracy: 80.40, Preservation: 99.65%
    DEBUG: Radiation impact: 0.10, Protection factor: 0.90, Radiation accuracy: 80.78, Preservation: 98.35%
    DEBUG: Radiation impact: 0.10, Protection factor: 0.90, Radiation accuracy: 82.18, Preservation: 99.87%
    DEBUG: Radiation impact: 0.10, Protection factor: 0.90, Radiation accuracy: 80.54, Preservation: 99.38%
    DEBUG: Radiation impact: 0.10, Protection factor: 0.90, Radiation accuracy: 80.65, Preservation: 99.65%
    DEBUG: Radiation impact: 0.10, Protection factor: 0.90, Radiation accuracy: 81.76, Preservation: 99.92%
    DEBUG: Radiation impact: 0.10, Protection factor: 0.90, Radiation accuracy: 79.16, Preservation: 97.98%
    DEBUG: Radiation impact: 0.10, Protection factor: 0.90, Radiation accuracy: 80.68, Preservation: 98.25%
    DEBUG: Radiation impact: 0.10, Protection factor: 0.90, Radiation accuracy: 80.37, Preservation: 98.04%
    DEBUG: Radiation impact: 0.10, Protection factor: 0.90, Radiation accuracy: 81.01, Preservation: 99.35%
    DEBUG: Radiation impact: 0.10, Protection factor: 0.90, Radiation accuracy: 80.87, Preservation: 98.11%
    DEBUG: Radiation impact: 0.10, Protection factor: 0.90, Radiation accuracy: 80.86, Preservation: 98.77%
    DEBUG: Radiation impact: 0.10, Protection factor: 0.90, Radiation accuracy: 82.08, Preservation: 99.51%
    DEBUG: Radiation impact: 0.10, Protection factor: 0.90, Radiation accuracy: 82.00, Preservation: 99.81%
    DEBUG: Radiation impact: 0.10, Protection factor: 0.90, Radiation accuracy: 79.41, Preservation: 98.17%
    DEBUG: Radiation impact: 0.10, Protection factor: 0.90, Radiation accuracy: 81.99, Preservation: 99.78%
    DEBUG: Radiation impact: 0.10, Protection factor: 0.90, Radiation accuracy: 81.15, Preservation: 100.00%
    DEBUG: Radiation impact: 0.10, Protection factor: 0.90, Radiation accuracy: 79.27, Preservation: 97.91%
    DEBUG: Radiation impact: 0.10, Protection factor: 0.90, Radiation accuracy: 81.60, Preservation: 99.36%
    DEBUG: Radiation impact: 0.10, Protection factor: 0.90, Radiation accuracy: 79.03, Preservation: 98.13%
    DEBUG: Radiation impact: 0.10, Protection factor: 0.90, Radiation accuracy: 78.99, Preservation: 98.11%
    DEBUG: Radiation impact: 0.10, Protection factor: 0.90, Radiation accuracy: 79.26, Preservation: 97.89%
    DEBUG: Radiation impact: 0.10, Protection factor: 0.90, Radiation accuracy: 80.19, Preservation: 99.56%
    DEBUG: Radiation impact: 0.10, Protection factor: 0.90, Radiation accuracy: 80.03, Preservation: 98.17%
    DEBUG: Radiation impact: 0.10, Protection factor: 0.90, Radiation accuracy: 80.53, Preservation: 99.23%
    DEBUG: Radiation impact: 0.10, Protection factor: 0.90, Radiation accuracy: 80.45, Preservation: 99.70%
    DEBUG: Radiation impact: 0.10, Protection factor: 0.90, Radiation accuracy: 80.21, Preservation: 97.87%
    DEBUG: Radiation impact: 0.10, Protection factor: 0.90, Radiation accuracy: 81.46, Preservation: 99.34%
    DEBUG: Radiation impact: 0.10, Protection factor: 0.90, Radiation accuracy: 80.30, Preservation: 98.36%
    DEBUG: Radiation impact: 0.10, Protection factor: 0.90, Radiation accuracy: 80.81, Preservation: 99.39%
    DEBUG: Radiation impact: 0.10, Protection factor: 0.90, Radiation accuracy: 80.63, Preservation: 98.40%
    DEBUG: Radiation impact: 0.10, Protection factor: 0.90, Radiation accuracy: 81.46, Preservation: 99.66%
    DEBUG: Radiation impact: 0.10, Protection factor: 0.90, Radiation accuracy: 80.13, Preservation: 99.41%
    DEBUG: Radiation impact: 0.10, Protection factor: 0.90, Radiation accuracy: 80.78, Preservation: 98.65%
    DEBUG: Radiation impact: 0.10, Protection factor: 0.90, Radiation accuracy: 81.22, Preservation: 98.87%
    DEBUG: Radiation impact: 0.10, Protection factor: 0.90, Radiation accuracy: 79.45, Preservation: 98.38%
    DEBUG: Radiation impact: 0.10, Protection factor: 0.90, Radiation accuracy: 80.80, Preservation: 99.87%
    DEBUG: Radiation impact: 0.10, Protection factor: 0.90, Radiation accuracy: 80.81, Preservation: 98.53%
Results: Baseline accuracy = 81.46 ± 0.63, Radiation accuracy = 80.53 ± 0.88, Preservation = 98.86 ± 0.72%
Results: Baseline accuracy = 81.46% ± 0.63%, Radiation accuracy = 80.53% ± 0.88%, Preservation = 98.86% ± 0.72%
Testing configuration:
Architecture: 2-32-256-2-
Dropout: 0.60
Residual: Yes
Protection: 4
    DEBUG: Radiation impact: 0.10, Protection factor: 0.85, Radiation accuracy: 81.48, Preservation: 98.10%
    DEBUG: Radiation impact: 0.10, Protection factor: 0.85, Radiation accuracy: 82.11, Preservation: 98.13%
    DEBUG: Radiation impact: 0.10, Protection factor: 0.85, Radiation accuracy: 83.96, Preservation: 99.19%
    DEBUG: Radiation impact: 0.10, Protection factor: 0.85, Radiation accuracy: 82.60, Preservation: 98.53%
    DEBUG: Radiation impact: 0.10, Protection factor: 0.85, Radiation accuracy: 83.87, Preservation: 99.61%
    DEBUG: Radiation impact: 0.10, Protection factor: 0.85, Radiation accuracy: 81.76, Preservation: 97.76%
    DEBUG: Radiation impact: 0.10, Protection factor: 0.85, Radiation accuracy: 82.82, Preservation: 98.05%
    DEBUG: Radiation impact: 0.10, Protection factor: 0.85, Radiation accuracy: 84.15, Preservation: 99.36%
    DEBUG: Radiation impact: 0.10, Protection factor: 0.85, Radiation accuracy: 84.33, Preservation: 99.45%
    DEBUG: Radiation impact: 0.10, Protection factor: 0.85, Radiation accuracy: 82.04, Preservation: 97.68%
    DEBUG: Radiation impact: 0.10, Protection factor: 0.85, Radiation accuracy: 82.46, Preservation: 99.12%
    DEBUG: Radiation impact: 0.10, Protection factor: 0.85, Radiation accuracy: 81.75, Preservation: 97.46%
    DEBUG: Radiation impact: 0.10, Protection factor: 0.85, Radiation accuracy: 82.88, Preservation: 98.68%
    DEBUG: Radiation impact: 0.10, Protection factor: 0.85, Radiation accuracy: 83.16, Preservation: 98.98%
    DEBUG: Radiation impact: 0.10, Protection factor: 0.85, Radiation accuracy: 81.82, Preservation: 98.37%
    DEBUG: Radiation impact: 0.10, Protection factor: 0.85, Radiation accuracy: 84.30, Preservation: 99.55%
    DEBUG: Radiation impact: 0.10, Protection factor: 0.85, Radiation accuracy: 82.52, Preservation: 98.30%
    DEBUG: Radiation impact: 0.10, Protection factor: 0.85, Radiation accuracy: 83.51, Preservation: 99.38%
    DEBUG: Radiation impact: 0.10, Protection factor: 0.85, Radiation accuracy: 82.53, Preservation: 97.91%
    DEBUG: Radiation impact: 0.10, Protection factor: 0.85, Radiation accuracy: 83.44, Preservation: 99.57%
    DEBUG: Radiation impact: 0.10, Protection factor: 0.85, Radiation accuracy: 81.71, Preservation: 97.38%
    DEBUG: Radiation impact: 0.10, Protection factor: 0.85, Radiation accuracy: 83.29, Preservation: 98.96%
    DEBUG: Radiation impact: 0.10, Protection factor: 0.85, Radiation accuracy: 84.02, Preservation: 99.06%
    DEBUG: Radiation impact: 0.10, Protection factor: 0.85, Radiation accuracy: 82.50, Preservation: 98.91%
    DEBUG: Radiation impact: 0.10, Protection factor: 0.85, Radiation accuracy: 81.97, Preservation: 98.21%
    DEBUG: Radiation impact: 0.10, Protection factor: 0.85, Radiation accuracy: 81.34, Preservation: 97.31%
    DEBUG: Radiation impact: 0.10, Protection factor: 0.85, Radiation accuracy: 84.66, Preservation: 99.66%
    DEBUG: Radiation impact: 0.10, Protection factor: 0.85, Radiation accuracy: 82.21, Preservation: 97.55%
    DEBUG: Radiation impact: 0.10, Protection factor: 0.85, Radiation accuracy: 82.89, Preservation: 99.67%
    DEBUG: Radiation impact: 0.10, Protection factor: 0.85, Radiation accuracy: 84.24, Preservation: 99.18%
    DEBUG: Radiation impact: 0.10, Protection factor: 0.85, Radiation accuracy: 83.35, Preservation: 99.54%
    DEBUG: Radiation impact: 0.10, Protection factor: 0.85, Radiation accuracy: 82.79, Preservation: 97.44%
    DEBUG: Radiation impact: 0.10, Protection factor: 0.85, Radiation accuracy: 82.42, Preservation: 99.28%
    DEBUG: Radiation impact: 0.10, Protection factor: 0.85, Radiation accuracy: 82.44, Preservation: 97.73%
    DEBUG: Radiation impact: 0.10, Protection factor: 0.85, Radiation accuracy: 83.22, Preservation: 97.92%
    DEBUG: Radiation impact: 0.10, Protection factor: 0.85, Radiation accuracy: 83.37, Preservation: 98.73%
    DEBUG: Radiation impact: 0.10, Protection factor: 0.85, Radiation accuracy: 82.99, Preservation: 97.66%
    DEBUG: Radiation impact: 0.10, Protection factor: 0.85, Radiation accuracy: 81.68, Preservation: 97.86%
    DEBUG: Radiation impact: 0.10, Protection factor: 0.85, Radiation accuracy: 83.79, Preservation: 98.84%
    DEBUG: Radiation impact: 0.10, Protection factor: 0.85, Radiation accuracy: 82.55, Preservation: 98.38%
    DEBUG: Radiation impact: 0.10, Protection factor: 0.85, Radiation accuracy: 82.72, Preservation: 99.16%
    DEBUG: Radiation impact: 0.10, Protection factor: 0.85, Radiation accuracy: 83.93, Preservation: 99.65%
    DEBUG: Radiation impact: 0.10, Protection factor: 0.85, Radiation accuracy: 82.57, Preservation: 99.25%
    DEBUG: Radiation impact: 0.10, Protection factor: 0.85, Radiation accuracy: 82.20, Preservation: 98.93%
    DEBUG: Radiation impact: 0.10, Protection factor: 0.85, Radiation accuracy: 81.54, Preservation: 97.34%
    DEBUG: Radiation impact: 0.10, Protection factor: 0.85, Radiation accuracy: 82.84, Preservation: 99.62%
    DEBUG: Radiation impact: 0.10, Protection factor: 0.85, Radiation accuracy: 82.67, Preservation: 97.39%
    DEBUG: Radiation impact: 0.10, Protection factor: 0.85, Radiation accuracy: 82.49, Preservation: 98.13%
    DEBUG: Radiation impact: 0.10, Protection factor: 0.85, Radiation accuracy: 83.00, Preservation: 98.39%
    DEBUG: Radiation impact: 0.10, Protection factor: 0.85, Radiation accuracy: 82.57, Preservation: 99.36%
Results: Baseline accuracy = 84.01 ± 0.61, Radiation accuracy = 82.83 ± 0.83, Preservation = 98.59 ± 0.77%
Results: Baseline accuracy = 84.01% ± 0.61%, Radiation accuracy = 82.83% ± 0.83%, Preservation = 98.59% ± 0.77%
Testing configuration:
Architecture: 2-64-256-256-2-
Dropout: 0.60
Residual: No
Protection: 2
    DEBUG: Radiation impact: 0.10, Protection factor: 0.60, Radiation accuracy: 79.35, Preservation: 96.52%
    DEBUG: Radiation impact: 0.10, Protection factor: 0.60, Radiation accuracy: 79.16, Preservation: 95.71%
    DEBUG: Radiation impact: 0.10, Protection factor: 0.60, Radiation accuracy: 80.09, Preservation: 96.44%
    DEBUG: Radiation impact: 0.10, Protection factor: 0.60, Radiation accuracy: 78.64, Preservation: 95.48%
    DEBUG: Radiation impact: 0.10, Protection factor: 0.60, Radiation accuracy: 80.77, Preservation: 97.04%
    DEBUG: Radiation impact: 0.10, Protection factor: 0.60, Radiation accuracy: 79.83, Preservation: 96.42%
    DEBUG: Radiation impact: 0.10, Protection factor: 0.60, Radiation accuracy: 78.89, Preservation: 95.12%
    DEBUG: Radiation impact: 0.10, Protection factor: 0.60, Radiation accuracy: 79.03, Preservation: 96.43%
    DEBUG: Radiation impact: 0.10, Protection factor: 0.60, Radiation accuracy: 79.09, Preservation: 95.03%
    DEBUG: Radiation impact: 0.10, Protection factor: 0.60, Radiation accuracy: 78.22, Preservation: 95.89%
    DEBUG: Radiation impact: 0.10, Protection factor: 0.60, Radiation accuracy: 79.74, Preservation: 96.38%
    DEBUG: Radiation impact: 0.10, Protection factor: 0.60, Radiation accuracy: 79.03, Preservation: 96.32%
    DEBUG: Radiation impact: 0.10, Protection factor: 0.60, Radiation accuracy: 78.89, Preservation: 94.92%
    DEBUG: Radiation impact: 0.10, Protection factor: 0.60, Radiation accuracy: 80.55, Preservation: 97.17%
    DEBUG: Radiation impact: 0.10, Protection factor: 0.60, Radiation accuracy: 79.38, Preservation: 95.48%
    DEBUG: Radiation impact: 0.10, Protection factor: 0.60, Radiation accuracy: 78.82, Preservation: 95.01%
    DEBUG: Radiation impact: 0.10, Protection factor: 0.60, Radiation accuracy: 79.92, Preservation: 96.86%
    DEBUG: Radiation impact: 0.10, Protection factor: 0.60, Radiation accuracy: 79.31, Preservation: 96.26%
    DEBUG: Radiation impact: 0.10, Protection factor: 0.60, Radiation accuracy: 78.72, Preservation: 96.60%
    DEBUG: Radiation impact: 0.10, Protection factor: 0.60, Radiation accuracy: 79.32, Preservation: 95.16%
    DEBUG: Radiation impact: 0.10, Protection factor: 0.60, Radiation accuracy: 80.04, Preservation: 96.26%
    DEBUG: Radiation impact: 0.10, Protection factor: 0.60, Radiation accuracy: 77.84, Preservation: 95.19%
    DEBUG: Radiation impact: 0.10, Protection factor: 0.60, Radiation accuracy: 78.25, Preservation: 95.28%
    DEBUG: Radiation impact: 0.10, Protection factor: 0.60, Radiation accuracy: 79.91, Preservation: 96.00%
    DEBUG: Radiation impact: 0.10, Protection factor: 0.60, Radiation accuracy: 78.65, Preservation: 96.58%
    DEBUG: Radiation impact: 0.10, Protection factor: 0.60, Radiation accuracy: 78.50, Preservation: 95.55%
    DEBUG: Radiation impact: 0.10, Protection factor: 0.60, Radiation accuracy: 78.82, Preservation: 95.05%
    DEBUG: Radiation impact: 0.10, Protection factor: 0.60, Radiation accuracy: 79.68, Preservation: 96.07%
    DEBUG: Radiation impact: 0.10, Protection factor: 0.60, Radiation accuracy: 78.13, Preservation: 95.92%
    DEBUG: Radiation impact: 0.10, Protection factor: 0.60, Radiation accuracy: 79.49, Preservation: 95.73%
    DEBUG: Radiation impact: 0.10, Protection factor: 0.60, Radiation accuracy: 79.61, Preservation: 97.05%
    DEBUG: Radiation impact: 0.10, Protection factor: 0.60, Radiation accuracy: 80.07, Preservation: 96.32%
    DEBUG: Radiation impact: 0.10, Protection factor: 0.60, Radiation accuracy: 80.51, Preservation: 96.88%
    DEBUG: Radiation impact: 0.10, Protection factor: 0.60, Radiation accuracy: 79.14, Preservation: 95.17%
    DEBUG: Radiation impact: 0.10, Protection factor: 0.60, Radiation accuracy: 78.88, Preservation: 94.81%
    DEBUG: Radiation impact: 0.10, Protection factor: 0.60, Radiation accuracy: 78.02, Preservation: 95.56%
    DEBUG: Radiation impact: 0.10, Protection factor: 0.60, Radiation accuracy: 79.25, Preservation: 96.22%
    DEBUG: Radiation impact: 0.10, Protection factor: 0.60, Radiation accuracy: 80.35, Preservation: 96.40%
    DEBUG: Radiation impact: 0.10, Protection factor: 0.60, Radiation accuracy: 79.32, Preservation: 95.82%
    DEBUG: Radiation impact: 0.10, Protection factor: 0.60, Radiation accuracy: 77.85, Preservation: 95.29%
    DEBUG: Radiation impact: 0.10, Protection factor: 0.60, Radiation accuracy: 80.12, Preservation: 96.97%
    DEBUG: Radiation impact: 0.10, Protection factor: 0.60, Radiation accuracy: 79.00, Preservation: 94.94%
    DEBUG: Radiation impact: 0.10, Protection factor: 0.60, Radiation accuracy: 79.64, Preservation: 95.71%
    DEBUG: Radiation impact: 0.10, Protection factor: 0.60, Radiation accuracy: 79.28, Preservation: 96.89%
    DEBUG: Radiation impact: 0.10, Protection factor: 0.60, Radiation accuracy: 77.81, Preservation: 95.29%
    DEBUG: Radiation impact: 0.10, Protection factor: 0.60, Radiation accuracy: 79.16, Preservation: 96.98%
    DEBUG: Radiation impact: 0.10, Protection factor: 0.60, Radiation accuracy: 78.20, Preservation: 95.03%
    DEBUG: Radiation impact: 0.10, Protection factor: 0.60, Radiation accuracy: 77.99, Preservation: 95.58%
    DEBUG: Radiation impact: 0.10, Protection factor: 0.60, Radiation accuracy: 80.03, Preservation: 96.75%
    DEBUG: Radiation impact: 0.10, Protection factor: 0.60, Radiation accuracy: 79.11, Preservation: 95.93%
Results: Baseline accuracy = 82.53 ± 0.61, Radiation accuracy = 79.19 ± 0.75, Preservation = 95.95 ± 0.69%
Results: Baseline accuracy = 82.53% ± 0.61%, Radiation accuracy = 79.19% ± 0.75%, Preservation = 95.95% ± 0.69%
Testing configuration:
Architecture: 2-32-2-
Dropout: 0.60
Residual: Yes
Protection: 3
    DEBUG: Radiation impact: 0.10, Protection factor: 0.80, Radiation accuracy: 79.21, Preservation: 98.04%
    DEBUG: Radiation impact: 0.10, Protection factor: 0.80, Radiation accuracy: 78.49, Preservation: 97.79%
    DEBUG: Radiation impact: 0.10, Protection factor: 0.80, Radiation accuracy: 79.51, Preservation: 98.15%
    DEBUG: Radiation impact: 0.10, Protection factor: 0.80, Radiation accuracy: 80.21, Preservation: 97.94%
    DEBUG: Radiation impact: 0.10, Protection factor: 0.80, Radiation accuracy: 78.63, Preservation: 97.85%
    DEBUG: Radiation impact: 0.10, Protection factor: 0.80, Radiation accuracy: 79.12, Preservation: 98.26%
    DEBUG: Radiation impact: 0.10, Protection factor: 0.80, Radiation accuracy: 79.27, Preservation: 97.84%
    DEBUG: Radiation impact: 0.10, Protection factor: 0.80, Radiation accuracy: 79.62, Preservation: 99.15%
    DEBUG: Radiation impact: 0.10, Protection factor: 0.80, Radiation accuracy: 78.97, Preservation: 97.97%
    DEBUG: Radiation impact: 0.10, Protection factor: 0.80, Radiation accuracy: 78.00, Preservation: 96.84%
    DEBUG: Radiation impact: 0.10, Protection factor: 0.80, Radiation accuracy: 78.90, Preservation: 97.41%
    DEBUG: Radiation impact: 0.10, Protection factor: 0.80, Radiation accuracy: 80.21, Preservation: 99.15%
    DEBUG: Radiation impact: 0.10, Protection factor: 0.80, Radiation accuracy: 80.15, Preservation: 99.21%
    DEBUG: Radiation impact: 0.10, Protection factor: 0.80, Radiation accuracy: 78.67, Preservation: 96.85%
    DEBUG: Radiation impact: 0.10, Protection factor: 0.80, Radiation accuracy: 79.65, Preservation: 97.31%
    DEBUG: Radiation impact: 0.10, Protection factor: 0.80, Radiation accuracy: 78.10, Preservation: 97.02%
    DEBUG: Radiation impact: 0.10, Protection factor: 0.80, Radiation accuracy: 79.14, Preservation: 97.33%
    DEBUG: Radiation impact: 0.10, Protection factor: 0.80, Radiation accuracy: 80.18, Preservation: 99.23%
    DEBUG: Radiation impact: 0.10, Protection factor: 0.80, Radiation accuracy: 78.87, Preservation: 97.98%
    DEBUG: Radiation impact: 0.10, Protection factor: 0.80, Radiation accuracy: 77.81, Preservation: 96.81%
    DEBUG: Radiation impact: 0.10, Protection factor: 0.80, Radiation accuracy: 79.50, Preservation: 97.32%
    DEBUG: Radiation impact: 0.10, Protection factor: 0.80, Radiation accuracy: 79.89, Preservation: 98.69%
    DEBUG: Radiation impact: 0.10, Protection factor: 0.80, Radiation accuracy: 79.35, Preservation: 96.91%
    DEBUG: Radiation impact: 0.10, Protection factor: 0.80, Radiation accuracy: 79.87, Preservation: 97.62%
    DEBUG: Radiation impact: 0.10, Protection factor: 0.80, Radiation accuracy: 79.26, Preservation: 98.09%
    DEBUG: Radiation impact: 0.10, Protection factor: 0.80, Radiation accuracy: 79.37, Preservation: 97.95%
    DEBUG: Radiation impact: 0.10, Protection factor: 0.80, Radiation accuracy: 79.69, Preservation: 98.73%
    DEBUG: Radiation impact: 0.10, Protection factor: 0.80, Radiation accuracy: 78.63, Preservation: 97.56%
    DEBUG: Radiation impact: 0.10, Protection factor: 0.80, Radiation accuracy: 78.52, Preservation: 97.61%
    DEBUG: Radiation impact: 0.10, Protection factor: 0.80, Radiation accuracy: 80.02, Preservation: 99.03%
    DEBUG: Radiation impact: 0.10, Protection factor: 0.80, Radiation accuracy: 79.48, Preservation: 97.76%
    DEBUG: Radiation impact: 0.10, Protection factor: 0.80, Radiation accuracy: 80.25, Preservation: 98.48%
    DEBUG: Radiation impact: 0.10, Protection factor: 0.80, Radiation accuracy: 77.69, Preservation: 97.18%
    DEBUG: Radiation impact: 0.10, Protection factor: 0.80, Radiation accuracy: 79.07, Preservation: 97.87%
    DEBUG: Radiation impact: 0.10, Protection factor: 0.80, Radiation accuracy: 78.84, Preservation: 97.10%
    DEBUG: Radiation impact: 0.10, Protection factor: 0.80, Radiation accuracy: 79.22, Preservation: 98.22%
    DEBUG: Radiation impact: 0.10, Protection factor: 0.80, Radiation accuracy: 79.51, Preservation: 99.18%
    DEBUG: Radiation impact: 0.10, Protection factor: 0.80, Radiation accuracy: 78.38, Preservation: 97.34%
    DEBUG: Radiation impact: 0.10, Protection factor: 0.80, Radiation accuracy: 79.55, Preservation: 98.86%
    DEBUG: Radiation impact: 0.10, Protection factor: 0.80, Radiation accuracy: 77.91, Preservation: 97.03%
    DEBUG: Radiation impact: 0.10, Protection factor: 0.80, Radiation accuracy: 79.78, Preservation: 98.65%
    DEBUG: Radiation impact: 0.10, Protection factor: 0.80, Radiation accuracy: 79.41, Preservation: 97.42%
    DEBUG: Radiation impact: 0.10, Protection factor: 0.80, Radiation accuracy: 78.99, Preservation: 96.95%
    DEBUG: Radiation impact: 0.10, Protection factor: 0.80, Radiation accuracy: 77.39, Preservation: 96.77%
    DEBUG: Radiation impact: 0.10, Protection factor: 0.80, Radiation accuracy: 79.24, Preservation: 98.62%
    DEBUG: Radiation impact: 0.10, Protection factor: 0.80, Radiation accuracy: 77.48, Preservation: 96.76%
    DEBUG: Radiation impact: 0.10, Protection factor: 0.80, Radiation accuracy: 80.22, Preservation: 99.13%
    DEBUG: Radiation impact: 0.10, Protection factor: 0.80, Radiation accuracy: 79.61, Preservation: 99.13%
    DEBUG: Radiation impact: 0.10, Protection factor: 0.80, Radiation accuracy: 80.06, Preservation: 97.97%
    DEBUG: Radiation impact: 0.10, Protection factor: 0.80, Radiation accuracy: 79.88, Preservation: 98.50%
Results: Baseline accuracy = 80.85 ± 0.52, Radiation accuracy = 79.18 ± 0.75, Preservation = 97.93 ± 0.77%
Results: Baseline accuracy = 80.85% ± 0.52%, Radiation accuracy = 79.18% ± 0.75%, Preservation = 97.93% ± 0.77%
Testing configuration:
Architecture: 2-128-128-32-2-
Dropout: 0.30
Residual: No
Protection: 2
    DEBUG: Radiation impact: 0.10, Protection factor: 0.60, Radiation accuracy: 80.35, Preservation: 95.32%
    DEBUG: Radiation impact: 0.10, Protection factor: 0.60, Radiation accuracy: 82.51, Preservation: 96.43%
    DEBUG: Radiation impact: 0.10, Protection factor: 0.60, Radiation accuracy: 80.98, Preservation: 96.07%
    DEBUG: Radiation impact: 0.10, Protection factor: 0.60, Radiation accuracy: 80.70, Preservation: 94.99%
    DEBUG: Radiation impact: 0.10, Protection factor: 0.60, Radiation accuracy: 81.74, Preservation: 95.05%
    DEBUG: Radiation impact: 0.10, Protection factor: 0.60, Radiation accuracy: 82.09, Preservation: 95.54%
    DEBUG: Radiation impact: 0.10, Protection factor: 0.60, Radiation accuracy: 83.08, Preservation: 96.92%
    DEBUG: Radiation impact: 0.10, Protection factor: 0.60, Radiation accuracy: 82.34, Preservation: 96.27%
    DEBUG: Radiation impact: 0.10, Protection factor: 0.60, Radiation accuracy: 80.59, Preservation: 95.71%
    DEBUG: Radiation impact: 0.10, Protection factor: 0.60, Radiation accuracy: 81.45, Preservation: 96.49%
    DEBUG: Radiation impact: 0.10, Protection factor: 0.60, Radiation accuracy: 81.26, Preservation: 95.10%
    DEBUG: Radiation impact: 0.10, Protection factor: 0.60, Radiation accuracy: 83.19, Preservation: 96.86%
    DEBUG: Radiation impact: 0.10, Protection factor: 0.60, Radiation accuracy: 81.80, Preservation: 96.91%
    DEBUG: Radiation impact: 0.10, Protection factor: 0.60, Radiation accuracy: 81.98, Preservation: 95.49%
    DEBUG: Radiation impact: 0.10, Protection factor: 0.60, Radiation accuracy: 80.42, Preservation: 95.39%
    DEBUG: Radiation impact: 0.10, Protection factor: 0.60, Radiation accuracy: 82.52, Preservation: 96.25%
    DEBUG: Radiation impact: 0.10, Protection factor: 0.60, Radiation accuracy: 81.68, Preservation: 96.55%
    DEBUG: Radiation impact: 0.10, Protection factor: 0.60, Radiation accuracy: 80.59, Preservation: 95.07%
    DEBUG: Radiation impact: 0.10, Protection factor: 0.60, Radiation accuracy: 80.22, Preservation: 94.84%
    DEBUG: Radiation impact: 0.10, Protection factor: 0.60, Radiation accuracy: 82.17, Preservation: 96.32%
    DEBUG: Radiation impact: 0.10, Protection factor: 0.60, Radiation accuracy: 80.88, Preservation: 95.36%
    DEBUG: Radiation impact: 0.10, Protection factor: 0.60, Radiation accuracy: 81.56, Preservation: 95.09%
    DEBUG: Radiation impact: 0.10, Protection factor: 0.60, Radiation accuracy: 81.91, Preservation: 95.09%
    DEBUG: Radiation impact: 0.10, Protection factor: 0.60, Radiation accuracy: 82.48, Preservation: 97.07%
    DEBUG: Radiation impact: 0.10, Protection factor: 0.60, Radiation accuracy: 81.00, Preservation: 95.63%
    DEBUG: Radiation impact: 0.10, Protection factor: 0.60, Radiation accuracy: 81.56, Preservation: 95.96%
    DEBUG: Radiation impact: 0.10, Protection factor: 0.60, Radiation accuracy: 80.85, Preservation: 96.01%
    DEBUG: Radiation impact: 0.10, Protection factor: 0.60, Radiation accuracy: 83.31, Preservation: 97.10%
    DEBUG: Radiation impact: 0.10, Protection factor: 0.60, Radiation accuracy: 82.06, Preservation: 95.85%
    DEBUG: Radiation impact: 0.10, Protection factor: 0.60, Radiation accuracy: 81.66, Preservation: 96.69%
    DEBUG: Radiation impact: 0.10, Protection factor: 0.60, Radiation accuracy: 82.30, Preservation: 96.12%
    DEBUG: Radiation impact: 0.10, Protection factor: 0.60, Radiation accuracy: 81.58, Preservation: 96.26%
    DEBUG: Radiation impact: 0.10, Protection factor: 0.60, Radiation accuracy: 81.58, Preservation: 95.78%
    DEBUG: Radiation impact: 0.10, Protection factor: 0.60, Radiation accuracy: 82.27, Preservation: 95.82%
    DEBUG: Radiation impact: 0.10, Protection factor: 0.60, Radiation accuracy: 82.57, Preservation: 95.89%
    DEBUG: Radiation impact: 0.10, Protection factor: 0.60, Radiation accuracy: 81.11, Preservation: 96.30%
    DEBUG: Radiation impact: 0.10, Protection factor: 0.60, Radiation accuracy: 81.88, Preservation: 97.08%
    DEBUG: Radiation impact: 0.10, Protection factor: 0.60, Radiation accuracy: 80.54, Preservation: 95.31%
    DEBUG: Radiation impact: 0.10, Protection factor: 0.60, Radiation accuracy: 82.03, Preservation: 97.05%
    DEBUG: Radiation impact: 0.10, Protection factor: 0.60, Radiation accuracy: 82.11, Preservation: 95.70%
    DEBUG: Radiation impact: 0.10, Protection factor: 0.60, Radiation accuracy: 82.06, Preservation: 96.23%
    DEBUG: Radiation impact: 0.10, Protection factor: 0.60, Radiation accuracy: 83.29, Preservation: 96.93%
    DEBUG: Radiation impact: 0.10, Protection factor: 0.60, Radiation accuracy: 81.56, Preservation: 95.09%
    DEBUG: Radiation impact: 0.10, Protection factor: 0.60, Radiation accuracy: 83.21, Preservation: 97.03%
    DEBUG: Radiation impact: 0.10, Protection factor: 0.60, Radiation accuracy: 80.75, Preservation: 95.30%
    DEBUG: Radiation impact: 0.10, Protection factor: 0.60, Radiation accuracy: 83.36, Preservation: 96.81%
    DEBUG: Radiation impact: 0.10, Protection factor: 0.60, Radiation accuracy: 82.47, Preservation: 96.73%
    DEBUG: Radiation impact: 0.10, Protection factor: 0.60, Radiation accuracy: 80.78, Preservation: 95.58%
    DEBUG: Radiation impact: 0.10, Protection factor: 0.60, Radiation accuracy: 82.67, Preservation: 96.63%
    DEBUG: Radiation impact: 0.10, Protection factor: 0.60, Radiation accuracy: 80.56, Preservation: 95.41%
Results: Baseline accuracy = 85.15 ± 0.64, Radiation accuracy = 81.75 ± 0.86, Preservation = 96.01 ± 0.68%
Results: Baseline accuracy = 85.15% ± 0.64%, Radiation accuracy = 81.75% ± 0.86%, Preservation = 96.01% ± 0.68%
Testing configuration:
Architecture: 2-32-2-
Dropout: 0.60
Residual: No
Protection: 5
    DEBUG: Radiation impact: 0.10, Protection factor: 0.90, Radiation accuracy: 79.70, Preservation: 98.22%
    DEBUG: Radiation impact: 0.10, Protection factor: 0.90, Radiation accuracy: 79.54, Preservation: 98.77%
    DEBUG: Radiation impact: 0.10, Protection factor: 0.90, Radiation accuracy: 79.73, Preservation: 98.86%
    DEBUG: Radiation impact: 0.10, Protection factor: 0.90, Radiation accuracy: 78.83, Preservation: 98.52%
    DEBUG: Radiation impact: 0.10, Protection factor: 0.90, Radiation accuracy: 79.84, Preservation: 99.12%
    DEBUG: Radiation impact: 0.10, Protection factor: 0.90, Radiation accuracy: 80.31, Preservation: 98.77%
    DEBUG: Radiation impact: 0.10, Protection factor: 0.90, Radiation accuracy: 79.54, Preservation: 98.85%
    DEBUG: Radiation impact: 0.10, Protection factor: 0.90, Radiation accuracy: 78.81, Preservation: 98.27%
    DEBUG: Radiation impact: 0.10, Protection factor: 0.90, Radiation accuracy: 79.79, Preservation: 99.37%
    DEBUG: Radiation impact: 0.10, Protection factor: 0.90, Radiation accuracy: 81.72, Preservation: 100.00%
    DEBUG: Radiation impact: 0.10, Protection factor: 0.90, Radiation accuracy: 79.29, Preservation: 98.41%
    DEBUG: Radiation impact: 0.10, Protection factor: 0.90, Radiation accuracy: 80.96, Preservation: 99.03%
    DEBUG: Radiation impact: 0.10, Protection factor: 0.90, Radiation accuracy: 79.55, Preservation: 99.27%
    DEBUG: Radiation impact: 0.10, Protection factor: 0.90, Radiation accuracy: 78.70, Preservation: 98.09%
    DEBUG: Radiation impact: 0.10, Protection factor: 0.90, Radiation accuracy: 80.07, Preservation: 98.36%
    DEBUG: Radiation impact: 0.10, Protection factor: 0.90, Radiation accuracy: 81.07, Preservation: 99.68%
    DEBUG: Radiation impact: 0.10, Protection factor: 0.90, Radiation accuracy: 79.63, Preservation: 99.38%
    DEBUG: Radiation impact: 0.10, Protection factor: 0.90, Radiation accuracy: 81.02, Preservation: 98.94%
    DEBUG: Radiation impact: 0.10, Protection factor: 0.90, Radiation accuracy: 79.08, Preservation: 98.75%
    DEBUG: Radiation impact: 0.10, Protection factor: 0.90, Radiation accuracy: 79.57, Preservation: 97.96%
    DEBUG: Radiation impact: 0.10, Protection factor: 0.90, Radiation accuracy: 80.06, Preservation: 98.04%
    DEBUG: Radiation impact: 0.10, Protection factor: 0.90, Radiation accuracy: 79.28, Preservation: 97.91%
    DEBUG: Radiation impact: 0.10, Protection factor: 0.90, Radiation accuracy: 79.42, Preservation: 97.96%
    DEBUG: Radiation impact: 0.10, Protection factor: 0.90, Radiation accuracy: 79.40, Preservation: 98.61%
    DEBUG: Radiation impact: 0.10, Protection factor: 0.90, Radiation accuracy: 79.99, Preservation: 99.49%
    DEBUG: Radiation impact: 0.10, Protection factor: 0.90, Radiation accuracy: 79.07, Preservation: 97.95%
    DEBUG: Radiation impact: 0.10, Protection factor: 0.90, Radiation accuracy: 79.75, Preservation: 99.43%
    DEBUG: Radiation impact: 0.10, Protection factor: 0.90, Radiation accuracy: 81.38, Preservation: 99.79%
    DEBUG: Radiation impact: 0.10, Protection factor: 0.90, Radiation accuracy: 80.45, Preservation: 98.84%
    DEBUG: Radiation impact: 0.10, Protection factor: 0.90, Radiation accuracy: 80.35, Preservation: 98.66%
    DEBUG: Radiation impact: 0.10, Protection factor: 0.90, Radiation accuracy: 81.27, Preservation: 100.00%
    DEBUG: Radiation impact: 0.10, Protection factor: 0.90, Radiation accuracy: 80.50, Preservation: 99.52%
    DEBUG: Radiation impact: 0.10, Protection factor: 0.90, Radiation accuracy: 80.07, Preservation: 98.73%
    DEBUG: Radiation impact: 0.10, Protection factor: 0.90, Radiation accuracy: 81.36, Preservation: 100.00%
    DEBUG: Radiation impact: 0.10, Protection factor: 0.90, Radiation accuracy: 79.54, Preservation: 99.26%
    DEBUG: Radiation impact: 0.10, Protection factor: 0.90, Radiation accuracy: 80.68, Preservation: 99.69%
    DEBUG: Radiation impact: 0.10, Protection factor: 0.90, Radiation accuracy: 79.88, Preservation: 99.04%
    DEBUG: Radiation impact: 0.10, Protection factor: 0.90, Radiation accuracy: 80.87, Preservation: 99.97%
    DEBUG: Radiation impact: 0.10, Protection factor: 0.90, Radiation accuracy: 80.98, Preservation: 100.00%
    DEBUG: Radiation impact: 0.10, Protection factor: 0.90, Radiation accuracy: 79.79, Preservation: 98.31%
    DEBUG: Radiation impact: 0.10, Protection factor: 0.90, Radiation accuracy: 79.80, Preservation: 98.36%
    DEBUG: Radiation impact: 0.10, Protection factor: 0.90, Radiation accuracy: 80.39, Preservation: 99.55%
    DEBUG: Radiation impact: 0.10, Protection factor: 0.90, Radiation accuracy: 79.93, Preservation: 98.00%
    DEBUG: Radiation impact: 0.10, Protection factor: 0.90, Radiation accuracy: 81.77, Preservation: 100.00%
    DEBUG: Radiation impact: 0.10, Protection factor: 0.90, Radiation accuracy: 79.96, Preservation: 99.32%
    DEBUG: Radiation impact: 0.10, Protection factor: 0.90, Radiation accuracy: 79.93, Preservation: 98.06%
    DEBUG: Radiation impact: 0.10, Protection factor: 0.90, Radiation accuracy: 81.28, Preservation: 99.82%
    DEBUG: Radiation impact: 0.10, Protection factor: 0.90, Radiation accuracy: 79.70, Preservation: 99.22%
    DEBUG: Radiation impact: 0.10, Protection factor: 0.90, Radiation accuracy: 80.38, Preservation: 99.79%
    DEBUG: Radiation impact: 0.10, Protection factor: 0.90, Radiation accuracy: 79.51, Preservation: 98.98%
Results: Baseline accuracy = 80.90 ± 0.53, Radiation accuracy = 80.07 ± 0.76, Preservation = 98.98 ± 0.66%
Results: Baseline accuracy = 80.90% ± 0.53%, Radiation accuracy = 80.07% ± 0.76%, Preservation = 98.98% ± 0.66%
Testing configuration:
Architecture: 2-64-2-
Dropout: 0.30
Residual: No
Protection: 3
    DEBUG: Radiation impact: 0.10, Protection factor: 0.80, Radiation accuracy: 84.20, Preservation: 98.98%
    DEBUG: Radiation impact: 0.10, Protection factor: 0.80, Radiation accuracy: 82.40, Preservation: 97.95%
    DEBUG: Radiation impact: 0.10, Protection factor: 0.80, Radiation accuracy: 82.53, Preservation: 98.22%
    DEBUG: Radiation impact: 0.10, Protection factor: 0.80, Radiation accuracy: 81.24, Preservation: 97.67%
    DEBUG: Radiation impact: 0.10, Protection factor: 0.80, Radiation accuracy: 82.82, Preservation: 98.14%
    DEBUG: Radiation impact: 0.10, Protection factor: 0.80, Radiation accuracy: 81.71, Preservation: 96.85%
    DEBUG: Radiation impact: 0.10, Protection factor: 0.80, Radiation accuracy: 83.89, Preservation: 98.92%
    DEBUG: Radiation impact: 0.10, Protection factor: 0.80, Radiation accuracy: 82.19, Preservation: 98.47%
    DEBUG: Radiation impact: 0.10, Protection factor: 0.80, Radiation accuracy: 81.87, Preservation: 98.37%
    DEBUG: Radiation impact: 0.10, Protection factor: 0.80, Radiation accuracy: 81.53, Preservation: 97.88%
    DEBUG: Radiation impact: 0.10, Protection factor: 0.80, Radiation accuracy: 82.52, Preservation: 98.43%
    DEBUG: Radiation impact: 0.10, Protection factor: 0.80, Radiation accuracy: 82.35, Preservation: 97.65%
    DEBUG: Radiation impact: 0.10, Protection factor: 0.80, Radiation accuracy: 81.72, Preservation: 97.54%
    DEBUG: Radiation impact: 0.10, Protection factor: 0.80, Radiation accuracy: 82.93, Preservation: 99.04%
    DEBUG: Radiation impact: 0.10, Protection factor: 0.80, Radiation accuracy: 82.00, Preservation: 96.95%
    DEBUG: Radiation impact: 0.10, Protection factor: 0.80, Radiation accuracy: 82.33, Preservation: 98.76%
    DEBUG: Radiation impact: 0.10, Protection factor: 0.80, Radiation accuracy: 82.01, Preservation: 98.36%
    DEBUG: Radiation impact: 0.10, Protection factor: 0.80, Radiation accuracy: 82.13, Preservation: 97.78%
    DEBUG: Radiation impact: 0.10, Protection factor: 0.80, Radiation accuracy: 82.97, Preservation: 98.65%
    DEBUG: Radiation impact: 0.10, Protection factor: 0.80, Radiation accuracy: 83.69, Preservation: 99.10%
    DEBUG: Radiation impact: 0.10, Protection factor: 0.80, Radiation accuracy: 81.81, Preservation: 97.84%
    DEBUG: Radiation impact: 0.10, Protection factor: 0.80, Radiation accuracy: 82.53, Preservation: 97.04%
    DEBUG: Radiation impact: 0.10, Protection factor: 0.80, Radiation accuracy: 82.61, Preservation: 97.65%
    DEBUG: Radiation impact: 0.10, Protection factor: 0.80, Radiation accuracy: 81.05, Preservation: 97.29%
    DEBUG: Radiation impact: 0.10, Protection factor: 0.80, Radiation accuracy: 81.73, Preservation: 97.44%
    DEBUG: Radiation impact: 0.10, Protection factor: 0.80, Radiation accuracy: 82.12, Preservation: 98.57%
    DEBUG: Radiation impact: 0.10, Protection factor: 0.80, Radiation accuracy: 82.66, Preservation: 97.43%
    DEBUG: Radiation impact: 0.10, Protection factor: 0.80, Radiation accuracy: 84.09, Preservation: 99.17%
    DEBUG: Radiation impact: 0.10, Protection factor: 0.80, Radiation accuracy: 82.35, Preservation: 97.15%
    DEBUG: Radiation impact: 0.10, Protection factor: 0.80, Radiation accuracy: 81.90, Preservation: 97.25%
    DEBUG: Radiation impact: 0.10, Protection factor: 0.80, Radiation accuracy: 82.46, Preservation: 96.90%
    DEBUG: Radiation impact: 0.10, Protection factor: 0.80, Radiation accuracy: 83.08, Preservation: 97.61%
    DEBUG: Radiation impact: 0.10, Protection factor: 0.80, Radiation accuracy: 82.04, Preservation: 97.97%
    DEBUG: Radiation impact: 0.10, Protection factor: 0.80, Radiation accuracy: 82.00, Preservation: 97.55%
    DEBUG: Radiation impact: 0.10, Protection factor: 0.80, Radiation accuracy: 81.55, Preservation: 97.39%
    DEBUG: Radiation impact: 0.10, Protection factor: 0.80, Radiation accuracy: 82.39, Preservation: 99.00%
    DEBUG: Radiation impact: 0.10, Protection factor: 0.80, Radiation accuracy: 83.29, Preservation: 98.67%
    DEBUG: Radiation impact: 0.10, Protection factor: 0.80, Radiation accuracy: 83.36, Preservation: 98.01%
    DEBUG: Radiation impact: 0.10, Protection factor: 0.80, Radiation accuracy: 81.14, Preservation: 97.05%
    DEBUG: Radiation impact: 0.10, Protection factor: 0.80, Radiation accuracy: 82.05, Preservation: 98.59%
    DEBUG: Radiation impact: 0.10, Protection factor: 0.80, Radiation accuracy: 81.17, Preservation: 96.92%
    DEBUG: Radiation impact: 0.10, Protection factor: 0.80, Radiation accuracy: 81.43, Preservation: 97.41%
    DEBUG: Radiation impact: 0.10, Protection factor: 0.80, Radiation accuracy: 81.90, Preservation: 97.61%
    DEBUG: Radiation impact: 0.10, Protection factor: 0.80, Radiation accuracy: 83.29, Preservation: 99.15%
    DEBUG: Radiation impact: 0.10, Protection factor: 0.80, Radiation accuracy: 82.26, Preservation: 97.67%
    DEBUG: Radiation impact: 0.10, Protection factor: 0.80, Radiation accuracy: 83.14, Preservation: 98.20%
    DEBUG: Radiation impact: 0.10, Protection factor: 0.80, Radiation accuracy: 82.29, Preservation: 96.89%
    DEBUG: Radiation impact: 0.10, Protection factor: 0.80, Radiation accuracy: 81.09, Preservation: 97.34%
    DEBUG: Radiation impact: 0.10, Protection factor: 0.80, Radiation accuracy: 82.79, Preservation: 97.82%
    DEBUG: Radiation impact: 0.10, Protection factor: 0.80, Radiation accuracy: 82.95, Preservation: 98.50%
Results: Baseline accuracy = 84.09 ± 0.59, Radiation accuracy = 82.35 ± 0.76, Preservation = 97.94 ± 0.69%
Results: Baseline accuracy = 84.09% ± 0.59%, Radiation accuracy = 82.35% ± 0.76%, Preservation = 97.94% ± 0.69%
Testing configuration:
Architecture: 2-256-2-
Dropout: 0.50
Residual: Yes
Protection: 4
    DEBUG: Radiation impact: 0.10, Protection factor: 0.85, Radiation accuracy: 81.29, Preservation: 98.41%
    DEBUG: Radiation impact: 0.10, Protection factor: 0.85, Radiation accuracy: 80.83, Preservation: 98.01%
    DEBUG: Radiation impact: 0.10, Protection factor: 0.85, Radiation accuracy: 80.92, Preservation: 99.08%
    DEBUG: Radiation impact: 0.10, Protection factor: 0.85, Radiation accuracy: 80.21, Preservation: 98.41%
    DEBUG: Radiation impact: 0.10, Protection factor: 0.85, Radiation accuracy: 80.81, Preservation: 98.96%
    DEBUG: Radiation impact: 0.10, Protection factor: 0.85, Radiation accuracy: 80.47, Preservation: 98.06%
    DEBUG: Radiation impact: 0.10, Protection factor: 0.85, Radiation accuracy: 81.49, Preservation: 98.14%
    DEBUG: Radiation impact: 0.10, Protection factor: 0.85, Radiation accuracy: 80.46, Preservation: 97.77%
    DEBUG: Radiation impact: 0.10, Protection factor: 0.85, Radiation accuracy: 80.24, Preservation: 97.57%
    DEBUG: Radiation impact: 0.10, Protection factor: 0.85, Radiation accuracy: 82.28, Preservation: 98.61%
    DEBUG: Radiation impact: 0.10, Protection factor: 0.85, Radiation accuracy: 82.42, Preservation: 99.11%
    DEBUG: Radiation impact: 0.10, Protection factor: 0.85, Radiation accuracy: 81.52, Preservation: 97.82%
    DEBUG: Radiation impact: 0.10, Protection factor: 0.85, Radiation accuracy: 80.62, Preservation: 97.61%
    DEBUG: Radiation impact: 0.10, Protection factor: 0.85, Radiation accuracy: 80.42, Preservation: 97.52%
    DEBUG: Radiation impact: 0.10, Protection factor: 0.85, Radiation accuracy: 81.04, Preservation: 97.73%
    DEBUG: Radiation impact: 0.10, Protection factor: 0.85, Radiation accuracy: 81.40, Preservation: 98.53%
    DEBUG: Radiation impact: 0.10, Protection factor: 0.85, Radiation accuracy: 81.46, Preservation: 97.95%
    DEBUG: Radiation impact: 0.10, Protection factor: 0.85, Radiation accuracy: 81.31, Preservation: 99.48%
    DEBUG: Radiation impact: 0.10, Protection factor: 0.85, Radiation accuracy: 80.96, Preservation: 97.34%
    DEBUG: Radiation impact: 0.10, Protection factor: 0.85, Radiation accuracy: 79.85, Preservation: 97.64%
    DEBUG: Radiation impact: 0.10, Protection factor: 0.85, Radiation accuracy: 81.28, Preservation: 98.01%
    DEBUG: Radiation impact: 0.10, Protection factor: 0.85, Radiation accuracy: 82.19, Preservation: 99.53%
    DEBUG: Radiation impact: 0.10, Protection factor: 0.85, Radiation accuracy: 81.56, Preservation: 97.87%
    DEBUG: Radiation impact: 0.10, Protection factor: 0.85, Radiation accuracy: 81.57, Preservation: 99.65%
    DEBUG: Radiation impact: 0.10, Protection factor: 0.85, Radiation accuracy: 80.24, Preservation: 97.35%
    DEBUG: Radiation impact: 0.10, Protection factor: 0.85, Radiation accuracy: 81.10, Preservation: 99.23%
    DEBUG: Radiation impact: 0.10, Protection factor: 0.85, Radiation accuracy: 81.61, Preservation: 99.44%
    DEBUG: Radiation impact: 0.10, Protection factor: 0.85, Radiation accuracy: 82.39, Preservation: 99.39%
    DEBUG: Radiation impact: 0.10, Protection factor: 0.85, Radiation accuracy: 81.31, Preservation: 97.54%
    DEBUG: Radiation impact: 0.10, Protection factor: 0.85, Radiation accuracy: 80.65, Preservation: 98.16%
    DEBUG: Radiation impact: 0.10, Protection factor: 0.85, Radiation accuracy: 81.54, Preservation: 97.70%
    DEBUG: Radiation impact: 0.10, Protection factor: 0.85, Radiation accuracy: 80.81, Preservation: 97.76%
    DEBUG: Radiation impact: 0.10, Protection factor: 0.85, Radiation accuracy: 81.76, Preservation: 99.72%
    DEBUG: Radiation impact: 0.10, Protection factor: 0.85, Radiation accuracy: 81.39, Preservation: 97.67%
    DEBUG: Radiation impact: 0.10, Protection factor: 0.85, Radiation accuracy: 80.21, Preservation: 97.30%
    DEBUG: Radiation impact: 0.10, Protection factor: 0.85, Radiation accuracy: 82.41, Preservation: 99.51%
    DEBUG: Radiation impact: 0.10, Protection factor: 0.85, Radiation accuracy: 81.71, Preservation: 98.62%
    DEBUG: Radiation impact: 0.10, Protection factor: 0.85, Radiation accuracy: 81.35, Preservation: 98.46%
    DEBUG: Radiation impact: 0.10, Protection factor: 0.85, Radiation accuracy: 80.05, Preservation: 97.68%
    DEBUG: Radiation impact: 0.10, Protection factor: 0.85, Radiation accuracy: 81.96, Preservation: 98.67%
    DEBUG: Radiation impact: 0.10, Protection factor: 0.85, Radiation accuracy: 82.15, Preservation: 98.62%
    DEBUG: Radiation impact: 0.10, Protection factor: 0.85, Radiation accuracy: 80.44, Preservation: 97.62%
    DEBUG: Radiation impact: 0.10, Protection factor: 0.85, Radiation accuracy: 81.39, Preservation: 97.86%
    DEBUG: Radiation impact: 0.10, Protection factor: 0.85, Radiation accuracy: 82.44, Preservation: 99.53%
    DEBUG: Radiation impact: 0.10, Protection factor: 0.85, Radiation accuracy: 82.11, Preservation: 99.48%
    DEBUG: Radiation impact: 0.10, Protection factor: 0.85, Radiation accuracy: 82.59, Preservation: 99.02%
    DEBUG: Radiation impact: 0.10, Protection factor: 0.85, Radiation accuracy: 81.46, Preservation: 98.45%
    DEBUG: Radiation impact: 0.10, Protection factor: 0.85, Radiation accuracy: 82.19, Preservation: 99.37%
    DEBUG: Radiation impact: 0.10, Protection factor: 0.85, Radiation accuracy: 82.07, Preservation: 98.40%
    DEBUG: Radiation impact: 0.10, Protection factor: 0.85, Radiation accuracy: 80.50, Preservation: 98.55%
Results: Baseline accuracy = 82.61 ± 0.57, Radiation accuracy = 81.29 ± 0.72, Preservation = 98.40 ± 0.73%
Results: Baseline accuracy = 82.61% ± 0.57%, Radiation accuracy = 81.29% ± 0.72%, Preservation = 98.40% ± 0.73%
QD coverage: 0.0009% (occupied 9), elites injected: 4
Results exported to auto_arch_search_results.csv
Generation 2/20
Testing configuration:
Architecture: 2-256-2-
Dropout: 0.6000
Residual: No
Protection: 5
    DEBUG: Radiation impact: 0.1000, Protection factor: 0.9000, Radiation accuracy: 80.2040, Preservation: 98.0033%
    DEBUG: Radiation impact: 0.1000, Protection factor: 0.9000, Radiation accuracy: 80.4582, Preservation: 99.9336%
    DEBUG: Radiation impact: 0.1000, Protection factor: 0.9000, Radiation accuracy: 81.7074, Preservation: 99.5449%
    DEBUG: Radiation impact: 0.1000, Protection factor: 0.9000, Radiation accuracy: 79.1842, Preservation: 97.8060%
    DEBUG: Radiation impact: 0.1000, Protection factor: 0.9000, Radiation accuracy: 80.8587, Preservation: 98.0783%
    DEBUG: Radiation impact: 0.1000, Protection factor: 0.9000, Radiation accuracy: 79.5041, Preservation: 98.1892%
    DEBUG: Radiation impact: 0.1000, Protection factor: 0.9000, Radiation accuracy: 81.1107, Preservation: 99.4837%
    DEBUG: Radiation impact: 0.1000, Protection factor: 0.9000, Radiation accuracy: 81.1232, Preservation: 99.0057%
    DEBUG: Radiation impact: 0.1000, Protection factor: 0.9000, Radiation accuracy: 81.4883, Preservation: 99.2102%
    DEBUG: Radiation impact: 0.1000, Protection factor: 0.9000, Radiation accuracy: 81.4216, Preservation: 100.0000%
    DEBUG: Radiation impact: 0.1000, Protection factor: 0.9000, Radiation accuracy: 81.0563, Preservation: 99.3220%
    DEBUG: Radiation impact: 0.1000, Protection factor: 0.9000, Radiation accuracy: 80.4685, Preservation: 99.7367%
    DEBUG: Radiation impact: 0.1000, Protection factor: 0.9000, Radiation accuracy: 82.0950, Preservation: 99.7059%
    DEBUG: Radiation impact: 0.1000, Protection factor: 0.9000, Radiation accuracy: 79.2862, Preservation: 98.0098%
    DEBUG: Radiation impact: 0.1000, Protection factor: 0.9000, Radiation accuracy: 81.1482, Preservation: 100.0000%
    DEBUG: Radiation impact: 0.1000, Protection factor: 0.9000, Radiation accuracy: 81.0076, Preservation: 99.2526%
    DEBUG: Radiation impact: 0.1000, Protection factor: 0.9000, Radiation accuracy: 81.6575, Preservation: 99.1194%
    DEBUG: Radiation impact: 0.1000, Protection factor: 0.9000, Radiation accuracy: 80.5148, Preservation: 99.3545%
    DEBUG: Radiation impact: 0.1000, Protection factor: 0.9000, Radiation accuracy: 79.1235, Preservation: 97.8835%
    DEBUG: Radiation impact: 0.1000, Protection factor: 0.9000, Radiation accuracy: 79.9038, Preservation: 98.3990%
    DEBUG: Radiation impact: 0.1000, Protection factor: 0.9000, Radiation accuracy: 82.1686, Preservation: 99.9265%
    DEBUG: Radiation impact: 0.1000, Protection factor: 0.9000, Radiation accuracy: 80.0073, Preservation: 98.6348%
    DEBUG: Radiation impact: 0.1000, Protection factor: 0.9000, Radiation accuracy: 80.5451, Preservation: 100.0000%
    DEBUG: Radiation impact: 0.1000, Protection factor: 0.9000, Radiation accuracy: 81.0678, Preservation: 99.6878%
    DEBUG: Radiation impact: 0.1000, Protection factor: 0.9000, Radiation accuracy: 80.4045, Preservation: 98.3266%
    DEBUG: Radiation impact: 0.1000, Protection factor: 0.9000, Radiation accuracy: 79.6730, Preservation: 97.9970%
    DEBUG: Radiation impact: 0.1000, Protection factor: 0.9000, Radiation accuracy: 80.9022, Preservation: 98.9166%
    DEBUG: Radiation impact: 0.1000, Protection factor: 0.9000, Radiation accuracy: 81.4553, Preservation: 98.9773%
    DEBUG: Radiation impact: 0.1000, Protection factor: 0.9000, Radiation accuracy: 80.2033, Preservation: 98.0720%
    DEBUG: Radiation impact: 0.1000, Protection factor: 0.9000, Radiation accuracy: 81.3591, Preservation: 98.8302%
    DEBUG: Radiation impact: 0.1000, Protection factor: 0.9000, Radiation accuracy: 80.5386, Preservation: 98.8943%
    DEBUG: Radiation impact: 0.1000, Protection factor: 0.9000, Radiation accuracy: 80.5710, Preservation: 98.7707%
    DEBUG: Radiation impact: 0.1000, Protection factor: 0.9000, Radiation accuracy: 79.4615, Preservation: 98.2964%
    DEBUG: Radiation impact: 0.1000, Protection factor: 0.9000, Radiation accuracy: 79.5465, Preservation: 98.4352%
    DEBUG: Radiation impact: 0.1000, Protection factor: 0.9000, Radiation accuracy: 79.8438, Preservation: 98.2878%
    DEBUG: Radiation impact: 0.1000, Protection factor: 0.9000, Radiation accuracy: 80.2085, Preservation: 99.4590%
    DEBUG: Radiation impact: 0.1000, Protection factor: 0.9000, Radiation accuracy: 81.6697, Preservation: 99.1069%
    DEBUG: Radiation impact: 0.1000, Protection factor: 0.9000, Radiation accuracy: 82.0496, Preservation: 99.7306%
    DEBUG: Radiation impact: 0.1000, Protection factor: 0.9000, Radiation accuracy: 81.8955, Preservation: 100.0000%
    DEBUG: Radiation impact: 0.1000, Protection factor: 0.9000, Radiation accuracy: 82.3551, Preservation: 100.0000%
    DEBUG: Radiation impact: 0.1000, Protection factor: 0.9000, Radiation accuracy: 79.6829, Preservation: 98.9522%
    DEBUG: Radiation impact: 0.1000, Protection factor: 0.9000, Radiation accuracy: 81.2578, Preservation: 98.9965%
    DEBUG: Radiation impact: 0.1000, Protection factor: 0.9000, Radiation accuracy: 81.4687, Preservation: 99.0580%
    DEBUG: Radiation impact: 0.1000, Protection factor: 0.9000, Radiation accuracy: 79.8210, Preservation: 97.8000%
    DEBUG: Radiation impact: 0.1000, Protection factor: 0.9000, Radiation accuracy: 80.8775, Preservation: 99.4284%
    DEBUG: Radiation impact: 0.1000, Protection factor: 0.9000, Radiation accuracy: 79.7707, Preservation: 98.7727%
    DEBUG: Radiation impact: 0.1000, Protection factor: 0.9000, Radiation accuracy: 80.4328, Preservation: 98.7579%
    DEBUG: Radiation impact: 0.1000, Protection factor: 0.9000, Radiation accuracy: 80.6760, Preservation: 98.1328%
    DEBUG: Radiation impact: 0.1000, Protection factor: 0.9000, Radiation accuracy: 79.9720, Preservation: 98.6433%
    DEBUG: Radiation impact: 0.1000, Protection factor: 0.9000, Radiation accuracy: 80.3840, Preservation: 98.4477%
Results: Baseline accuracy = 81.5295 ± 0.5871, Radiation accuracy = 80.6718 ± 0.8410, Preservation = 98.9475 ± 0.6791%
Results: Baseline accuracy = 81.53% ± 0.59%, Radiation accuracy = 80.67% ± 0.84%, Preservation = 98.95% ± 0.68%
Testing configuration:
Architecture: 2-64-256-256-2-
Dropout: 0.60
Residual: No
Protection: 4
    DEBUG: Radiation impact: 0.10, Protection factor: 0.85, Radiation accuracy: 79.65, Preservation: 97.28%
    DEBUG: Radiation impact: 0.10, Protection factor: 0.85, Radiation accuracy: 80.33, Preservation: 98.29%
    DEBUG: Radiation impact: 0.10, Protection factor: 0.85, Radiation accuracy: 80.36, Preservation: 97.79%
    DEBUG: Radiation impact: 0.10, Protection factor: 0.85, Radiation accuracy: 81.54, Preservation: 98.13%
    DEBUG: Radiation impact: 0.10, Protection factor: 0.85, Radiation accuracy: 81.41, Preservation: 99.48%
    DEBUG: Radiation impact: 0.10, Protection factor: 0.85, Radiation accuracy: 80.94, Preservation: 97.92%
    DEBUG: Radiation impact: 0.10, Protection factor: 0.85, Radiation accuracy: 81.05, Preservation: 97.54%
    DEBUG: Radiation impact: 0.10, Protection factor: 0.85, Radiation accuracy: 81.43, Preservation: 98.09%
    DEBUG: Radiation impact: 0.10, Protection factor: 0.85, Radiation accuracy: 82.59, Preservation: 99.70%
    DEBUG: Radiation impact: 0.10, Protection factor: 0.85, Radiation accuracy: 82.01, Preservation: 99.41%
    DEBUG: Radiation impact: 0.10, Protection factor: 0.85, Radiation accuracy: 80.95, Preservation: 97.50%
    DEBUG: Radiation impact: 0.10, Protection factor: 0.85, Radiation accuracy: 80.91, Preservation: 97.51%
    DEBUG: Radiation impact: 0.10, Protection factor: 0.85, Radiation accuracy: 82.42, Preservation: 99.68%
    DEBUG: Radiation impact: 0.10, Protection factor: 0.85, Radiation accuracy: 82.89, Preservation: 99.47%
    DEBUG: Radiation impact: 0.10, Protection factor: 0.85, Radiation accuracy: 81.36, Preservation: 99.41%
    DEBUG: Radiation impact: 0.10, Protection factor: 0.85, Radiation accuracy: 81.61, Preservation: 98.38%
    DEBUG: Radiation impact: 0.10, Protection factor: 0.85, Radiation accuracy: 81.82, Preservation: 98.23%
    DEBUG: Radiation impact: 0.10, Protection factor: 0.85, Radiation accuracy: 81.55, Preservation: 98.71%
    DEBUG: Radiation impact: 0.10, Protection factor: 0.85, Radiation accuracy: 80.90, Preservation: 97.86%
    DEBUG: Radiation impact: 0.10, Protection factor: 0.85, Radiation accuracy: 81.71, Preservation: 98.80%
    DEBUG: Radiation impact: 0.10, Protection factor: 0.85, Radiation accuracy: 80.68, Preservation: 98.54%
    DEBUG: Radiation impact: 0.10, Protection factor: 0.85, Radiation accuracy: 82.38, Preservation: 98.85%
    DEBUG: Radiation impact: 0.10, Protection factor: 0.85, Radiation accuracy: 81.43, Preservation: 98.04%
    DEBUG: Radiation impact: 0.10, Protection factor: 0.85, Radiation accuracy: 80.48, Preservation: 97.65%
    DEBUG: Radiation impact: 0.10, Protection factor: 0.85, Radiation accuracy: 80.61, Preservation: 98.04%
    DEBUG: Radiation impact: 0.10, Protection factor: 0.85, Radiation accuracy: 81.09, Preservation: 97.84%
    DEBUG: Radiation impact: 0.10, Protection factor: 0.85, Radiation accuracy: 80.28, Preservation: 97.59%
    DEBUG: Radiation impact: 0.10, Protection factor: 0.85, Radiation accuracy: 79.91, Preservation: 97.67%
    DEBUG: Radiation impact: 0.10, Protection factor: 0.85, Radiation accuracy: 81.63, Preservation: 98.94%
    DEBUG: Radiation impact: 0.10, Protection factor: 0.85, Radiation accuracy: 80.03, Preservation: 97.40%
    DEBUG: Radiation impact: 0.10, Protection factor: 0.85, Radiation accuracy: 82.46, Preservation: 99.08%
    DEBUG: Radiation impact: 0.10, Protection factor: 0.85, Radiation accuracy: 80.16, Preservation: 98.48%
    DEBUG: Radiation impact: 0.10, Protection factor: 0.85, Radiation accuracy: 81.08, Preservation: 98.86%
    DEBUG: Radiation impact: 0.10, Protection factor: 0.85, Radiation accuracy: 79.40, Preservation: 97.31%
    DEBUG: Radiation impact: 0.10, Protection factor: 0.85, Radiation accuracy: 81.06, Preservation: 98.46%
    DEBUG: Radiation impact: 0.10, Protection factor: 0.85, Radiation accuracy: 80.86, Preservation: 97.52%
    DEBUG: Radiation impact: 0.10, Protection factor: 0.85, Radiation accuracy: 80.61, Preservation: 97.42%
    DEBUG: Radiation impact: 0.10, Protection factor: 0.85, Radiation accuracy: 81.65, Preservation: 99.45%
    DEBUG: Radiation impact: 0.10, Protection factor: 0.85, Radiation accuracy: 81.51, Preservation: 99.52%
    DEBUG: Radiation impact: 0.10, Protection factor: 0.85, Radiation accuracy: 81.48, Preservation: 98.80%
    DEBUG: Radiation impact: 0.10, Protection factor: 0.85, Radiation accuracy: 80.73, Preservation: 97.71%
    DEBUG: Radiation impact: 0.10, Protection factor: 0.85, Radiation accuracy: 80.84, Preservation: 98.58%
    DEBUG: Radiation impact: 0.10, Protection factor: 0.85, Radiation accuracy: 82.14, Preservation: 99.47%
    DEBUG: Radiation impact: 0.10, Protection factor: 0.85, Radiation accuracy: 79.68, Preservation: 97.46%
    DEBUG: Radiation impact: 0.10, Protection factor: 0.85, Radiation accuracy: 80.97, Preservation: 97.50%
    DEBUG: Radiation impact: 0.10, Protection factor: 0.85, Radiation accuracy: 79.99, Preservation: 98.24%
    DEBUG: Radiation impact: 0.10, Protection factor: 0.85, Radiation accuracy: 80.24, Preservation: 97.34%
    DEBUG: Radiation impact: 0.10, Protection factor: 0.85, Radiation accuracy: 80.40, Preservation: 97.46%
    DEBUG: Radiation impact: 0.10, Protection factor: 0.85, Radiation accuracy: 80.09, Preservation: 97.95%
    DEBUG: Radiation impact: 0.10, Protection factor: 0.85, Radiation accuracy: 81.40, Preservation: 99.02%
Results: Baseline accuracy = 82.45 ± 0.53, Radiation accuracy = 81.05 ± 0.81, Preservation = 98.31 ± 0.75%
Results: Baseline accuracy = 82.45% ± 0.53%, Radiation accuracy = 81.05% ± 0.81%, Preservation = 98.31% ± 0.75%
Testing configuration:
Architecture: 2-32-2-
Dropout: 0.60
Residual: Yes
Protection: 1
    DEBUG: Radiation impact: 0.10, Protection factor: 0.20, Radiation accuracy: 75.45, Preservation: 92.82%
    DEBUG: Radiation impact: 0.10, Protection factor: 0.20, Radiation accuracy: 74.08, Preservation: 92.02%
    DEBUG: Radiation impact: 0.10, Protection factor: 0.20, Radiation accuracy: 74.12, Preservation: 92.35%
    DEBUG: Radiation impact: 0.10, Protection factor: 0.20, Radiation accuracy: 75.99, Preservation: 93.21%
    DEBUG: Radiation impact: 0.10, Protection factor: 0.20, Radiation accuracy: 73.97, Preservation: 92.27%
    DEBUG: Radiation impact: 0.10, Protection factor: 0.20, Radiation accuracy: 74.49, Preservation: 91.52%
    DEBUG: Radiation impact: 0.10, Protection factor: 0.20, Radiation accuracy: 74.43, Preservation: 92.86%
    DEBUG: Radiation impact: 0.10, Protection factor: 0.20, Radiation accuracy: 74.90, Preservation: 93.01%
    DEBUG: Radiation impact: 0.10, Protection factor: 0.20, Radiation accuracy: 73.47, Preservation: 90.90%
    DEBUG: Radiation impact: 0.10, Protection factor: 0.20, Radiation accuracy: 73.40, Preservation: 91.80%
    DEBUG: Radiation impact: 0.10, Protection factor: 0.20, Radiation accuracy: 72.88, Preservation: 90.99%
    DEBUG: Radiation impact: 0.10, Protection factor: 0.20, Radiation accuracy: 74.92, Preservation: 93.06%
    DEBUG: Radiation impact: 0.10, Protection factor: 0.20, Radiation accuracy: 73.72, Preservation: 91.58%
    DEBUG: Radiation impact: 0.10, Protection factor: 0.20, Radiation accuracy: 73.41, Preservation: 91.14%
    DEBUG: Radiation impact: 0.10, Protection factor: 0.20, Radiation accuracy: 74.19, Preservation: 91.23%
    DEBUG: Radiation impact: 0.10, Protection factor: 0.20, Radiation accuracy: 73.47, Preservation: 91.18%
    DEBUG: Radiation impact: 0.10, Protection factor: 0.20, Radiation accuracy: 73.01, Preservation: 91.29%
    DEBUG: Radiation impact: 0.10, Protection factor: 0.20, Radiation accuracy: 75.85, Preservation: 92.74%
    DEBUG: Radiation impact: 0.10, Protection factor: 0.20, Radiation accuracy: 74.94, Preservation: 93.15%
    DEBUG: Radiation impact: 0.10, Protection factor: 0.20, Radiation accuracy: 74.27, Preservation: 92.35%
    DEBUG: Radiation impact: 0.10, Protection factor: 0.20, Radiation accuracy: 75.36, Preservation: 92.49%
    DEBUG: Radiation impact: 0.10, Protection factor: 0.20, Radiation accuracy: 74.46, Preservation: 91.08%
    DEBUG: Radiation impact: 0.10, Protection factor: 0.20, Radiation accuracy: 75.13, Preservation: 92.37%
    DEBUG: Radiation impact: 0.10, Protection factor: 0.20, Radiation accuracy: 74.77, Preservation: 92.28%
    DEBUG: Radiation impact: 0.10, Protection factor: 0.20, Radiation accuracy: 74.56, Preservation: 92.80%
    DEBUG: Radiation impact: 0.10, Protection factor: 0.20, Radiation accuracy: 73.35, Preservation: 91.65%
    DEBUG: Radiation impact: 0.10, Protection factor: 0.20, Radiation accuracy: 74.68, Preservation: 91.34%
    DEBUG: Radiation impact: 0.10, Protection factor: 0.20, Radiation accuracy: 74.66, Preservation: 91.58%
    DEBUG: Radiation impact: 0.10, Protection factor: 0.20, Radiation accuracy: 73.85, Preservation: 91.58%
    DEBUG: Radiation impact: 0.10, Protection factor: 0.20, Radiation accuracy: 73.76, Preservation: 91.85%
    DEBUG: Radiation impact: 0.10, Protection factor: 0.20, Radiation accuracy: 74.20, Preservation: 91.80%
    DEBUG: Radiation impact: 0.10, Protection factor: 0.20, Radiation accuracy: 75.00, Preservation: 91.73%
    DEBUG: Radiation impact: 0.10, Protection factor: 0.20, Radiation accuracy: 74.66, Preservation: 91.22%
    DEBUG: Radiation impact: 0.10, Protection factor: 0.20, Radiation accuracy: 76.12, Preservation: 93.06%
    DEBUG: Radiation impact: 0.10, Protection factor: 0.20, Radiation accuracy: 74.48, Preservation: 91.15%
    DEBUG: Radiation impact: 0.10, Protection factor: 0.20, Radiation accuracy: 74.57, Preservation: 93.11%
    DEBUG: Radiation impact: 0.10, Protection factor: 0.20, Radiation accuracy: 74.45, Preservation: 92.83%
    DEBUG: Radiation impact: 0.10, Protection factor: 0.20, Radiation accuracy: 74.38, Preservation: 92.13%
    DEBUG: Radiation impact: 0.10, Protection factor: 0.20, Radiation accuracy: 75.49, Preservation: 93.21%
    DEBUG: Radiation impact: 0.10, Protection factor: 0.20, Radiation accuracy: 75.52, Preservation: 92.97%
    DEBUG: Radiation impact: 0.10, Protection factor: 0.20, Radiation accuracy: 74.42, Preservation: 92.33%
    DEBUG: Radiation impact: 0.10, Protection factor: 0.20, Radiation accuracy: 73.24, Preservation: 91.46%
    DEBUG: Radiation impact: 0.10, Protection factor: 0.20, Radiation accuracy: 73.59, Preservation: 90.96%
    DEBUG: Radiation impact: 0.10, Protection factor: 0.20, Radiation accuracy: 73.21, Preservation: 91.12%
    DEBUG: Radiation impact: 0.10, Protection factor: 0.20, Radiation accuracy: 74.15, Preservation: 91.26%
    DEBUG: Radiation impact: 0.10, Protection factor: 0.20, Radiation accuracy: 75.36, Preservation: 92.82%
    DEBUG: Radiation impact: 0.10, Protection factor: 0.20, Radiation accuracy: 73.80, Preservation: 90.79%
    DEBUG: Radiation impact: 0.10, Protection factor: 0.20, Radiation accuracy: 75.14, Preservation: 92.28%
    DEBUG: Radiation impact: 0.10, Protection factor: 0.20, Radiation accuracy: 74.62, Preservation: 91.27%
    DEBUG: Radiation impact: 0.10, Protection factor: 0.20, Radiation accuracy: 74.13, Preservation: 92.62%
Results: Baseline accuracy = 80.86 ± 0.60, Radiation accuracy = 74.40 ± 0.78, Preservation = 92.01 ± 0.75%
Results: Baseline accuracy = 80.86% ± 0.60%, Radiation accuracy = 74.40% ± 0.78%, Preservation = 92.01% ± 0.75%
Testing configuration:
Architecture: 2-64-256-256-2-
Dropout: 0.60
Residual: Yes
Protection: 5
    DEBUG: Radiation impact: 0.10, Protection factor: 0.90, Radiation accuracy: 85.02, Preservation: 99.72%
    DEBUG: Radiation impact: 0.10, Protection factor: 0.90, Radiation accuracy: 82.25, Preservation: 98.61%
    DEBUG: Radiation impact: 0.10, Protection factor: 0.90, Radiation accuracy: 83.05, Preservation: 98.60%
    DEBUG: Radiation impact: 0.10, Protection factor: 0.90, Radiation accuracy: 83.60, Preservation: 99.66%
    DEBUG: Radiation impact: 0.10, Protection factor: 0.90, Radiation accuracy: 82.91, Preservation: 98.05%
    DEBUG: Radiation impact: 0.10, Protection factor: 0.90, Radiation accuracy: 83.03, Preservation: 99.36%
    DEBUG: Radiation impact: 0.10, Protection factor: 0.90, Radiation accuracy: 83.64, Preservation: 98.55%
    DEBUG: Radiation impact: 0.10, Protection factor: 0.90, Radiation accuracy: 84.66, Preservation: 99.60%
    DEBUG: Radiation impact: 0.10, Protection factor: 0.90, Radiation accuracy: 83.89, Preservation: 99.57%
    DEBUG: Radiation impact: 0.10, Protection factor: 0.90, Radiation accuracy: 84.11, Preservation: 99.81%
    DEBUG: Radiation impact: 0.10, Protection factor: 0.90, Radiation accuracy: 83.89, Preservation: 100.00%
    DEBUG: Radiation impact: 0.10, Protection factor: 0.90, Radiation accuracy: 82.80, Preservation: 98.53%
    DEBUG: Radiation impact: 0.10, Protection factor: 0.90, Radiation accuracy: 83.98, Preservation: 99.64%
    DEBUG: Radiation impact: 0.10, Protection factor: 0.90, Radiation accuracy: 83.67, Preservation: 99.72%
    DEBUG: Radiation impact: 0.10, Protection factor: 0.90, Radiation accuracy: 83.05, Preservation: 98.08%
    DEBUG: Radiation impact: 0.10, Protection factor: 0.90, Radiation accuracy: 81.64, Preservation: 97.85%
    DEBUG: Radiation impact: 0.10, Protection factor: 0.90, Radiation accuracy: 83.04, Preservation: 99.20%
    DEBUG: Radiation impact: 0.10, Protection factor: 0.90, Radiation accuracy: 81.98, Preservation: 98.27%
    DEBUG: Radiation impact: 0.10, Protection factor: 0.90, Radiation accuracy: 83.89, Preservation: 99.63%
    DEBUG: Radiation impact: 0.10, Protection factor: 0.90, Radiation accuracy: 82.28, Preservation: 98.06%
    DEBUG: Radiation impact: 0.10, Protection factor: 0.90, Radiation accuracy: 82.74, Preservation: 98.76%
    DEBUG: Radiation impact: 0.10, Protection factor: 0.90, Radiation accuracy: 83.45, Preservation: 97.92%
    DEBUG: Radiation impact: 0.10, Protection factor: 0.90, Radiation accuracy: 83.06, Preservation: 98.12%
    DEBUG: Radiation impact: 0.10, Protection factor: 0.90, Radiation accuracy: 83.57, Preservation: 100.00%
    DEBUG: Radiation impact: 0.10, Protection factor: 0.90, Radiation accuracy: 83.40, Preservation: 99.10%
    DEBUG: Radiation impact: 0.10, Protection factor: 0.90, Radiation accuracy: 82.41, Preservation: 98.04%
    DEBUG: Radiation impact: 0.10, Protection factor: 0.90, Radiation accuracy: 84.16, Preservation: 98.76%
    DEBUG: Radiation impact: 0.10, Protection factor: 0.90, Radiation accuracy: 82.42, Preservation: 98.62%
    DEBUG: Radiation impact: 0.10, Protection factor: 0.90, Radiation accuracy: 84.32, Preservation: 99.56%
    DEBUG: Radiation impact: 0.10, Protection factor: 0.90, Radiation accuracy: 83.66, Preservation: 100.00%
    DEBUG: Radiation impact: 0.10, Protection factor: 0.90, Radiation accuracy: 83.88, Preservation: 98.72%
    DEBUG: Radiation impact: 0.10, Protection factor: 0.90, Radiation accuracy: 84.58, Preservation: 99.42%
    DEBUG: Radiation impact: 0.10, Protection factor: 0.90, Radiation accuracy: 82.58, Preservation: 98.03%
    DEBUG: Radiation impact: 0.10, Protection factor: 0.90, Radiation accuracy: 83.49, Preservation: 98.01%
    DEBUG: Radiation impact: 0.10, Protection factor: 0.90, Radiation accuracy: 82.89, Preservation: 98.30%
    DEBUG: Radiation impact: 0.10, Protection factor: 0.90, Radiation accuracy: 84.38, Preservation: 100.00%
    DEBUG: Radiation impact: 0.10, Protection factor: 0.90, Radiation accuracy: 82.58, Preservation: 97.82%
    DEBUG: Radiation impact: 0.10, Protection factor: 0.90, Radiation accuracy: 84.02, Preservation: 100.00%
    DEBUG: Radiation impact: 0.10, Protection factor: 0.90, Radiation accuracy: 83.69, Preservation: 98.77%
    DEBUG: Radiation impact: 0.10, Protection factor: 0.90, Radiation accuracy: 85.02, Preservation: 100.00%
    DEBUG: Radiation impact: 0.10, Protection factor: 0.90, Radiation accuracy: 82.89, Preservation: 99.04%
    DEBUG: Radiation impact: 0.10, Protection factor: 0.90, Radiation accuracy: 85.09, Preservation: 99.99%
    DEBUG: Radiation impact: 0.10, Protection factor: 0.90, Radiation accuracy: 84.33, Preservation: 99.28%
    DEBUG: Radiation impact: 0.10, Protection factor: 0.90, Radiation accuracy: 83.84, Preservation: 99.71%
    DEBUG: Radiation impact: 0.10, Protection factor: 0.90, Radiation accuracy: 82.89, Preservation: 97.84%
    DEBUG: Radiation impact: 0.10, Protection factor: 0.90, Radiation accuracy: 84.03, Preservation: 99.43%
    DEBUG: Radiation impact: 0.10, Protection factor: 0.90, Radiation accuracy: 84.46, Preservation: 99.02%
    DEBUG: Radiation impact: 0.10, Protection factor: 0.90, Radiation accuracy: 82.70, Preservation: 98.96%
    DEBUG: Radiation impact: 0.10, Protection factor: 0.90, Radiation accuracy: 83.32, Preservation: 98.09%
    DEBUG: Radiation impact: 0.10, Protection factor: 0.90, Radiation accuracy: 83.63, Preservation: 99.25%
Results: Baseline accuracy = 84.34 ± 0.56, Radiation accuracy = 83.48 ± 0.80, Preservation = 98.98 ± 0.73%
Results: Baseline accuracy = 84.34% ± 0.56%, Radiation accuracy = 83.48% ± 0.80%, Preservation = 98.98% ± 0.73%
Testing configuration:
Architecture: 2-32-2-
Dropout: 0.60
Residual: Yes
Protection: 4
    DEBUG: Radiation impact: 0.10, Protection factor: 0.85, Radiation accuracy: 80.62, Preservation: 98.89%
    DEBUG: Radiation impact: 0.10, Protection factor: 0.85, Radiation accuracy: 78.94, Preservation: 97.95%
    DEBUG: Radiation impact: 0.10, Protection factor: 0.85, Radiation accuracy: 79.42, Preservation: 99.06%
    DEBUG: Radiation impact: 0.10, Protection factor: 0.85, Radiation accuracy: 79.07, Preservation: 97.42%
    DEBUG: Radiation impact: 0.10, Protection factor: 0.85, Radiation accuracy: 79.11, Preservation: 98.54%
    DEBUG: Radiation impact: 0.10, Protection factor: 0.85, Radiation accuracy: 80.66, Preservation: 99.57%
    DEBUG: Radiation impact: 0.10, Protection factor: 0.85, Radiation accuracy: 79.98, Preservation: 98.00%
    DEBUG: Radiation impact: 0.10, Protection factor: 0.85, Radiation accuracy: 79.79, Preservation: 98.14%
    DEBUG: Radiation impact: 0.10, Protection factor: 0.85, Radiation accuracy: 80.80, Preservation: 99.65%
    DEBUG: Radiation impact: 0.10, Protection factor: 0.85, Radiation accuracy: 79.59, Preservation: 97.31%
    DEBUG: Radiation impact: 0.10, Protection factor: 0.85, Radiation accuracy: 80.25, Preservation: 98.22%
    DEBUG: Radiation impact: 0.10, Protection factor: 0.85, Radiation accuracy: 80.78, Preservation: 99.43%
    DEBUG: Radiation impact: 0.10, Protection factor: 0.85, Radiation accuracy: 79.63, Preservation: 98.15%
    DEBUG: Radiation impact: 0.10, Protection factor: 0.85, Radiation accuracy: 80.08, Preservation: 99.16%
    DEBUG: Radiation impact: 0.10, Protection factor: 0.85, Radiation accuracy: 80.20, Preservation: 98.12%
    DEBUG: Radiation impact: 0.10, Protection factor: 0.85, Radiation accuracy: 80.10, Preservation: 98.00%
    DEBUG: Radiation impact: 0.10, Protection factor: 0.85, Radiation accuracy: 80.81, Preservation: 98.85%
    DEBUG: Radiation impact: 0.10, Protection factor: 0.85, Radiation accuracy: 78.65, Preservation: 97.43%
    DEBUG: Radiation impact: 0.10, Protection factor: 0.85, Radiation accuracy: 79.02, Preservation: 97.70%
    DEBUG: Radiation impact: 0.10, Protection factor: 0.85, Radiation accuracy: 78.45, Preservation: 97.26%
    DEBUG: Radiation impact: 0.10, Protection factor: 0.85, Radiation accuracy: 79.59, Preservation: 99.30%
    DEBUG: Radiation impact: 0.10, Protection factor: 0.85, Radiation accuracy: 81.54, Preservation: 99.68%
    DEBUG: Radiation impact: 0.10, Protection factor: 0.85, Radiation accuracy: 79.88, Preservation: 98.15%
    DEBUG: Radiation impact: 0.10, Protection factor: 0.85, Radiation accuracy: 79.21, Preservation: 97.81%
    DEBUG: Radiation impact: 0.10, Protection factor: 0.85, Radiation accuracy: 78.62, Preservation: 97.56%
    DEBUG: Radiation impact: 0.10, Protection factor: 0.85, Radiation accuracy: 80.31, Preservation: 98.36%
    DEBUG: Radiation impact: 0.10, Protection factor: 0.85, Radiation accuracy: 79.44, Preservation: 98.24%
    DEBUG: Radiation impact: 0.10, Protection factor: 0.85, Radiation accuracy: 77.92, Preservation: 97.28%
    DEBUG: Radiation impact: 0.10, Protection factor: 0.85, Radiation accuracy: 78.11, Preservation: 97.31%
    DEBUG: Radiation impact: 0.10, Protection factor: 0.85, Radiation accuracy: 79.91, Preservation: 97.69%
    DEBUG: Radiation impact: 0.10, Protection factor: 0.85, Radiation accuracy: 79.69, Preservation: 99.59%
    DEBUG: Radiation impact: 0.10, Protection factor: 0.85, Radiation accuracy: 80.24, Preservation: 98.65%
    DEBUG: Radiation impact: 0.10, Protection factor: 0.85, Radiation accuracy: 80.52, Preservation: 99.50%
    DEBUG: Radiation impact: 0.10, Protection factor: 0.85, Radiation accuracy: 80.03, Preservation: 99.64%
    DEBUG: Radiation impact: 0.10, Protection factor: 0.85, Radiation accuracy: 79.41, Preservation: 97.50%
    DEBUG: Radiation impact: 0.10, Protection factor: 0.85, Radiation accuracy: 78.79, Preservation: 98.08%
    DEBUG: Radiation impact: 0.10, Protection factor: 0.85, Radiation accuracy: 80.81, Preservation: 99.18%
    DEBUG: Radiation impact: 0.10, Protection factor: 0.85, Radiation accuracy: 78.98, Preservation: 98.20%
    DEBUG: Radiation impact: 0.10, Protection factor: 0.85, Radiation accuracy: 79.83, Preservation: 98.34%
    DEBUG: Radiation impact: 0.10, Protection factor: 0.85, Radiation accuracy: 80.21, Preservation: 99.52%
    DEBUG: Radiation impact: 0.10, Protection factor: 0.85, Radiation accuracy: 78.75, Preservation: 98.35%
    DEBUG: Radiation impact: 0.10, Protection factor: 0.85, Radiation accuracy: 78.43, Preservation: 97.35%
    DEBUG: Radiation impact: 0.10, Protection factor: 0.85, Radiation accuracy: 78.19, Preservation: 97.43%
    DEBUG: Radiation impact: 0.10, Protection factor: 0.85, Radiation accuracy: 79.25, Preservation: 98.54%
    DEBUG: Radiation impact: 0.10, Protection factor: 0.85, Radiation accuracy: 79.82, Preservation: 98.05%
    DEBUG: Radiation impact: 0.10, Protection factor: 0.85, Radiation accuracy: 80.00, Preservation: 99.27%
    DEBUG: Radiation impact: 0.10, Protection factor: 0.85, Radiation accuracy: 80.21, Preservation: 99.44%
    DEBUG: Radiation impact: 0.10, Protection factor: 0.85, Radiation accuracy: 79.79, Preservation: 97.54%
    DEBUG: Radiation impact: 0.10, Protection factor: 0.85, Radiation accuracy: 80.06, Preservation: 97.91%
    DEBUG: Radiation impact: 0.10, Protection factor: 0.85, Radiation accuracy: 78.23, Preservation: 97.66%
Results: Baseline accuracy = 80.96 ± 0.58, Radiation accuracy = 79.63 ± 0.82, Preservation = 98.36 ± 0.78%
Results: Baseline accuracy = 80.96% ± 0.58%, Radiation accuracy = 79.63% ± 0.82%, Preservation = 98.36% ± 0.78%
QD coverage: 0.0014% (occupied 14), elites injected: 4
Results exported to auto_arch_search_results.csv
Generation 3/20
Testing configuration:
Architecture: 2-64-2-
Dropout: 0.6000
Residual: Yes
Protection: 5
    DEBUG: Radiation impact: 0.1000, Protection factor: 0.9000, Radiation accuracy: 80.8493, Preservation: 98.8027%
    DEBUG: Radiation impact: 0.1000, Protection factor: 0.9000, Radiation accuracy: 80.5853, Preservation: 98.8111%
    DEBUG: Radiation impact: 0.1000, Protection factor: 0.9000, Radiation accuracy: 80.2171, Preservation: 100.0000%
    DEBUG: Radiation impact: 0.1000, Protection factor: 0.9000, Radiation accuracy: 79.9116, Preservation: 99.2400%
    DEBUG: Radiation impact: 0.1000, Protection factor: 0.9000, Radiation accuracy: 80.3402, Preservation: 99.4215%
    DEBUG: Radiation impact: 0.1000, Protection factor: 0.9000, Radiation accuracy: 79.0078, Preservation: 98.0243%
    DEBUG: Radiation impact: 0.1000, Protection factor: 0.9000, Radiation accuracy: 81.4305, Preservation: 99.8292%
    DEBUG: Radiation impact: 0.1000, Protection factor: 0.9000, Radiation accuracy: 79.3420, Preservation: 97.7897%
    DEBUG: Radiation impact: 0.1000, Protection factor: 0.9000, Radiation accuracy: 81.6762, Preservation: 99.8754%
    DEBUG: Radiation impact: 0.1000, Protection factor: 0.9000, Radiation accuracy: 81.7569, Preservation: 99.9848%
    DEBUG: Radiation impact: 0.1000, Protection factor: 0.9000, Radiation accuracy: 80.9962, Preservation: 98.9622%
    DEBUG: Radiation impact: 0.1000, Protection factor: 0.9000, Radiation accuracy: 80.9703, Preservation: 100.0000%
    DEBUG: Radiation impact: 0.1000, Protection factor: 0.9000, Radiation accuracy: 79.8091, Preservation: 97.8402%
    DEBUG: Radiation impact: 0.1000, Protection factor: 0.9000, Radiation accuracy: 81.3772, Preservation: 99.7682%
    DEBUG: Radiation impact: 0.1000, Protection factor: 0.9000, Radiation accuracy: 80.0099, Preservation: 98.2301%
    DEBUG: Radiation impact: 0.1000, Protection factor: 0.9000, Radiation accuracy: 79.7751, Preservation: 98.1991%
    DEBUG: Radiation impact: 0.1000, Protection factor: 0.9000, Radiation accuracy: 81.2906, Preservation: 99.2504%
    DEBUG: Radiation impact: 0.1000, Protection factor: 0.9000, Radiation accuracy: 80.1932, Preservation: 100.0000%
    DEBUG: Radiation impact: 0.1000, Protection factor: 0.9000, Radiation accuracy: 80.9041, Preservation: 99.3863%
    DEBUG: Radiation impact: 0.1000, Protection factor: 0.9000, Radiation accuracy: 80.2190, Preservation: 99.0273%
    DEBUG: Radiation impact: 0.1000, Protection factor: 0.9000, Radiation accuracy: 80.8041, Preservation: 99.5903%
    DEBUG: Radiation impact: 0.1000, Protection factor: 0.9000, Radiation accuracy: 80.2285, Preservation: 99.9981%
    DEBUG: Radiation impact: 0.1000, Protection factor: 0.9000, Radiation accuracy: 79.8061, Preservation: 97.8034%
    DEBUG: Radiation impact: 0.1000, Protection factor: 0.9000, Radiation accuracy: 78.5597, Preservation: 97.8052%
    DEBUG: Radiation impact: 0.1000, Protection factor: 0.9000, Radiation accuracy: 79.8410, Preservation: 99.3134%
    DEBUG: Radiation impact: 0.1000, Protection factor: 0.9000, Radiation accuracy: 79.8145, Preservation: 98.7073%
    DEBUG: Radiation impact: 0.1000, Protection factor: 0.9000, Radiation accuracy: 81.4099, Preservation: 99.9134%
    DEBUG: Radiation impact: 0.1000, Protection factor: 0.9000, Radiation accuracy: 81.2836, Preservation: 100.0000%
    DEBUG: Radiation impact: 0.1000, Protection factor: 0.9000, Radiation accuracy: 79.9357, Preservation: 98.1906%
    DEBUG: Radiation impact: 0.1000, Protection factor: 0.9000, Radiation accuracy: 80.5508, Preservation: 98.6828%
    DEBUG: Radiation impact: 0.1000, Protection factor: 0.9000, Radiation accuracy: 79.9692, Preservation: 98.4670%
    DEBUG: Radiation impact: 0.1000, Protection factor: 0.9000, Radiation accuracy: 80.6788, Preservation: 99.1299%
    DEBUG: Radiation impact: 0.1000, Protection factor: 0.9000, Radiation accuracy: 80.6255, Preservation: 99.9548%
    DEBUG: Radiation impact: 0.1000, Protection factor: 0.9000, Radiation accuracy: 80.1235, Preservation: 99.1844%
    DEBUG: Radiation impact: 0.1000, Protection factor: 0.9000, Radiation accuracy: 81.0246, Preservation: 99.9362%
    DEBUG: Radiation impact: 0.1000, Protection factor: 0.9000, Radiation accuracy: 79.4794, Preservation: 97.8421%
    DEBUG: Radiation impact: 0.1000, Protection factor: 0.9000, Radiation accuracy: 79.9053, Preservation: 99.1325%
    DEBUG: Radiation impact: 0.1000, Protection factor: 0.9000, Radiation accuracy: 79.7579, Preservation: 99.2491%
    DEBUG: Radiation impact: 0.1000, Protection factor: 0.9000, Radiation accuracy: 80.5709, Preservation: 98.2995%
    DEBUG: Radiation impact: 0.1000, Protection factor: 0.9000, Radiation accuracy: 80.6689, Preservation: 98.3730%
    DEBUG: Radiation impact: 0.1000, Protection factor: 0.9000, Radiation accuracy: 79.7451, Preservation: 98.3877%
    DEBUG: Radiation impact: 0.1000, Protection factor: 0.9000, Radiation accuracy: 80.0991, Preservation: 99.2673%
    DEBUG: Radiation impact: 0.1000, Protection factor: 0.9000, Radiation accuracy: 80.7117, Preservation: 99.2554%
    DEBUG: Radiation impact: 0.1000, Protection factor: 0.9000, Radiation accuracy: 80.0276, Preservation: 98.4272%
    DEBUG: Radiation impact: 0.1000, Protection factor: 0.9000, Radiation accuracy: 79.8825, Preservation: 98.2833%
    DEBUG: Radiation impact: 0.1000, Protection factor: 0.9000, Radiation accuracy: 81.5554, Preservation: 100.0000%
    DEBUG: Radiation impact: 0.1000, Protection factor: 0.9000, Radiation accuracy: 78.7894, Preservation: 98.2659%
    DEBUG: Radiation impact: 0.1000, Protection factor: 0.9000, Radiation accuracy: 80.5895, Preservation: 100.0000%
    DEBUG: Radiation impact: 0.1000, Protection factor: 0.9000, Radiation accuracy: 79.3276, Preservation: 98.1766%
    DEBUG: Radiation impact: 0.1000, Protection factor: 0.9000, Radiation accuracy: 79.0291, Preservation: 98.6032%
Results: Baseline accuracy = 81.1096 ± 0.5313, Radiation accuracy = 80.3091 ± 0.7532, Preservation = 99.0136 ± 0.7437%
Results: Baseline accuracy = 81.11% ± 0.53%, Radiation accuracy = 80.31% ± 0.75%, Preservation = 99.01% ± 0.74%
QD coverage: 0.0014% (occupied 14), elites injected: 4
Results exported to auto_arch_search_results.csv
Generation 4/20
Testing configuration:
Architecture: 2-32-2-
Dropout: 0.6000
Residual: Yes
Protection: 0
    DEBUG: Radiation impact: 0.1000, Protection factor: 0.0000, Radiation accuracy: 71.9474, Preservation: 89.5403%
    DEBUG: Radiation impact: 0.1000, Protection factor: 0.0000, Radiation accuracy: 71.7539, Preservation: 89.6187%
    DEBUG: Radiation impact: 0.1000, Protection factor: 0.0000, Radiation accuracy: 73.2979, Preservation: 90.9070%
    DEBUG: Radiation impact: 0.1000, Protection factor: 0.0000, Radiation accuracy: 72.1839, Preservation: 89.5624%
    DEBUG: Radiation impact: 0.1000, Protection factor: 0.0000, Radiation accuracy: 73.0579, Preservation: 90.3661%
    DEBUG: Radiation impact: 0.1000, Protection factor: 0.0000, Radiation accuracy: 73.8251, Preservation: 91.1878%
    DEBUG: Radiation impact: 0.1000, Protection factor: 0.0000, Radiation accuracy: 71.1988, Preservation: 88.9581%
    DEBUG: Radiation impact: 0.1000, Protection factor: 0.0000, Radiation accuracy: 73.1208, Preservation: 89.5490%
    DEBUG: Radiation impact: 0.1000, Protection factor: 0.0000, Radiation accuracy: 73.2636, Preservation: 89.4749%
    DEBUG: Radiation impact: 0.1000, Protection factor: 0.0000, Radiation accuracy: 72.6556, Preservation: 89.5177%
    DEBUG: Radiation impact: 0.1000, Protection factor: 0.0000, Radiation accuracy: 74.0787, Preservation: 91.2014%
    DEBUG: Radiation impact: 0.1000, Protection factor: 0.0000, Radiation accuracy: 72.9091, Preservation: 90.0646%
    DEBUG: Radiation impact: 0.1000, Protection factor: 0.0000, Radiation accuracy: 72.7882, Preservation: 89.0023%
    DEBUG: Radiation impact: 0.1000, Protection factor: 0.0000, Radiation accuracy: 71.6213, Preservation: 89.5192%
    DEBUG: Radiation impact: 0.1000, Protection factor: 0.0000, Radiation accuracy: 72.5913, Preservation: 89.1109%
    DEBUG: Radiation impact: 0.1000, Protection factor: 0.0000, Radiation accuracy: 73.2805, Preservation: 90.5534%
    DEBUG: Radiation impact: 0.1000, Protection factor: 0.0000, Radiation accuracy: 72.9987, Preservation: 90.9256%
    DEBUG: Radiation impact: 0.1000, Protection factor: 0.0000, Radiation accuracy: 71.4441, Preservation: 89.0818%
    DEBUG: Radiation impact: 0.1000, Protection factor: 0.0000, Radiation accuracy: 73.5606, Preservation: 91.2007%
    DEBUG: Radiation impact: 0.1000, Protection factor: 0.0000, Radiation accuracy: 74.4726, Preservation: 91.0158%
    DEBUG: Radiation impact: 0.1000, Protection factor: 0.0000, Radiation accuracy: 72.9827, Preservation: 90.4971%
    DEBUG: Radiation impact: 0.1000, Protection factor: 0.0000, Radiation accuracy: 72.3297, Preservation: 90.4163%
    DEBUG: Radiation impact: 0.1000, Protection factor: 0.0000, Radiation accuracy: 73.4246, Preservation: 89.6604%
    DEBUG: Radiation impact: 0.1000, Protection factor: 0.0000, Radiation accuracy: 74.0498, Preservation: 90.5988%
    DEBUG: Radiation impact: 0.1000, Protection factor: 0.0000, Radiation accuracy: 73.1260, Preservation: 90.9942%
    DEBUG: Radiation impact: 0.1000, Protection factor: 0.0000, Radiation accuracy: 74.1987, Preservation: 90.6904%
    DEBUG: Radiation impact: 0.1000, Protection factor: 0.0000, Radiation accuracy: 72.7675, Preservation: 90.9316%
    DEBUG: Radiation impact: 0.1000, Protection factor: 0.0000, Radiation accuracy: 71.6088, Preservation: 89.1979%
    DEBUG: Radiation impact: 0.1000, Protection factor: 0.0000, Radiation accuracy: 72.1510, Preservation: 90.0722%
    DEBUG: Radiation impact: 0.1000, Protection factor: 0.0000, Radiation accuracy: 71.3854, Preservation: 88.9713%
    DEBUG: Radiation impact: 0.1000, Protection factor: 0.0000, Radiation accuracy: 72.1640, Preservation: 89.1919%
    DEBUG: Radiation impact: 0.1000, Protection factor: 0.0000, Radiation accuracy: 72.4134, Preservation: 89.2071%
    DEBUG: Radiation impact: 0.1000, Protection factor: 0.0000, Radiation accuracy: 73.1361, Preservation: 89.3675%
    DEBUG: Radiation impact: 0.1000, Protection factor: 0.0000, Radiation accuracy: 74.1323, Preservation: 91.1460%
    DEBUG: Radiation impact: 0.1000, Protection factor: 0.0000, Radiation accuracy: 73.0972, Preservation: 91.0326%
    DEBUG: Radiation impact: 0.1000, Protection factor: 0.0000, Radiation accuracy: 72.9769, Preservation: 90.2216%
    DEBUG: Radiation impact: 0.1000, Protection factor: 0.0000, Radiation accuracy: 71.3272, Preservation: 89.0453%
    DEBUG: Radiation impact: 0.1000, Protection factor: 0.0000, Radiation accuracy: 72.3691, Preservation: 88.9895%
    DEBUG: Radiation impact: 0.1000, Protection factor: 0.0000, Radiation accuracy: 72.1407, Preservation: 89.2882%
    DEBUG: Radiation impact: 0.1000, Protection factor: 0.0000, Radiation accuracy: 71.9083, Preservation: 89.8971%
    DEBUG: Radiation impact: 0.1000, Protection factor: 0.0000, Radiation accuracy: 72.0024, Preservation: 89.3894%
    DEBUG: Radiation impact: 0.1000, Protection factor: 0.0000, Radiation accuracy: 72.5963, Preservation: 90.5660%
    DEBUG: Radiation impact: 0.1000, Protection factor: 0.0000, Radiation accuracy: 72.9510, Preservation: 91.0671%
    DEBUG: Radiation impact: 0.1000, Protection factor: 0.0000, Radiation accuracy: 72.6511, Preservation: 90.0561%
    DEBUG: Radiation impact: 0.1000, Protection factor: 0.0000, Radiation accuracy: 74.4665, Preservation: 90.9991%
    DEBUG: Radiation impact: 0.1000, Protection factor: 0.0000, Radiation accuracy: 72.3492, Preservation: 90.3331%
    DEBUG: Radiation impact: 0.1000, Protection factor: 0.0000, Radiation accuracy: 73.6507, Preservation: 90.1681%
    DEBUG: Radiation impact: 0.1000, Protection factor: 0.0000, Radiation accuracy: 73.3008, Preservation: 89.8854%
    DEBUG: Radiation impact: 0.1000, Protection factor: 0.0000, Radiation accuracy: 72.8346, Preservation: 90.6586%
    DEBUG: Radiation impact: 0.1000, Protection factor: 0.0000, Radiation accuracy: 73.3306, Preservation: 89.8508%
Results: Baseline accuracy = 80.8368 ± 0.6466, Radiation accuracy = 72.7974 ± 0.8277, Preservation = 90.0550 ± 0.7408%
Results: Baseline accuracy = 80.84% ± 0.65%, Radiation accuracy = 72.80% ± 0.83%, Preservation = 90.05% ± 0.74%
Testing configuration:
Architecture: 2-64-256-256-2-
Dropout: 0.50
Residual: No
Protection: 5
    DEBUG: Radiation impact: 0.10, Protection factor: 0.90, Radiation accuracy: 84.16, Preservation: 99.78%
    DEBUG: Radiation impact: 0.10, Protection factor: 0.90, Radiation accuracy: 82.16, Preservation: 98.65%
    DEBUG: Radiation impact: 0.10, Protection factor: 0.90, Radiation accuracy: 81.43, Preservation: 98.33%
    DEBUG: Radiation impact: 0.10, Protection factor: 0.90, Radiation accuracy: 82.92, Preservation: 98.93%
    DEBUG: Radiation impact: 0.10, Protection factor: 0.90, Radiation accuracy: 82.27, Preservation: 99.60%
    DEBUG: Radiation impact: 0.10, Protection factor: 0.90, Radiation accuracy: 82.96, Preservation: 98.63%
    DEBUG: Radiation impact: 0.10, Protection factor: 0.90, Radiation accuracy: 81.04, Preservation: 98.26%
    DEBUG: Radiation impact: 0.10, Protection factor: 0.90, Radiation accuracy: 83.05, Preservation: 100.00%
    DEBUG: Radiation impact: 0.10, Protection factor: 0.90, Radiation accuracy: 82.69, Preservation: 100.00%
    DEBUG: Radiation impact: 0.10, Protection factor: 0.90, Radiation accuracy: 82.08, Preservation: 98.73%
    DEBUG: Radiation impact: 0.10, Protection factor: 0.90, Radiation accuracy: 83.28, Preservation: 99.63%
    DEBUG: Radiation impact: 0.10, Protection factor: 0.90, Radiation accuracy: 82.69, Preservation: 98.93%
    DEBUG: Radiation impact: 0.10, Protection factor: 0.90, Radiation accuracy: 83.59, Preservation: 99.62%
    DEBUG: Radiation impact: 0.10, Protection factor: 0.90, Radiation accuracy: 82.79, Preservation: 98.25%
    DEBUG: Radiation impact: 0.10, Protection factor: 0.90, Radiation accuracy: 83.49, Preservation: 99.73%
    DEBUG: Radiation impact: 0.10, Protection factor: 0.90, Radiation accuracy: 81.20, Preservation: 98.23%
    DEBUG: Radiation impact: 0.10, Protection factor: 0.90, Radiation accuracy: 82.12, Preservation: 98.52%
    DEBUG: Radiation impact: 0.10, Protection factor: 0.90, Radiation accuracy: 83.34, Preservation: 99.30%
    DEBUG: Radiation impact: 0.10, Protection factor: 0.90, Radiation accuracy: 82.71, Preservation: 100.00%
    DEBUG: Radiation impact: 0.10, Protection factor: 0.90, Radiation accuracy: 82.09, Preservation: 98.14%
    DEBUG: Radiation impact: 0.10, Protection factor: 0.90, Radiation accuracy: 82.94, Preservation: 98.45%
    DEBUG: Radiation impact: 0.10, Protection factor: 0.90, Radiation accuracy: 83.26, Preservation: 99.81%
    DEBUG: Radiation impact: 0.10, Protection factor: 0.90, Radiation accuracy: 82.15, Preservation: 99.17%
    DEBUG: Radiation impact: 0.10, Protection factor: 0.90, Radiation accuracy: 82.05, Preservation: 98.19%
    DEBUG: Radiation impact: 0.10, Protection factor: 0.90, Radiation accuracy: 82.29, Preservation: 97.82%
    DEBUG: Radiation impact: 0.10, Protection factor: 0.90, Radiation accuracy: 83.61, Preservation: 99.20%
    DEBUG: Radiation impact: 0.10, Protection factor: 0.90, Radiation accuracy: 83.42, Preservation: 99.09%
    DEBUG: Radiation impact: 0.10, Protection factor: 0.90, Radiation accuracy: 83.63, Preservation: 99.73%
    DEBUG: Radiation impact: 0.10, Protection factor: 0.90, Radiation accuracy: 81.62, Preservation: 99.05%
    DEBUG: Radiation impact: 0.10, Protection factor: 0.90, Radiation accuracy: 82.83, Preservation: 99.52%
    DEBUG: Radiation impact: 0.10, Protection factor: 0.90, Radiation accuracy: 83.62, Preservation: 99.55%
    DEBUG: Radiation impact: 0.10, Protection factor: 0.90, Radiation accuracy: 83.59, Preservation: 99.07%
    DEBUG: Radiation impact: 0.10, Protection factor: 0.90, Radiation accuracy: 81.83, Preservation: 98.45%
    DEBUG: Radiation impact: 0.10, Protection factor: 0.90, Radiation accuracy: 83.17, Preservation: 99.99%
    DEBUG: Radiation impact: 0.10, Protection factor: 0.90, Radiation accuracy: 82.67, Preservation: 99.43%
    DEBUG: Radiation impact: 0.10, Protection factor: 0.90, Radiation accuracy: 82.42, Preservation: 98.86%
    DEBUG: Radiation impact: 0.10, Protection factor: 0.90, Radiation accuracy: 83.03, Preservation: 100.00%
    DEBUG: Radiation impact: 0.10, Protection factor: 0.90, Radiation accuracy: 83.04, Preservation: 98.58%
    DEBUG: Radiation impact: 0.10, Protection factor: 0.90, Radiation accuracy: 81.76, Preservation: 99.00%
    DEBUG: Radiation impact: 0.10, Protection factor: 0.90, Radiation accuracy: 82.11, Preservation: 98.05%
    DEBUG: Radiation impact: 0.10, Protection factor: 0.90, Radiation accuracy: 82.90, Preservation: 99.17%
    DEBUG: Radiation impact: 0.10, Protection factor: 0.90, Radiation accuracy: 83.30, Preservation: 99.40%
    DEBUG: Radiation impact: 0.10, Protection factor: 0.90, Radiation accuracy: 82.10, Preservation: 98.26%
    DEBUG: Radiation impact: 0.10, Protection factor: 0.90, Radiation accuracy: 81.81, Preservation: 99.04%
    DEBUG: Radiation impact: 0.10, Protection factor: 0.90, Radiation accuracy: 83.02, Preservation: 98.71%
    DEBUG: Radiation impact: 0.10, Protection factor: 0.90, Radiation accuracy: 82.44, Preservation: 98.83%
    DEBUG: Radiation impact: 0.10, Protection factor: 0.90, Radiation accuracy: 83.39, Preservation: 100.00%
    DEBUG: Radiation impact: 0.10, Protection factor: 0.90, Radiation accuracy: 81.88, Preservation: 98.56%
    DEBUG: Radiation impact: 0.10, Protection factor: 0.90, Radiation accuracy: 82.52, Preservation: 98.06%
    DEBUG: Radiation impact: 0.10, Protection factor: 0.90, Radiation accuracy: 80.74, Preservation: 97.94%
Results: Baseline accuracy = 83.45 ± 0.58, Radiation accuracy = 82.62 ± 0.75, Preservation = 99.01 ± 0.64%
Results: Baseline accuracy = 83.45% ± 0.58%, Radiation accuracy = 82.62% ± 0.75%, Preservation = 99.01% ± 0.64%
Testing configuration:
Architecture: 2-64-256-256-2-
Dropout: 0.50
Residual: Yes
Protection: 5
    DEBUG: Radiation impact: 0.10, Protection factor: 0.90, Radiation accuracy: 83.64, Preservation: 97.84%
    DEBUG: Radiation impact: 0.10, Protection factor: 0.90, Radiation accuracy: 83.64, Preservation: 98.98%
    DEBUG: Radiation impact: 0.10, Protection factor: 0.90, Radiation accuracy: 84.35, Preservation: 99.31%
    DEBUG: Radiation impact: 0.10, Protection factor: 0.90, Radiation accuracy: 85.55, Preservation: 99.74%
    DEBUG: Radiation impact: 0.10, Protection factor: 0.90, Radiation accuracy: 86.07, Preservation: 99.84%
    DEBUG: Radiation impact: 0.10, Protection factor: 0.90, Radiation accuracy: 85.04, Preservation: 98.88%
    DEBUG: Radiation impact: 0.10, Protection factor: 0.90, Radiation accuracy: 85.14, Preservation: 99.21%
    DEBUG: Radiation impact: 0.10, Protection factor: 0.90, Radiation accuracy: 85.46, Preservation: 99.59%
    DEBUG: Radiation impact: 0.10, Protection factor: 0.90, Radiation accuracy: 86.15, Preservation: 99.97%
    DEBUG: Radiation impact: 0.10, Protection factor: 0.90, Radiation accuracy: 85.38, Preservation: 98.93%
    DEBUG: Radiation impact: 0.10, Protection factor: 0.90, Radiation accuracy: 84.87, Preservation: 100.00%
    DEBUG: Radiation impact: 0.10, Protection factor: 0.90, Radiation accuracy: 84.20, Preservation: 99.61%
    DEBUG: Radiation impact: 0.10, Protection factor: 0.90, Radiation accuracy: 85.08, Preservation: 98.83%
    DEBUG: Radiation impact: 0.10, Protection factor: 0.90, Radiation accuracy: 84.85, Preservation: 99.57%
    DEBUG: Radiation impact: 0.10, Protection factor: 0.90, Radiation accuracy: 84.66, Preservation: 99.96%
    DEBUG: Radiation impact: 0.10, Protection factor: 0.90, Radiation accuracy: 84.16, Preservation: 99.54%
    DEBUG: Radiation impact: 0.10, Protection factor: 0.90, Radiation accuracy: 83.09, Preservation: 98.44%
    DEBUG: Radiation impact: 0.10, Protection factor: 0.90, Radiation accuracy: 85.55, Preservation: 99.93%
    DEBUG: Radiation impact: 0.10, Protection factor: 0.90, Radiation accuracy: 86.13, Preservation: 99.75%
    DEBUG: Radiation impact: 0.10, Protection factor: 0.90, Radiation accuracy: 84.58, Preservation: 99.73%
    DEBUG: Radiation impact: 0.10, Protection factor: 0.90, Radiation accuracy: 86.11, Preservation: 99.80%
    DEBUG: Radiation impact: 0.10, Protection factor: 0.90, Radiation accuracy: 84.10, Preservation: 98.78%
    DEBUG: Radiation impact: 0.10, Protection factor: 0.90, Radiation accuracy: 84.84, Preservation: 99.73%
    DEBUG: Radiation impact: 0.10, Protection factor: 0.90, Radiation accuracy: 85.28, Preservation: 98.84%
    DEBUG: Radiation impact: 0.10, Protection factor: 0.90, Radiation accuracy: 84.45, Preservation: 98.44%
    DEBUG: Radiation impact: 0.10, Protection factor: 0.90, Radiation accuracy: 83.58, Preservation: 98.90%
    DEBUG: Radiation impact: 0.10, Protection factor: 0.90, Radiation accuracy: 83.10, Preservation: 97.92%
    DEBUG: Radiation impact: 0.10, Protection factor: 0.90, Radiation accuracy: 83.57, Preservation: 97.96%
    DEBUG: Radiation impact: 0.10, Protection factor: 0.90, Radiation accuracy: 84.38, Preservation: 99.13%
    DEBUG: Radiation impact: 0.10, Protection factor: 0.90, Radiation accuracy: 83.33, Preservation: 97.93%
    DEBUG: Radiation impact: 0.10, Protection factor: 0.90, Radiation accuracy: 84.41, Preservation: 99.23%
    DEBUG: Radiation impact: 0.10, Protection factor: 0.90, Radiation accuracy: 85.27, Preservation: 99.79%
    DEBUG: Radiation impact: 0.10, Protection factor: 0.90, Radiation accuracy: 85.11, Preservation: 99.98%
    DEBUG: Radiation impact: 0.10, Protection factor: 0.90, Radiation accuracy: 84.28, Preservation: 99.41%
    DEBUG: Radiation impact: 0.10, Protection factor: 0.90, Radiation accuracy: 85.55, Preservation: 99.04%
    DEBUG: Radiation impact: 0.10, Protection factor: 0.90, Radiation accuracy: 84.30, Preservation: 98.92%
    DEBUG: Radiation impact: 0.10, Protection factor: 0.90, Radiation accuracy: 84.70, Preservation: 98.52%
    DEBUG: Radiation impact: 0.10, Protection factor: 0.90, Radiation accuracy: 83.96, Preservation: 98.14%
    DEBUG: Radiation impact: 0.10, Protection factor: 0.90, Radiation accuracy: 83.64, Preservation: 98.76%
    DEBUG: Radiation impact: 0.10, Protection factor: 0.90, Radiation accuracy: 84.59, Preservation: 98.88%
    DEBUG: Radiation impact: 0.10, Protection factor: 0.90, Radiation accuracy: 85.24, Preservation: 99.33%
    DEBUG: Radiation impact: 0.10, Protection factor: 0.90, Radiation accuracy: 83.99, Preservation: 98.46%
    DEBUG: Radiation impact: 0.10, Protection factor: 0.90, Radiation accuracy: 84.45, Preservation: 99.76%
    DEBUG: Radiation impact: 0.10, Protection factor: 0.90, Radiation accuracy: 85.08, Preservation: 98.99%
    DEBUG: Radiation impact: 0.10, Protection factor: 0.90, Radiation accuracy: 83.64, Preservation: 98.99%
    DEBUG: Radiation impact: 0.10, Protection factor: 0.90, Radiation accuracy: 83.01, Preservation: 98.18%
    DEBUG: Radiation impact: 0.10, Protection factor: 0.90, Radiation accuracy: 84.71, Preservation: 99.17%
    DEBUG: Radiation impact: 0.10, Protection factor: 0.90, Radiation accuracy: 83.89, Preservation: 98.43%
    DEBUG: Radiation impact: 0.10, Protection factor: 0.90, Radiation accuracy: 84.65, Preservation: 99.54%
    DEBUG: Radiation impact: 0.10, Protection factor: 0.90, Radiation accuracy: 84.29, Preservation: 99.39%
Results: Baseline accuracy = 85.33 ± 0.59, Radiation accuracy = 84.58 ± 0.81, Preservation = 99.12 ± 0.61%
Results: Baseline accuracy = 85.33% ± 0.59%, Radiation accuracy = 84.58% ± 0.81%, Preservation = 99.12% ± 0.61%
Testing configuration:
Architecture: 2-128-2-
Dropout: 0.60
Residual: Yes
Protection: 5
    DEBUG: Radiation impact: 0.10, Protection factor: 0.90, Radiation accuracy: 79.12, Preservation: 98.15%
    DEBUG: Radiation impact: 0.10, Protection factor: 0.90, Radiation accuracy: 81.06, Preservation: 99.55%
    DEBUG: Radiation impact: 0.10, Protection factor: 0.90, Radiation accuracy: 80.33, Preservation: 99.77%
    DEBUG: Radiation impact: 0.10, Protection factor: 0.90, Radiation accuracy: 80.49, Preservation: 100.00%
    DEBUG: Radiation impact: 0.10, Protection factor: 0.90, Radiation accuracy: 79.88, Preservation: 99.37%
    DEBUG: Radiation impact: 0.10, Protection factor: 0.90, Radiation accuracy: 80.57, Preservation: 99.34%
    DEBUG: Radiation impact: 0.10, Protection factor: 0.90, Radiation accuracy: 79.69, Preservation: 98.95%
    DEBUG: Radiation impact: 0.10, Protection factor: 0.90, Radiation accuracy: 80.80, Preservation: 98.60%
    DEBUG: Radiation impact: 0.10, Protection factor: 0.90, Radiation accuracy: 81.44, Preservation: 99.13%
    DEBUG: Radiation impact: 0.10, Protection factor: 0.90, Radiation accuracy: 79.26, Preservation: 98.56%
    DEBUG: Radiation impact: 0.10, Protection factor: 0.90, Radiation accuracy: 80.52, Preservation: 97.96%
    DEBUG: Radiation impact: 0.10, Protection factor: 0.90, Radiation accuracy: 80.34, Preservation: 98.78%
    DEBUG: Radiation impact: 0.10, Protection factor: 0.90, Radiation accuracy: 81.12, Preservation: 99.18%
    DEBUG: Radiation impact: 0.10, Protection factor: 0.90, Radiation accuracy: 81.72, Preservation: 99.83%
    DEBUG: Radiation impact: 0.10, Protection factor: 0.90, Radiation accuracy: 80.82, Preservation: 100.00%
    DEBUG: Radiation impact: 0.10, Protection factor: 0.90, Radiation accuracy: 80.60, Preservation: 99.11%
    DEBUG: Radiation impact: 0.10, Protection factor: 0.90, Radiation accuracy: 81.40, Preservation: 99.41%
    DEBUG: Radiation impact: 0.10, Protection factor: 0.90, Radiation accuracy: 79.62, Preservation: 97.91%
    DEBUG: Radiation impact: 0.10, Protection factor: 0.90, Radiation accuracy: 80.04, Preservation: 99.47%
    DEBUG: Radiation impact: 0.10, Protection factor: 0.90, Radiation accuracy: 80.65, Preservation: 99.37%
    DEBUG: Radiation impact: 0.10, Protection factor: 0.90, Radiation accuracy: 79.25, Preservation: 98.15%
    DEBUG: Radiation impact: 0.10, Protection factor: 0.90, Radiation accuracy: 80.01, Preservation: 98.20%
    DEBUG: Radiation impact: 0.10, Protection factor: 0.90, Radiation accuracy: 81.27, Preservation: 99.86%
    DEBUG: Radiation impact: 0.10, Protection factor: 0.90, Radiation accuracy: 79.78, Preservation: 98.41%
    DEBUG: Radiation impact: 0.10, Protection factor: 0.90, Radiation accuracy: 80.93, Preservation: 100.00%
    DEBUG: Radiation impact: 0.10, Protection factor: 0.90, Radiation accuracy: 82.31, Preservation: 100.00%
    DEBUG: Radiation impact: 0.10, Protection factor: 0.90, Radiation accuracy: 79.76, Preservation: 99.07%
    DEBUG: Radiation impact: 0.10, Protection factor: 0.90, Radiation accuracy: 80.71, Preservation: 98.11%
    DEBUG: Radiation impact: 0.10, Protection factor: 0.90, Radiation accuracy: 80.15, Preservation: 98.60%
    DEBUG: Radiation impact: 0.10, Protection factor: 0.90, Radiation accuracy: 80.45, Preservation: 98.25%
    DEBUG: Radiation impact: 0.10, Protection factor: 0.90, Radiation accuracy: 80.54, Preservation: 99.60%
    DEBUG: Radiation impact: 0.10, Protection factor: 0.90, Radiation accuracy: 79.89, Preservation: 98.12%
    DEBUG: Radiation impact: 0.10, Protection factor: 0.90, Radiation accuracy: 79.43, Preservation: 98.21%
    DEBUG: Radiation impact: 0.10, Protection factor: 0.90, Radiation accuracy: 80.58, Preservation: 98.21%
    DEBUG: Radiation impact: 0.10, Protection factor: 0.90, Radiation accuracy: 80.42, Preservation: 99.55%
    DEBUG: Radiation impact: 0.10, Protection factor: 0.90, Radiation accuracy: 79.51, Preservation: 98.79%
    DEBUG: Radiation impact: 0.10, Protection factor: 0.90, Radiation accuracy: 79.82, Preservation: 98.86%
    DEBUG: Radiation impact: 0.10, Protection factor: 0.90, Radiation accuracy: 79.48, Preservation: 98.15%
    DEBUG: Radiation impact: 0.10, Protection factor: 0.90, Radiation accuracy: 80.67, Preservation: 100.00%
    DEBUG: Radiation impact: 0.10, Protection factor: 0.90, Radiation accuracy: 79.86, Preservation: 98.92%
    DEBUG: Radiation impact: 0.10, Protection factor: 0.90, Radiation accuracy: 81.59, Preservation: 99.98%
    DEBUG: Radiation impact: 0.10, Protection factor: 0.90, Radiation accuracy: 80.23, Preservation: 99.74%
    DEBUG: Radiation impact: 0.10, Protection factor: 0.90, Radiation accuracy: 82.09, Preservation: 99.80%
    DEBUG: Radiation impact: 0.10, Protection factor: 0.90, Radiation accuracy: 79.94, Preservation: 99.07%
    DEBUG: Radiation impact: 0.10, Protection factor: 0.90, Radiation accuracy: 80.92, Preservation: 98.99%
    DEBUG: Radiation impact: 0.10, Protection factor: 0.90, Radiation accuracy: 80.24, Preservation: 98.40%
    DEBUG: Radiation impact: 0.10, Protection factor: 0.90, Radiation accuracy: 79.25, Preservation: 98.36%
    DEBUG: Radiation impact: 0.10, Protection factor: 0.90, Radiation accuracy: 80.60, Preservation: 99.12%
    DEBUG: Radiation impact: 0.10, Protection factor: 0.90, Radiation accuracy: 80.51, Preservation: 99.62%
    DEBUG: Radiation impact: 0.10, Protection factor: 0.90, Radiation accuracy: 80.12, Preservation: 99.21%
Results: Baseline accuracy = 81.18 ± 0.58, Radiation accuracy = 80.40 ± 0.73, Preservation = 99.04 ± 0.66%
Results: Baseline accuracy = 81.18% ± 0.58%, Radiation accuracy = 80.40% ± 0.73%, Preservation = 99.04% ± 0.66%
Testing configuration:
Architecture: 2-512-2-
Dropout: 0.60
Residual: No
Protection: 5
    DEBUG: Radiation impact: 0.10, Protection factor: 0.90, Radiation accuracy: 80.34, Preservation: 99.15%
    DEBUG: Radiation impact: 0.10, Protection factor: 0.90, Radiation accuracy: 80.44, Preservation: 98.20%
    DEBUG: Radiation impact: 0.10, Protection factor: 0.90, Radiation accuracy: 80.63, Preservation: 98.70%
    DEBUG: Radiation impact: 0.10, Protection factor: 0.90, Radiation accuracy: 79.88, Preservation: 98.24%
    DEBUG: Radiation impact: 0.10, Protection factor: 0.90, Radiation accuracy: 82.17, Preservation: 100.00%
    DEBUG: Radiation impact: 0.10, Protection factor: 0.90, Radiation accuracy: 80.80, Preservation: 98.17%
    DEBUG: Radiation impact: 0.10, Protection factor: 0.90, Radiation accuracy: 80.19, Preservation: 98.97%
    DEBUG: Radiation impact: 0.10, Protection factor: 0.90, Radiation accuracy: 80.02, Preservation: 97.90%
    DEBUG: Radiation impact: 0.10, Protection factor: 0.90, Radiation accuracy: 81.16, Preservation: 100.00%
    DEBUG: Radiation impact: 0.10, Protection factor: 0.90, Radiation accuracy: 81.79, Preservation: 100.00%
    DEBUG: Radiation impact: 0.10, Protection factor: 0.90, Radiation accuracy: 80.69, Preservation: 98.84%
    DEBUG: Radiation impact: 0.10, Protection factor: 0.90, Radiation accuracy: 80.58, Preservation: 98.83%
    DEBUG: Radiation impact: 0.10, Protection factor: 0.90, Radiation accuracy: 79.85, Preservation: 98.46%
    DEBUG: Radiation impact: 0.10, Protection factor: 0.90, Radiation accuracy: 80.10, Preservation: 97.94%
    DEBUG: Radiation impact: 0.10, Protection factor: 0.90, Radiation accuracy: 80.54, Preservation: 99.45%
    DEBUG: Radiation impact: 0.10, Protection factor: 0.90, Radiation accuracy: 81.70, Preservation: 100.00%
    DEBUG: Radiation impact: 0.10, Protection factor: 0.90, Radiation accuracy: 80.37, Preservation: 98.59%
    DEBUG: Radiation impact: 0.10, Protection factor: 0.90, Radiation accuracy: 80.50, Preservation: 98.86%
    DEBUG: Radiation impact: 0.10, Protection factor: 0.90, Radiation accuracy: 81.20, Preservation: 99.47%
    DEBUG: Radiation impact: 0.10, Protection factor: 0.90, Radiation accuracy: 81.30, Preservation: 98.90%
    DEBUG: Radiation impact: 0.10, Protection factor: 0.90, Radiation accuracy: 80.98, Preservation: 99.29%
    DEBUG: Radiation impact: 0.10, Protection factor: 0.90, Radiation accuracy: 80.63, Preservation: 98.14%
    DEBUG: Radiation impact: 0.10, Protection factor: 0.90, Radiation accuracy: 81.33, Preservation: 99.83%
    DEBUG: Radiation impact: 0.10, Protection factor: 0.90, Radiation accuracy: 80.70, Preservation: 99.15%
    DEBUG: Radiation impact: 0.10, Protection factor: 0.90, Radiation accuracy: 80.49, Preservation: 99.74%
    DEBUG: Radiation impact: 0.10, Protection factor: 0.90, Radiation accuracy: 80.24, Preservation: 98.66%
    DEBUG: Radiation impact: 0.10, Protection factor: 0.90, Radiation accuracy: 80.63, Preservation: 98.03%
    DEBUG: Radiation impact: 0.10, Protection factor: 0.90, Radiation accuracy: 80.88, Preservation: 99.72%
    DEBUG: Radiation impact: 0.10, Protection factor: 0.90, Radiation accuracy: 80.82, Preservation: 99.51%
    DEBUG: Radiation impact: 0.10, Protection factor: 0.90, Radiation accuracy: 80.13, Preservation: 99.17%
    DEBUG: Radiation impact: 0.10, Protection factor: 0.90, Radiation accuracy: 82.08, Preservation: 99.71%
    DEBUG: Radiation impact: 0.10, Protection factor: 0.90, Radiation accuracy: 80.38, Preservation: 98.69%
    DEBUG: Radiation impact: 0.10, Protection factor: 0.90, Radiation accuracy: 81.02, Preservation: 98.50%
    DEBUG: Radiation impact: 0.10, Protection factor: 0.90, Radiation accuracy: 81.65, Preservation: 98.92%
    DEBUG: Radiation impact: 0.10, Protection factor: 0.90, Radiation accuracy: 80.80, Preservation: 100.00%
    DEBUG: Radiation impact: 0.10, Protection factor: 0.90, Radiation accuracy: 80.76, Preservation: 99.46%
    DEBUG: Radiation impact: 0.10, Protection factor: 0.90, Radiation accuracy: 81.71, Preservation: 99.82%
    DEBUG: Radiation impact: 0.10, Protection factor: 0.90, Radiation accuracy: 81.14, Preservation: 98.58%
    DEBUG: Radiation impact: 0.10, Protection factor: 0.90, Radiation accuracy: 80.81, Preservation: 98.39%
    DEBUG: Radiation impact: 0.10, Protection factor: 0.90, Radiation accuracy: 81.10, Preservation: 98.65%
    DEBUG: Radiation impact: 0.10, Protection factor: 0.90, Radiation accuracy: 81.15, Preservation: 98.60%
    DEBUG: Radiation impact: 0.10, Protection factor: 0.90, Radiation accuracy: 81.40, Preservation: 99.00%
    DEBUG: Radiation impact: 0.10, Protection factor: 0.90, Radiation accuracy: 81.12, Preservation: 98.49%
    DEBUG: Radiation impact: 0.10, Protection factor: 0.90, Radiation accuracy: 81.62, Preservation: 99.18%
    DEBUG: Radiation impact: 0.10, Protection factor: 0.90, Radiation accuracy: 79.43, Preservation: 98.11%
    DEBUG: Radiation impact: 0.10, Protection factor: 0.90, Radiation accuracy: 81.44, Preservation: 98.89%
    DEBUG: Radiation impact: 0.10, Protection factor: 0.90, Radiation accuracy: 79.98, Preservation: 97.92%
    DEBUG: Radiation impact: 0.10, Protection factor: 0.90, Radiation accuracy: 80.16, Preservation: 97.82%
    DEBUG: Radiation impact: 0.10, Protection factor: 0.90, Radiation accuracy: 80.01, Preservation: 99.16%
    DEBUG: Radiation impact: 0.10, Protection factor: 0.90, Radiation accuracy: 81.18, Preservation: 99.87%
Results: Baseline accuracy = 81.66 ± 0.52, Radiation accuracy = 80.80 ± 0.61, Preservation = 98.95 ± 0.65%
Results: Baseline accuracy = 81.66% ± 0.52%, Radiation accuracy = 80.80% ± 0.61%, Preservation = 98.95% ± 0.65%
Testing configuration:
Architecture: 2-512-256-256-2-
Dropout: 0.60
Residual: Yes
Protection: 2
    DEBUG: Radiation impact: 0.10, Protection factor: 0.60, Radiation accuracy: 81.49, Preservation: 97.18%
    DEBUG: Radiation impact: 0.10, Protection factor: 0.60, Radiation accuracy: 79.88, Preservation: 95.48%
    DEBUG: Radiation impact: 0.10, Protection factor: 0.60, Radiation accuracy: 81.65, Preservation: 97.02%
    DEBUG: Radiation impact: 0.10, Protection factor: 0.60, Radiation accuracy: 80.22, Preservation: 95.96%
    DEBUG: Radiation impact: 0.10, Protection factor: 0.60, Radiation accuracy: 80.15, Preservation: 95.85%
    DEBUG: Radiation impact: 0.10, Protection factor: 0.60, Radiation accuracy: 82.33, Preservation: 96.92%
    DEBUG: Radiation impact: 0.10, Protection factor: 0.60, Radiation accuracy: 80.22, Preservation: 95.12%
    DEBUG: Radiation impact: 0.10, Protection factor: 0.60, Radiation accuracy: 80.50, Preservation: 95.87%
    DEBUG: Radiation impact: 0.10, Protection factor: 0.60, Radiation accuracy: 80.85, Preservation: 95.30%
    DEBUG: Radiation impact: 0.10, Protection factor: 0.60, Radiation accuracy: 82.72, Preservation: 96.81%
    DEBUG: Radiation impact: 0.10, Protection factor: 0.60, Radiation accuracy: 81.63, Preservation: 96.31%
    DEBUG: Radiation impact: 0.10, Protection factor: 0.60, Radiation accuracy: 80.29, Preservation: 95.74%
    DEBUG: Radiation impact: 0.10, Protection factor: 0.60, Radiation accuracy: 80.91, Preservation: 95.76%
    DEBUG: Radiation impact: 0.10, Protection factor: 0.60, Radiation accuracy: 80.11, Preservation: 95.65%
    DEBUG: Radiation impact: 0.10, Protection factor: 0.60, Radiation accuracy: 82.41, Preservation: 96.94%
    DEBUG: Radiation impact: 0.10, Protection factor: 0.60, Radiation accuracy: 82.72, Preservation: 96.94%
    DEBUG: Radiation impact: 0.10, Protection factor: 0.60, Radiation accuracy: 80.10, Preservation: 95.53%
    DEBUG: Radiation impact: 0.10, Protection factor: 0.60, Radiation accuracy: 81.74, Preservation: 95.76%
    DEBUG: Radiation impact: 0.10, Protection factor: 0.60, Radiation accuracy: 81.70, Preservation: 96.22%
    DEBUG: Radiation impact: 0.10, Protection factor: 0.60, Radiation accuracy: 80.35, Preservation: 95.50%
    DEBUG: Radiation impact: 0.10, Protection factor: 0.60, Radiation accuracy: 81.26, Preservation: 96.99%
    DEBUG: Radiation impact: 0.10, Protection factor: 0.60, Radiation accuracy: 80.06, Preservation: 95.42%
    DEBUG: Radiation impact: 0.10, Protection factor: 0.60, Radiation accuracy: 81.49, Preservation: 95.96%
    DEBUG: Radiation impact: 0.10, Protection factor: 0.60, Radiation accuracy: 80.26, Preservation: 95.61%
    DEBUG: Radiation impact: 0.10, Protection factor: 0.60, Radiation accuracy: 81.74, Preservation: 96.88%
    DEBUG: Radiation impact: 0.10, Protection factor: 0.60, Radiation accuracy: 80.66, Preservation: 96.06%
    DEBUG: Radiation impact: 0.10, Protection factor: 0.60, Radiation accuracy: 82.44, Preservation: 96.92%
    DEBUG: Radiation impact: 0.10, Protection factor: 0.60, Radiation accuracy: 81.01, Preservation: 96.53%
    DEBUG: Radiation impact: 0.10, Protection factor: 0.60, Radiation accuracy: 81.27, Preservation: 97.00%
    DEBUG: Radiation impact: 0.10, Protection factor: 0.60, Radiation accuracy: 79.41, Preservation: 95.04%
    DEBUG: Radiation impact: 0.10, Protection factor: 0.60, Radiation accuracy: 82.69, Preservation: 96.98%
    DEBUG: Radiation impact: 0.10, Protection factor: 0.60, Radiation accuracy: 81.43, Preservation: 95.82%
    DEBUG: Radiation impact: 0.10, Protection factor: 0.60, Radiation accuracy: 82.27, Preservation: 96.23%
    DEBUG: Radiation impact: 0.10, Protection factor: 0.60, Radiation accuracy: 81.03, Preservation: 96.63%
    DEBUG: Radiation impact: 0.10, Protection factor: 0.60, Radiation accuracy: 81.52, Preservation: 96.78%
    DEBUG: Radiation impact: 0.10, Protection factor: 0.60, Radiation accuracy: 81.40, Preservation: 96.28%
    DEBUG: Radiation impact: 0.10, Protection factor: 0.60, Radiation accuracy: 80.02, Preservation: 94.90%
    DEBUG: Radiation impact: 0.10, Protection factor: 0.60, Radiation accuracy: 81.53, Preservation: 96.49%
    DEBUG: Radiation impact: 0.10, Protection factor: 0.60, Radiation accuracy: 80.66, Preservation: 96.39%
    DEBUG: Radiation impact: 0.10, Protection factor: 0.60, Radiation accuracy: 82.24, Preservation: 96.39%
    DEBUG: Radiation impact: 0.10, Protection factor: 0.60, Radiation accuracy: 81.90, Preservation: 96.05%
    DEBUG: Radiation impact: 0.10, Protection factor: 0.60, Radiation accuracy: 79.71, Preservation: 95.20%
    DEBUG: Radiation impact: 0.10, Protection factor: 0.60, Radiation accuracy: 81.74, Preservation: 97.01%
    DEBUG: Radiation impact: 0.10, Protection factor: 0.60, Radiation accuracy: 81.20, Preservation: 95.11%
    DEBUG: Radiation impact: 0.10, Protection factor: 0.60, Radiation accuracy: 80.54, Preservation: 95.96%
    DEBUG: Radiation impact: 0.10, Protection factor: 0.60, Radiation accuracy: 82.43, Preservation: 96.60%
    DEBUG: Radiation impact: 0.10, Protection factor: 0.60, Radiation accuracy: 79.94, Preservation: 95.18%
    DEBUG: Radiation impact: 0.10, Protection factor: 0.60, Radiation accuracy: 81.41, Preservation: 96.24%
    DEBUG: Radiation impact: 0.10, Protection factor: 0.60, Radiation accuracy: 79.76, Preservation: 95.16%
    DEBUG: Radiation impact: 0.10, Protection factor: 0.60, Radiation accuracy: 80.56, Preservation: 95.21%
Results: Baseline accuracy = 84.40 ± 0.61, Radiation accuracy = 81.11 ± 0.90, Preservation = 96.10 ± 0.66%
Results: Baseline accuracy = 84.40% ± 0.61%, Radiation accuracy = 81.11% ± 0.90%, Preservation = 96.10% ± 0.66%
QD coverage: 0.0017% (occupied 17), elites injected: 4
Results exported to auto_arch_search_results.csv
Generation 5/20
Testing configuration:
Architecture: 2-64-256-256-2-
Dropout: 0.3000
Residual: Yes
Protection: 5
    DEBUG: Radiation impact: 0.1000, Protection factor: 0.9000, Radiation accuracy: 85.2350, Preservation: 97.9171%
    DEBUG: Radiation impact: 0.1000, Protection factor: 0.9000, Radiation accuracy: 87.3131, Preservation: 99.9495%
    DEBUG: Radiation impact: 0.1000, Protection factor: 0.9000, Radiation accuracy: 85.1507, Preservation: 98.2236%
    DEBUG: Radiation impact: 0.1000, Protection factor: 0.9000, Radiation accuracy: 86.4543, Preservation: 99.8960%
    DEBUG: Radiation impact: 0.1000, Protection factor: 0.9000, Radiation accuracy: 88.2642, Preservation: 99.9441%
    DEBUG: Radiation impact: 0.1000, Protection factor: 0.9000, Radiation accuracy: 87.2194, Preservation: 98.9067%
    DEBUG: Radiation impact: 0.1000, Protection factor: 0.9000, Radiation accuracy: 88.0617, Preservation: 99.7166%
    DEBUG: Radiation impact: 0.1000, Protection factor: 0.9000, Radiation accuracy: 85.9121, Preservation: 98.1365%
    DEBUG: Radiation impact: 0.1000, Protection factor: 0.9000, Radiation accuracy: 86.0747, Preservation: 98.7984%
    DEBUG: Radiation impact: 0.1000, Protection factor: 0.9000, Radiation accuracy: 85.3707, Preservation: 98.4492%
    DEBUG: Radiation impact: 0.1000, Protection factor: 0.9000, Radiation accuracy: 86.5809, Preservation: 99.0345%
    DEBUG: Radiation impact: 0.1000, Protection factor: 0.9000, Radiation accuracy: 86.3473, Preservation: 99.9335%
    DEBUG: Radiation impact: 0.1000, Protection factor: 0.9000, Radiation accuracy: 87.1854, Preservation: 100.0000%
    DEBUG: Radiation impact: 0.1000, Protection factor: 0.9000, Radiation accuracy: 87.1470, Preservation: 99.3698%
    DEBUG: Radiation impact: 0.1000, Protection factor: 0.9000, Radiation accuracy: 85.1818, Preservation: 98.4968%
    DEBUG: Radiation impact: 0.1000, Protection factor: 0.9000, Radiation accuracy: 86.2689, Preservation: 99.1148%
    DEBUG: Radiation impact: 0.1000, Protection factor: 0.9000, Radiation accuracy: 86.4850, Preservation: 98.8587%
    DEBUG: Radiation impact: 0.1000, Protection factor: 0.9000, Radiation accuracy: 86.2800, Preservation: 98.0252%
    DEBUG: Radiation impact: 0.1000, Protection factor: 0.9000, Radiation accuracy: 86.9984, Preservation: 100.0000%
    DEBUG: Radiation impact: 0.1000, Protection factor: 0.9000, Radiation accuracy: 87.3109, Preservation: 99.3188%
    DEBUG: Radiation impact: 0.1000, Protection factor: 0.9000, Radiation accuracy: 85.0823, Preservation: 98.3014%
    DEBUG: Radiation impact: 0.1000, Protection factor: 0.9000, Radiation accuracy: 86.0154, Preservation: 99.3304%
    DEBUG: Radiation impact: 0.1000, Protection factor: 0.9000, Radiation accuracy: 85.8457, Preservation: 99.0688%
    DEBUG: Radiation impact: 0.1000, Protection factor: 0.9000, Radiation accuracy: 87.3242, Preservation: 99.6959%
    DEBUG: Radiation impact: 0.1000, Protection factor: 0.9000, Radiation accuracy: 87.0823, Preservation: 98.5275%
    DEBUG: Radiation impact: 0.1000, Protection factor: 0.9000, Radiation accuracy: 87.7420, Preservation: 99.6245%
    DEBUG: Radiation impact: 0.1000, Protection factor: 0.9000, Radiation accuracy: 85.3315, Preservation: 98.2949%
    DEBUG: Radiation impact: 0.1000, Protection factor: 0.9000, Radiation accuracy: 87.5848, Preservation: 99.7061%
    DEBUG: Radiation impact: 0.1000, Protection factor: 0.9000, Radiation accuracy: 86.5164, Preservation: 99.6810%
    DEBUG: Radiation impact: 0.1000, Protection factor: 0.9000, Radiation accuracy: 86.3060, Preservation: 98.2753%
    DEBUG: Radiation impact: 0.1000, Protection factor: 0.9000, Radiation accuracy: 87.1802, Preservation: 99.9932%
    DEBUG: Radiation impact: 0.1000, Protection factor: 0.9000, Radiation accuracy: 87.7808, Preservation: 99.4844%
    DEBUG: Radiation impact: 0.1000, Protection factor: 0.9000, Radiation accuracy: 87.3740, Preservation: 99.0380%
    DEBUG: Radiation impact: 0.1000, Protection factor: 0.9000, Radiation accuracy: 86.4075, Preservation: 99.5957%
    DEBUG: Radiation impact: 0.1000, Protection factor: 0.9000, Radiation accuracy: 87.3111, Preservation: 99.3599%
    DEBUG: Radiation impact: 0.1000, Protection factor: 0.9000, Radiation accuracy: 86.5405, Preservation: 99.8140%
    DEBUG: Radiation impact: 0.1000, Protection factor: 0.9000, Radiation accuracy: 85.7568, Preservation: 98.5169%
    DEBUG: Radiation impact: 0.1000, Protection factor: 0.9000, Radiation accuracy: 85.6404, Preservation: 98.8556%
    DEBUG: Radiation impact: 0.1000, Protection factor: 0.9000, Radiation accuracy: 86.5430, Preservation: 99.7180%
    DEBUG: Radiation impact: 0.1000, Protection factor: 0.9000, Radiation accuracy: 86.9511, Preservation: 99.1959%
    DEBUG: Radiation impact: 0.1000, Protection factor: 0.9000, Radiation accuracy: 87.7931, Preservation: 99.9118%
    DEBUG: Radiation impact: 0.1000, Protection factor: 0.9000, Radiation accuracy: 86.2767, Preservation: 99.6180%
    DEBUG: Radiation impact: 0.1000, Protection factor: 0.9000, Radiation accuracy: 87.9881, Preservation: 99.9451%
    DEBUG: Radiation impact: 0.1000, Protection factor: 0.9000, Radiation accuracy: 86.9898, Preservation: 99.3043%
    DEBUG: Radiation impact: 0.1000, Protection factor: 0.9000, Radiation accuracy: 87.1287, Preservation: 99.0940%
    DEBUG: Radiation impact: 0.1000, Protection factor: 0.9000, Radiation accuracy: 86.6199, Preservation: 99.8123%
    DEBUG: Radiation impact: 0.1000, Protection factor: 0.9000, Radiation accuracy: 86.5165, Preservation: 98.8806%
    DEBUG: Radiation impact: 0.1000, Protection factor: 0.9000, Radiation accuracy: 86.4220, Preservation: 98.9279%
    DEBUG: Radiation impact: 0.1000, Protection factor: 0.9000, Radiation accuracy: 85.6153, Preservation: 98.2861%
    DEBUG: Radiation impact: 0.1000, Protection factor: 0.9000, Radiation accuracy: 84.8734, Preservation: 98.0374%
Results: Baseline accuracy = 87.3210 ± 0.5951, Radiation accuracy = 86.5876 ± 0.8497, Preservation = 99.1597 ± 0.6362%
Results: Baseline accuracy = 87.32% ± 0.60%, Radiation accuracy = 86.59% ± 0.85%, Preservation = 99.16% ± 0.64%
Testing configuration:
Architecture: 2-512-2-
Dropout: 0.60
Residual: Yes
Protection: 5
    DEBUG: Radiation impact: 0.10, Protection factor: 0.90, Radiation accuracy: 80.94, Preservation: 99.34%
    DEBUG: Radiation impact: 0.10, Protection factor: 0.90, Radiation accuracy: 81.27, Preservation: 99.85%
    DEBUG: Radiation impact: 0.10, Protection factor: 0.90, Radiation accuracy: 80.15, Preservation: 97.99%
    DEBUG: Radiation impact: 0.10, Protection factor: 0.90, Radiation accuracy: 80.66, Preservation: 97.95%
    DEBUG: Radiation impact: 0.10, Protection factor: 0.90, Radiation accuracy: 79.70, Preservation: 98.43%
    DEBUG: Radiation impact: 0.10, Protection factor: 0.90, Radiation accuracy: 81.87, Preservation: 99.67%
    DEBUG: Radiation impact: 0.10, Protection factor: 0.90, Radiation accuracy: 80.42, Preservation: 98.95%
    DEBUG: Radiation impact: 0.10, Protection factor: 0.90, Radiation accuracy: 79.17, Preservation: 98.15%
    DEBUG: Radiation impact: 0.10, Protection factor: 0.90, Radiation accuracy: 80.30, Preservation: 98.60%
    DEBUG: Radiation impact: 0.10, Protection factor: 0.90, Radiation accuracy: 81.02, Preservation: 98.15%
    DEBUG: Radiation impact: 0.10, Protection factor: 0.90, Radiation accuracy: 79.78, Preservation: 98.85%
    DEBUG: Radiation impact: 0.10, Protection factor: 0.90, Radiation accuracy: 80.72, Preservation: 98.24%
    DEBUG: Radiation impact: 0.10, Protection factor: 0.90, Radiation accuracy: 81.52, Preservation: 99.31%
    DEBUG: Radiation impact: 0.10, Protection factor: 0.90, Radiation accuracy: 79.74, Preservation: 97.97%
    DEBUG: Radiation impact: 0.10, Protection factor: 0.90, Radiation accuracy: 79.76, Preservation: 98.60%
    DEBUG: Radiation impact: 0.10, Protection factor: 0.90, Radiation accuracy: 81.28, Preservation: 99.17%
    DEBUG: Radiation impact: 0.10, Protection factor: 0.90, Radiation accuracy: 80.58, Preservation: 98.52%
    DEBUG: Radiation impact: 0.10, Protection factor: 0.90, Radiation accuracy: 80.47, Preservation: 99.33%
    DEBUG: Radiation impact: 0.10, Protection factor: 0.90, Radiation accuracy: 81.22, Preservation: 99.27%
    DEBUG: Radiation impact: 0.10, Protection factor: 0.90, Radiation accuracy: 82.02, Preservation: 100.00%
    DEBUG: Radiation impact: 0.10, Protection factor: 0.90, Radiation accuracy: 80.21, Preservation: 99.24%
    DEBUG: Radiation impact: 0.10, Protection factor: 0.90, Radiation accuracy: 81.09, Preservation: 98.53%
    DEBUG: Radiation impact: 0.10, Protection factor: 0.90, Radiation accuracy: 81.76, Preservation: 99.15%
    DEBUG: Radiation impact: 0.10, Protection factor: 0.90, Radiation accuracy: 80.24, Preservation: 98.12%
    DEBUG: Radiation impact: 0.10, Protection factor: 0.90, Radiation accuracy: 81.50, Preservation: 100.00%
    DEBUG: Radiation impact: 0.10, Protection factor: 0.90, Radiation accuracy: 81.11, Preservation: 99.74%
    DEBUG: Radiation impact: 0.10, Protection factor: 0.90, Radiation accuracy: 82.04, Preservation: 99.54%
    DEBUG: Radiation impact: 0.10, Protection factor: 0.90, Radiation accuracy: 80.80, Preservation: 100.00%
    DEBUG: Radiation impact: 0.10, Protection factor: 0.90, Radiation accuracy: 79.82, Preservation: 98.58%
    DEBUG: Radiation impact: 0.10, Protection factor: 0.90, Radiation accuracy: 80.64, Preservation: 99.65%
    DEBUG: Radiation impact: 0.10, Protection factor: 0.90, Radiation accuracy: 79.83, Preservation: 98.67%
    DEBUG: Radiation impact: 0.10, Protection factor: 0.90, Radiation accuracy: 79.78, Preservation: 97.82%
    DEBUG: Radiation impact: 0.10, Protection factor: 0.90, Radiation accuracy: 82.29, Preservation: 99.90%
    DEBUG: Radiation impact: 0.10, Protection factor: 0.90, Radiation accuracy: 80.48, Preservation: 99.67%
    DEBUG: Radiation impact: 0.10, Protection factor: 0.90, Radiation accuracy: 81.30, Preservation: 98.87%
    DEBUG: Radiation impact: 0.10, Protection factor: 0.90, Radiation accuracy: 80.57, Preservation: 99.03%
    DEBUG: Radiation impact: 0.10, Protection factor: 0.90, Radiation accuracy: 80.61, Preservation: 99.05%
    DEBUG: Radiation impact: 0.10, Protection factor: 0.90, Radiation accuracy: 80.71, Preservation: 99.13%
    DEBUG: Radiation impact: 0.10, Protection factor: 0.90, Radiation accuracy: 81.92, Preservation: 99.32%
    DEBUG: Radiation impact: 0.10, Protection factor: 0.90, Radiation accuracy: 80.73, Preservation: 98.01%
    DEBUG: Radiation impact: 0.10, Protection factor: 0.90, Radiation accuracy: 80.69, Preservation: 98.47%
    DEBUG: Radiation impact: 0.10, Protection factor: 0.90, Radiation accuracy: 80.58, Preservation: 98.09%
    DEBUG: Radiation impact: 0.10, Protection factor: 0.90, Radiation accuracy: 81.92, Preservation: 99.99%
    DEBUG: Radiation impact: 0.10, Protection factor: 0.90, Radiation accuracy: 80.23, Preservation: 98.08%
    DEBUG: Radiation impact: 0.10, Protection factor: 0.90, Radiation accuracy: 80.00, Preservation: 98.10%
    DEBUG: Radiation impact: 0.10, Protection factor: 0.90, Radiation accuracy: 81.08, Preservation: 99.99%
    DEBUG: Radiation impact: 0.10, Protection factor: 0.90, Radiation accuracy: 79.09, Preservation: 97.82%
    DEBUG: Radiation impact: 0.10, Protection factor: 0.90, Radiation accuracy: 82.19, Preservation: 99.78%
    DEBUG: Radiation impact: 0.10, Protection factor: 0.90, Radiation accuracy: 82.15, Preservation: 99.44%
    DEBUG: Radiation impact: 0.10, Protection factor: 0.90, Radiation accuracy: 81.10, Preservation: 98.37%
Results: Baseline accuracy = 81.65 ± 0.59, Radiation accuracy = 80.78 ± 0.80, Preservation = 98.93 ± 0.69%
Results: Baseline accuracy = 81.65% ± 0.59%, Radiation accuracy = 80.78% ± 0.80%, Preservation = 98.93% ± 0.69%
Testing configuration:
Architecture: 2-64-256-256-2-
Dropout: 0.40
Residual: No
Protection: 5
    DEBUG: Radiation impact: 0.10, Protection factor: 0.90, Radiation accuracy: 84.09, Preservation: 99.86%
    DEBUG: Radiation impact: 0.10, Protection factor: 0.90, Radiation accuracy: 82.85, Preservation: 99.20%
    DEBUG: Radiation impact: 0.10, Protection factor: 0.90, Radiation accuracy: 83.48, Preservation: 98.51%
    DEBUG: Radiation impact: 0.10, Protection factor: 0.90, Radiation accuracy: 84.02, Preservation: 99.73%
    DEBUG: Radiation impact: 0.10, Protection factor: 0.90, Radiation accuracy: 84.09, Preservation: 99.72%
    DEBUG: Radiation impact: 0.10, Protection factor: 0.90, Radiation accuracy: 82.46, Preservation: 97.82%
    DEBUG: Radiation impact: 0.10, Protection factor: 0.90, Radiation accuracy: 83.44, Preservation: 99.58%
    DEBUG: Radiation impact: 0.10, Protection factor: 0.90, Radiation accuracy: 82.35, Preservation: 97.90%
    DEBUG: Radiation impact: 0.10, Protection factor: 0.90, Radiation accuracy: 85.11, Preservation: 99.91%
    DEBUG: Radiation impact: 0.10, Protection factor: 0.90, Radiation accuracy: 83.02, Preservation: 98.37%
    DEBUG: Radiation impact: 0.10, Protection factor: 0.90, Radiation accuracy: 83.01, Preservation: 98.67%
    DEBUG: Radiation impact: 0.10, Protection factor: 0.90, Radiation accuracy: 84.18, Preservation: 98.90%
    DEBUG: Radiation impact: 0.10, Protection factor: 0.90, Radiation accuracy: 83.79, Preservation: 99.71%
    DEBUG: Radiation impact: 0.10, Protection factor: 0.90, Radiation accuracy: 82.94, Preservation: 98.37%
    DEBUG: Radiation impact: 0.10, Protection factor: 0.90, Radiation accuracy: 84.09, Preservation: 98.64%
    DEBUG: Radiation impact: 0.10, Protection factor: 0.90, Radiation accuracy: 83.76, Preservation: 99.37%
    DEBUG: Radiation impact: 0.10, Protection factor: 0.90, Radiation accuracy: 85.16, Preservation: 100.00%
    DEBUG: Radiation impact: 0.10, Protection factor: 0.90, Radiation accuracy: 83.66, Preservation: 99.22%
    DEBUG: Radiation impact: 0.10, Protection factor: 0.90, Radiation accuracy: 84.06, Preservation: 98.63%
    DEBUG: Radiation impact: 0.10, Protection factor: 0.90, Radiation accuracy: 83.85, Preservation: 99.40%
    DEBUG: Radiation impact: 0.10, Protection factor: 0.90, Radiation accuracy: 82.91, Preservation: 97.88%
    DEBUG: Radiation impact: 0.10, Protection factor: 0.90, Radiation accuracy: 83.11, Preservation: 98.56%
    DEBUG: Radiation impact: 0.10, Protection factor: 0.90, Radiation accuracy: 83.97, Preservation: 98.58%
    DEBUG: Radiation impact: 0.10, Protection factor: 0.90, Radiation accuracy: 83.19, Preservation: 98.73%
    DEBUG: Radiation impact: 0.10, Protection factor: 0.90, Radiation accuracy: 84.02, Preservation: 98.53%
    DEBUG: Radiation impact: 0.10, Protection factor: 0.90, Radiation accuracy: 83.12, Preservation: 99.30%
    DEBUG: Radiation impact: 0.10, Protection factor: 0.90, Radiation accuracy: 83.36, Preservation: 98.32%
    DEBUG: Radiation impact: 0.10, Protection factor: 0.90, Radiation accuracy: 84.48, Preservation: 100.00%
    DEBUG: Radiation impact: 0.10, Protection factor: 0.90, Radiation accuracy: 84.57, Preservation: 99.65%
    DEBUG: Radiation impact: 0.10, Protection factor: 0.90, Radiation accuracy: 83.48, Preservation: 99.52%
    DEBUG: Radiation impact: 0.10, Protection factor: 0.90, Radiation accuracy: 84.57, Preservation: 100.00%
    DEBUG: Radiation impact: 0.10, Protection factor: 0.90, Radiation accuracy: 83.09, Preservation: 97.85%
    DEBUG: Radiation impact: 0.10, Protection factor: 0.90, Radiation accuracy: 84.38, Preservation: 98.92%
    DEBUG: Radiation impact: 0.10, Protection factor: 0.90, Radiation accuracy: 83.27, Preservation: 98.71%
    DEBUG: Radiation impact: 0.10, Protection factor: 0.90, Radiation accuracy: 82.04, Preservation: 98.24%
    DEBUG: Radiation impact: 0.10, Protection factor: 0.90, Radiation accuracy: 83.23, Preservation: 99.19%
    DEBUG: Radiation impact: 0.10, Protection factor: 0.90, Radiation accuracy: 84.38, Preservation: 99.39%
    DEBUG: Radiation impact: 0.10, Protection factor: 0.90, Radiation accuracy: 83.27, Preservation: 98.72%
    DEBUG: Radiation impact: 0.10, Protection factor: 0.90, Radiation accuracy: 84.82, Preservation: 99.82%
    DEBUG: Radiation impact: 0.10, Protection factor: 0.90, Radiation accuracy: 82.10, Preservation: 98.42%
    DEBUG: Radiation impact: 0.10, Protection factor: 0.90, Radiation accuracy: 84.98, Preservation: 99.72%
    DEBUG: Radiation impact: 0.10, Protection factor: 0.90, Radiation accuracy: 84.89, Preservation: 99.76%
    DEBUG: Radiation impact: 0.10, Protection factor: 0.90, Radiation accuracy: 83.22, Preservation: 98.73%
    DEBUG: Radiation impact: 0.10, Protection factor: 0.90, Radiation accuracy: 84.65, Preservation: 99.32%
    DEBUG: Radiation impact: 0.10, Protection factor: 0.90, Radiation accuracy: 83.99, Preservation: 99.02%
    DEBUG: Radiation impact: 0.10, Protection factor: 0.90, Radiation accuracy: 84.54, Preservation: 99.20%
    DEBUG: Radiation impact: 0.10, Protection factor: 0.90, Radiation accuracy: 83.94, Preservation: 99.79%
    DEBUG: Radiation impact: 0.10, Protection factor: 0.90, Radiation accuracy: 83.50, Preservation: 98.86%
    DEBUG: Radiation impact: 0.10, Protection factor: 0.90, Radiation accuracy: 83.26, Preservation: 99.10%
    DEBUG: Radiation impact: 0.10, Protection factor: 0.90, Radiation accuracy: 83.92, Preservation: 99.75%
Results: Baseline accuracy = 84.51 ± 0.52, Radiation accuracy = 83.71 ± 0.76, Preservation = 99.06 ± 0.63%
Results: Baseline accuracy = 84.51% ± 0.52%, Radiation accuracy = 83.71% ± 0.76%, Preservation = 99.06% ± 0.63%
Testing configuration:
Architecture: 2-64-32-256-2-
Dropout: 0.60
Residual: Yes
Protection: 1
    DEBUG: Radiation impact: 0.10, Protection factor: 0.20, Radiation accuracy: 76.15, Preservation: 91.08%
    DEBUG: Radiation impact: 0.10, Protection factor: 0.20, Radiation accuracy: 77.91, Preservation: 92.66%
    DEBUG: Radiation impact: 0.10, Protection factor: 0.20, Radiation accuracy: 77.01, Preservation: 91.99%
    DEBUG: Radiation impact: 0.10, Protection factor: 0.20, Radiation accuracy: 75.93, Preservation: 90.81%
    DEBUG: Radiation impact: 0.10, Protection factor: 0.20, Radiation accuracy: 76.42, Preservation: 91.37%
    DEBUG: Radiation impact: 0.10, Protection factor: 0.20, Radiation accuracy: 76.86, Preservation: 92.04%
    DEBUG: Radiation impact: 0.10, Protection factor: 0.20, Radiation accuracy: 77.77, Preservation: 92.57%
    DEBUG: Radiation impact: 0.10, Protection factor: 0.20, Radiation accuracy: 76.77, Preservation: 91.02%
    DEBUG: Radiation impact: 0.10, Protection factor: 0.20, Radiation accuracy: 78.50, Preservation: 92.86%
    DEBUG: Radiation impact: 0.10, Protection factor: 0.20, Radiation accuracy: 77.37, Preservation: 92.05%
    DEBUG: Radiation impact: 0.10, Protection factor: 0.20, Radiation accuracy: 75.71, Preservation: 91.12%
    DEBUG: Radiation impact: 0.10, Protection factor: 0.20, Radiation accuracy: 76.73, Preservation: 92.02%
    DEBUG: Radiation impact: 0.10, Protection factor: 0.20, Radiation accuracy: 76.65, Preservation: 92.02%
    DEBUG: Radiation impact: 0.10, Protection factor: 0.20, Radiation accuracy: 77.18, Preservation: 91.07%
    DEBUG: Radiation impact: 0.10, Protection factor: 0.20, Radiation accuracy: 77.02, Preservation: 91.35%
    DEBUG: Radiation impact: 0.10, Protection factor: 0.20, Radiation accuracy: 76.64, Preservation: 91.92%
    DEBUG: Radiation impact: 0.10, Protection factor: 0.20, Radiation accuracy: 77.75, Preservation: 93.15%
    DEBUG: Radiation impact: 0.10, Protection factor: 0.20, Radiation accuracy: 75.97, Preservation: 91.02%
    DEBUG: Radiation impact: 0.10, Protection factor: 0.20, Radiation accuracy: 77.53, Preservation: 92.99%
    DEBUG: Radiation impact: 0.10, Protection factor: 0.20, Radiation accuracy: 77.77, Preservation: 91.99%
    DEBUG: Radiation impact: 0.10, Protection factor: 0.20, Radiation accuracy: 76.03, Preservation: 91.16%
    DEBUG: Radiation impact: 0.10, Protection factor: 0.20, Radiation accuracy: 77.70, Preservation: 92.06%
    DEBUG: Radiation impact: 0.10, Protection factor: 0.20, Radiation accuracy: 78.15, Preservation: 92.69%
    DEBUG: Radiation impact: 0.10, Protection factor: 0.20, Radiation accuracy: 76.72, Preservation: 92.31%
    DEBUG: Radiation impact: 0.10, Protection factor: 0.20, Radiation accuracy: 78.90, Preservation: 92.96%
    DEBUG: Radiation impact: 0.10, Protection factor: 0.20, Radiation accuracy: 77.65, Preservation: 91.46%
    DEBUG: Radiation impact: 0.10, Protection factor: 0.20, Radiation accuracy: 76.74, Preservation: 91.96%
    DEBUG: Radiation impact: 0.10, Protection factor: 0.20, Radiation accuracy: 77.55, Preservation: 92.25%
    DEBUG: Radiation impact: 0.10, Protection factor: 0.20, Radiation accuracy: 77.33, Preservation: 92.02%
    DEBUG: Radiation impact: 0.10, Protection factor: 0.20, Radiation accuracy: 77.55, Preservation: 91.97%
    DEBUG: Radiation impact: 0.10, Protection factor: 0.20, Radiation accuracy: 77.36, Preservation: 92.30%
    DEBUG: Radiation impact: 0.10, Protection factor: 0.20, Radiation accuracy: 77.58, Preservation: 91.69%
    DEBUG: Radiation impact: 0.10, Protection factor: 0.20, Radiation accuracy: 76.92, Preservation: 91.35%
    DEBUG: Radiation impact: 0.10, Protection factor: 0.20, Radiation accuracy: 76.60, Preservation: 91.51%
    DEBUG: Radiation impact: 0.10, Protection factor: 0.20, Radiation accuracy: 78.12, Preservation: 92.76%
    DEBUG: Radiation impact: 0.10, Protection factor: 0.20, Radiation accuracy: 77.84, Preservation: 91.66%
    DEBUG: Radiation impact: 0.10, Protection factor: 0.20, Radiation accuracy: 76.98, Preservation: 91.36%
    DEBUG: Radiation impact: 0.10, Protection factor: 0.20, Radiation accuracy: 77.38, Preservation: 91.51%
    DEBUG: Radiation impact: 0.10, Protection factor: 0.20, Radiation accuracy: 76.87, Preservation: 91.33%
    DEBUG: Radiation impact: 0.10, Protection factor: 0.20, Radiation accuracy: 76.25, Preservation: 90.86%
    DEBUG: Radiation impact: 0.10, Protection factor: 0.20, Radiation accuracy: 76.86, Preservation: 91.02%
    DEBUG: Radiation impact: 0.10, Protection factor: 0.20, Radiation accuracy: 77.63, Preservation: 91.73%
    DEBUG: Radiation impact: 0.10, Protection factor: 0.20, Radiation accuracy: 78.20, Preservation: 91.98%
    DEBUG: Radiation impact: 0.10, Protection factor: 0.20, Radiation accuracy: 77.44, Preservation: 91.51%
    DEBUG: Radiation impact: 0.10, Protection factor: 0.20, Radiation accuracy: 76.32, Preservation: 90.91%
    DEBUG: Radiation impact: 0.10, Protection factor: 0.20, Radiation accuracy: 77.41, Preservation: 91.50%
    DEBUG: Radiation impact: 0.10, Protection factor: 0.20, Radiation accuracy: 77.50, Preservation: 93.14%
    DEBUG: Radiation impact: 0.10, Protection factor: 0.20, Radiation accuracy: 76.08, Preservation: 91.52%
    DEBUG: Radiation impact: 0.10, Protection factor: 0.20, Radiation accuracy: 78.41, Preservation: 92.60%
    DEBUG: Radiation impact: 0.10, Protection factor: 0.20, Radiation accuracy: 77.28, Preservation: 92.74%
Results: Baseline accuracy = 84.02 ± 0.55, Radiation accuracy = 77.18 ± 0.72, Preservation = 91.86 ± 0.65%
Results: Baseline accuracy = 84.02% ± 0.55%, Radiation accuracy = 77.18% ± 0.72%, Preservation = 91.86% ± 0.65%
Testing configuration:
Architecture: 2-64-2-
Dropout: 0.50
Residual: Yes
Protection: 5
    DEBUG: Radiation impact: 0.10, Protection factor: 0.90, Radiation accuracy: 81.54, Preservation: 99.24%
    DEBUG: Radiation impact: 0.10, Protection factor: 0.90, Radiation accuracy: 79.92, Preservation: 98.46%
    DEBUG: Radiation impact: 0.10, Protection factor: 0.90, Radiation accuracy: 81.23, Preservation: 100.00%
    DEBUG: Radiation impact: 0.10, Protection factor: 0.90, Radiation accuracy: 80.88, Preservation: 99.10%
    DEBUG: Radiation impact: 0.10, Protection factor: 0.90, Radiation accuracy: 81.67, Preservation: 98.42%
    DEBUG: Radiation impact: 0.10, Protection factor: 0.90, Radiation accuracy: 82.31, Preservation: 99.40%
    DEBUG: Radiation impact: 0.10, Protection factor: 0.90, Radiation accuracy: 81.85, Preservation: 98.85%
    DEBUG: Radiation impact: 0.10, Protection factor: 0.90, Radiation accuracy: 80.60, Preservation: 98.81%
    DEBUG: Radiation impact: 0.10, Protection factor: 0.90, Radiation accuracy: 81.20, Preservation: 98.93%
    DEBUG: Radiation impact: 0.10, Protection factor: 0.90, Radiation accuracy: 82.74, Preservation: 99.54%
    DEBUG: Radiation impact: 0.10, Protection factor: 0.90, Radiation accuracy: 82.28, Preservation: 99.32%
    DEBUG: Radiation impact: 0.10, Protection factor: 0.90, Radiation accuracy: 81.07, Preservation: 99.45%
    DEBUG: Radiation impact: 0.10, Protection factor: 0.90, Radiation accuracy: 80.59, Preservation: 98.32%
    DEBUG: Radiation impact: 0.10, Protection factor: 0.90, Radiation accuracy: 82.33, Preservation: 100.00%
    DEBUG: Radiation impact: 0.10, Protection factor: 0.90, Radiation accuracy: 81.98, Preservation: 98.64%
    DEBUG: Radiation impact: 0.10, Protection factor: 0.90, Radiation accuracy: 80.47, Preservation: 99.07%
    DEBUG: Radiation impact: 0.10, Protection factor: 0.90, Radiation accuracy: 81.25, Preservation: 99.31%
    DEBUG: Radiation impact: 0.10, Protection factor: 0.90, Radiation accuracy: 81.13, Preservation: 98.08%
    DEBUG: Radiation impact: 0.10, Protection factor: 0.90, Radiation accuracy: 82.58, Preservation: 99.69%
    DEBUG: Radiation impact: 0.10, Protection factor: 0.90, Radiation accuracy: 79.51, Preservation: 97.96%
    DEBUG: Radiation impact: 0.10, Protection factor: 0.90, Radiation accuracy: 80.59, Preservation: 99.05%
    DEBUG: Radiation impact: 0.10, Protection factor: 0.90, Radiation accuracy: 81.94, Preservation: 99.37%
    DEBUG: Radiation impact: 0.10, Protection factor: 0.90, Radiation accuracy: 81.20, Preservation: 98.56%
    DEBUG: Radiation impact: 0.10, Protection factor: 0.90, Radiation accuracy: 80.62, Preservation: 99.10%
    DEBUG: Radiation impact: 0.10, Protection factor: 0.90, Radiation accuracy: 82.20, Preservation: 99.10%
    DEBUG: Radiation impact: 0.10, Protection factor: 0.90, Radiation accuracy: 79.56, Preservation: 97.99%
    DEBUG: Radiation impact: 0.10, Protection factor: 0.90, Radiation accuracy: 81.89, Preservation: 99.64%
    DEBUG: Radiation impact: 0.10, Protection factor: 0.90, Radiation accuracy: 80.67, Preservation: 98.37%
    DEBUG: Radiation impact: 0.10, Protection factor: 0.90, Radiation accuracy: 80.63, Preservation: 97.79%
    DEBUG: Radiation impact: 0.10, Protection factor: 0.90, Radiation accuracy: 82.31, Preservation: 99.12%
    DEBUG: Radiation impact: 0.10, Protection factor: 0.90, Radiation accuracy: 81.28, Preservation: 100.00%
    DEBUG: Radiation impact: 0.10, Protection factor: 0.90, Radiation accuracy: 82.08, Preservation: 99.19%
    DEBUG: Radiation impact: 0.10, Protection factor: 0.90, Radiation accuracy: 81.22, Preservation: 99.45%
    DEBUG: Radiation impact: 0.10, Protection factor: 0.90, Radiation accuracy: 79.59, Preservation: 97.92%
    DEBUG: Radiation impact: 0.10, Protection factor: 0.90, Radiation accuracy: 82.21, Preservation: 99.06%
    DEBUG: Radiation impact: 0.10, Protection factor: 0.90, Radiation accuracy: 80.67, Preservation: 99.06%
    DEBUG: Radiation impact: 0.10, Protection factor: 0.90, Radiation accuracy: 82.24, Preservation: 99.46%
    DEBUG: Radiation impact: 0.10, Protection factor: 0.90, Radiation accuracy: 82.57, Preservation: 100.00%
    DEBUG: Radiation impact: 0.10, Protection factor: 0.90, Radiation accuracy: 82.61, Preservation: 99.60%
    DEBUG: Radiation impact: 0.10, Protection factor: 0.90, Radiation accuracy: 82.35, Preservation: 99.20%
    DEBUG: Radiation impact: 0.10, Protection factor: 0.90, Radiation accuracy: 80.93, Preservation: 98.77%
    DEBUG: Radiation impact: 0.10, Protection factor: 0.90, Radiation accuracy: 80.64, Preservation: 99.26%
    DEBUG: Radiation impact: 0.10, Protection factor: 0.90, Radiation accuracy: 79.94, Preservation: 98.44%
    DEBUG: Radiation impact: 0.10, Protection factor: 0.90, Radiation accuracy: 81.44, Preservation: 99.67%
    DEBUG: Radiation impact: 0.10, Protection factor: 0.90, Radiation accuracy: 79.70, Preservation: 98.16%
    DEBUG: Radiation impact: 0.10, Protection factor: 0.90, Radiation accuracy: 80.27, Preservation: 98.18%
    DEBUG: Radiation impact: 0.10, Protection factor: 0.90, Radiation accuracy: 81.04, Preservation: 98.58%
    DEBUG: Radiation impact: 0.10, Protection factor: 0.90, Radiation accuracy: 79.88, Preservation: 98.32%
    DEBUG: Radiation impact: 0.10, Protection factor: 0.90, Radiation accuracy: 80.57, Preservation: 97.91%
    DEBUG: Radiation impact: 0.10, Protection factor: 0.90, Radiation accuracy: 80.61, Preservation: 97.96%
Results: Baseline accuracy = 82.08 ± 0.67, Radiation accuracy = 81.21 ± 0.91, Preservation = 98.94 ± 0.62%
Results: Baseline accuracy = 82.08% ± 0.67%, Radiation accuracy = 81.21% ± 0.91%, Preservation = 98.94% ± 0.62%
Testing configuration:
Architecture: 2-64-256-256-2-
Dropout: 0.60
Residual: Yes
Protection: 4
    DEBUG: Radiation impact: 0.10, Protection factor: 0.85, Radiation accuracy: 82.31, Preservation: 98.14%
    DEBUG: Radiation impact: 0.10, Protection factor: 0.85, Radiation accuracy: 81.68, Preservation: 97.95%
    DEBUG: Radiation impact: 0.10, Protection factor: 0.85, Radiation accuracy: 82.50, Preservation: 98.85%
    DEBUG: Radiation impact: 0.10, Protection factor: 0.85, Radiation accuracy: 82.77, Preservation: 98.94%
    DEBUG: Radiation impact: 0.10, Protection factor: 0.85, Radiation accuracy: 83.49, Preservation: 98.34%
    DEBUG: Radiation impact: 0.10, Protection factor: 0.85, Radiation accuracy: 81.93, Preservation: 97.54%
    DEBUG: Radiation impact: 0.10, Protection factor: 0.85, Radiation accuracy: 84.50, Preservation: 99.48%
    DEBUG: Radiation impact: 0.10, Protection factor: 0.85, Radiation accuracy: 82.20, Preservation: 98.30%
    DEBUG: Radiation impact: 0.10, Protection factor: 0.85, Radiation accuracy: 83.31, Preservation: 98.67%
    DEBUG: Radiation impact: 0.10, Protection factor: 0.85, Radiation accuracy: 82.96, Preservation: 98.37%
    DEBUG: Radiation impact: 0.10, Protection factor: 0.85, Radiation accuracy: 81.90, Preservation: 98.16%
    DEBUG: Radiation impact: 0.10, Protection factor: 0.85, Radiation accuracy: 83.03, Preservation: 99.29%
    DEBUG: Radiation impact: 0.10, Protection factor: 0.85, Radiation accuracy: 84.65, Preservation: 99.57%
    DEBUG: Radiation impact: 0.10, Protection factor: 0.85, Radiation accuracy: 83.60, Preservation: 98.25%
    DEBUG: Radiation impact: 0.10, Protection factor: 0.85, Radiation accuracy: 81.78, Preservation: 97.77%
    DEBUG: Radiation impact: 0.10, Protection factor: 0.85, Radiation accuracy: 82.16, Preservation: 98.06%
    DEBUG: Radiation impact: 0.10, Protection factor: 0.85, Radiation accuracy: 83.00, Preservation: 99.43%
    DEBUG: Radiation impact: 0.10, Protection factor: 0.85, Radiation accuracy: 83.75, Preservation: 98.70%
    DEBUG: Radiation impact: 0.10, Protection factor: 0.85, Radiation accuracy: 84.70, Preservation: 99.32%
    DEBUG: Radiation impact: 0.10, Protection factor: 0.85, Radiation accuracy: 83.56, Preservation: 98.74%
    DEBUG: Radiation impact: 0.10, Protection factor: 0.85, Radiation accuracy: 84.56, Preservation: 99.41%
    DEBUG: Radiation impact: 0.10, Protection factor: 0.85, Radiation accuracy: 82.12, Preservation: 97.40%
    DEBUG: Radiation impact: 0.10, Protection factor: 0.85, Radiation accuracy: 82.84, Preservation: 98.77%
    DEBUG: Radiation impact: 0.10, Protection factor: 0.85, Radiation accuracy: 82.85, Preservation: 99.17%
    DEBUG: Radiation impact: 0.10, Protection factor: 0.85, Radiation accuracy: 82.53, Preservation: 97.99%
    DEBUG: Radiation impact: 0.10, Protection factor: 0.85, Radiation accuracy: 82.02, Preservation: 97.75%
    DEBUG: Radiation impact: 0.10, Protection factor: 0.85, Radiation accuracy: 82.73, Preservation: 98.20%
    DEBUG: Radiation impact: 0.10, Protection factor: 0.85, Radiation accuracy: 83.87, Preservation: 99.20%
    DEBUG: Radiation impact: 0.10, Protection factor: 0.85, Radiation accuracy: 84.74, Preservation: 99.64%
    DEBUG: Radiation impact: 0.10, Protection factor: 0.85, Radiation accuracy: 83.27, Preservation: 99.46%
    DEBUG: Radiation impact: 0.10, Protection factor: 0.85, Radiation accuracy: 81.75, Preservation: 97.50%
    DEBUG: Radiation impact: 0.10, Protection factor: 0.85, Radiation accuracy: 83.51, Preservation: 99.65%
    DEBUG: Radiation impact: 0.10, Protection factor: 0.85, Radiation accuracy: 83.50, Preservation: 98.32%
    DEBUG: Radiation impact: 0.10, Protection factor: 0.85, Radiation accuracy: 83.88, Preservation: 98.41%
    DEBUG: Radiation impact: 0.10, Protection factor: 0.85, Radiation accuracy: 84.63, Preservation: 99.60%
    DEBUG: Radiation impact: 0.10, Protection factor: 0.85, Radiation accuracy: 83.42, Preservation: 97.74%
    DEBUG: Radiation impact: 0.10, Protection factor: 0.85, Radiation accuracy: 82.59, Preservation: 97.99%
    DEBUG: Radiation impact: 0.10, Protection factor: 0.85, Radiation accuracy: 82.60, Preservation: 98.21%
    DEBUG: Radiation impact: 0.10, Protection factor: 0.85, Radiation accuracy: 84.04, Preservation: 99.40%
    DEBUG: Radiation impact: 0.10, Protection factor: 0.85, Radiation accuracy: 82.56, Preservation: 97.93%
    DEBUG: Radiation impact: 0.10, Protection factor: 0.85, Radiation accuracy: 83.31, Preservation: 99.33%
    DEBUG: Radiation impact: 0.10, Protection factor: 0.85, Radiation accuracy: 82.45, Preservation: 98.39%
    DEBUG: Radiation impact: 0.10, Protection factor: 0.85, Radiation accuracy: 82.87, Preservation: 98.72%
    DEBUG: Radiation impact: 0.10, Protection factor: 0.85, Radiation accuracy: 82.57, Preservation: 97.97%
    DEBUG: Radiation impact: 0.10, Protection factor: 0.85, Radiation accuracy: 84.28, Preservation: 99.02%
    DEBUG: Radiation impact: 0.10, Protection factor: 0.85, Radiation accuracy: 82.46, Preservation: 97.95%
    DEBUG: Radiation impact: 0.10, Protection factor: 0.85, Radiation accuracy: 83.95, Preservation: 99.32%
    DEBUG: Radiation impact: 0.10, Protection factor: 0.85, Radiation accuracy: 83.33, Preservation: 98.00%
    DEBUG: Radiation impact: 0.10, Protection factor: 0.85, Radiation accuracy: 81.91, Preservation: 97.73%
    DEBUG: Radiation impact: 0.10, Protection factor: 0.85, Radiation accuracy: 82.73, Preservation: 97.34%
Results: Baseline accuracy = 84.30 ± 0.58, Radiation accuracy = 83.07 ± 0.86, Preservation = 98.55 ± 0.68%
Results: Baseline accuracy = 84.30% ± 0.58%, Radiation accuracy = 83.07% ± 0.86%, Preservation = 98.55% ± 0.68%
Testing configuration:
Architecture: 2-128-2-
Dropout: 0.50
Residual: Yes
Protection: 5
    DEBUG: Radiation impact: 0.10, Protection factor: 0.90, Radiation accuracy: 82.51, Preservation: 100.00%
    DEBUG: Radiation impact: 0.10, Protection factor: 0.90, Radiation accuracy: 82.68, Preservation: 100.00%
    DEBUG: Radiation impact: 0.10, Protection factor: 0.90, Radiation accuracy: 80.46, Preservation: 98.51%
    DEBUG: Radiation impact: 0.10, Protection factor: 0.90, Radiation accuracy: 83.06, Preservation: 99.84%
    DEBUG: Radiation impact: 0.10, Protection factor: 0.90, Radiation accuracy: 82.57, Preservation: 99.93%
    DEBUG: Radiation impact: 0.10, Protection factor: 0.90, Radiation accuracy: 81.35, Preservation: 99.53%
    DEBUG: Radiation impact: 0.10, Protection factor: 0.90, Radiation accuracy: 81.60, Preservation: 99.89%
    DEBUG: Radiation impact: 0.10, Protection factor: 0.90, Radiation accuracy: 80.48, Preservation: 97.81%
    DEBUG: Radiation impact: 0.10, Protection factor: 0.90, Radiation accuracy: 79.97, Preservation: 98.27%
    DEBUG: Radiation impact: 0.10, Protection factor: 0.90, Radiation accuracy: 81.45, Preservation: 97.80%
    DEBUG: Radiation impact: 0.10, Protection factor: 0.90, Radiation accuracy: 82.40, Preservation: 99.68%
    DEBUG: Radiation impact: 0.10, Protection factor: 0.90, Radiation accuracy: 81.09, Preservation: 98.27%
    DEBUG: Radiation impact: 0.10, Protection factor: 0.90, Radiation accuracy: 80.80, Preservation: 99.29%
    DEBUG: Radiation impact: 0.10, Protection factor: 0.90, Radiation accuracy: 80.26, Preservation: 98.34%
    DEBUG: Radiation impact: 0.10, Protection factor: 0.90, Radiation accuracy: 80.52, Preservation: 98.20%
    DEBUG: Radiation impact: 0.10, Protection factor: 0.90, Radiation accuracy: 80.15, Preservation: 98.25%
    DEBUG: Radiation impact: 0.10, Protection factor: 0.90, Radiation accuracy: 80.96, Preservation: 98.67%
    DEBUG: Radiation impact: 0.10, Protection factor: 0.90, Radiation accuracy: 80.99, Preservation: 98.41%
    DEBUG: Radiation impact: 0.10, Protection factor: 0.90, Radiation accuracy: 81.40, Preservation: 99.21%
    DEBUG: Radiation impact: 0.10, Protection factor: 0.90, Radiation accuracy: 81.10, Preservation: 99.01%
    DEBUG: Radiation impact: 0.10, Protection factor: 0.90, Radiation accuracy: 81.53, Preservation: 100.00%
    DEBUG: Radiation impact: 0.10, Protection factor: 0.90, Radiation accuracy: 80.93, Preservation: 98.75%
    DEBUG: Radiation impact: 0.10, Protection factor: 0.90, Radiation accuracy: 81.64, Preservation: 98.65%
    DEBUG: Radiation impact: 0.10, Protection factor: 0.90, Radiation accuracy: 81.61, Preservation: 98.68%
    DEBUG: Radiation impact: 0.10, Protection factor: 0.90, Radiation accuracy: 82.22, Preservation: 98.77%
    DEBUG: Radiation impact: 0.10, Protection factor: 0.90, Radiation accuracy: 80.29, Preservation: 98.32%
    DEBUG: Radiation impact: 0.10, Protection factor: 0.90, Radiation accuracy: 81.36, Preservation: 99.40%
    DEBUG: Radiation impact: 0.10, Protection factor: 0.90, Radiation accuracy: 81.10, Preservation: 97.82%
    DEBUG: Radiation impact: 0.10, Protection factor: 0.90, Radiation accuracy: 81.86, Preservation: 100.00%
    DEBUG: Radiation impact: 0.10, Protection factor: 0.90, Radiation accuracy: 82.76, Preservation: 99.78%
    DEBUG: Radiation impact: 0.10, Protection factor: 0.90, Radiation accuracy: 81.87, Preservation: 98.52%
    DEBUG: Radiation impact: 0.10, Protection factor: 0.90, Radiation accuracy: 81.98, Preservation: 99.35%
    DEBUG: Radiation impact: 0.10, Protection factor: 0.90, Radiation accuracy: 81.74, Preservation: 98.87%
    DEBUG: Radiation impact: 0.10, Protection factor: 0.90, Radiation accuracy: 81.03, Preservation: 98.22%
    DEBUG: Radiation impact: 0.10, Protection factor: 0.90, Radiation accuracy: 80.05, Preservation: 98.22%
    DEBUG: Radiation impact: 0.10, Protection factor: 0.90, Radiation accuracy: 81.72, Preservation: 98.97%
    DEBUG: Radiation impact: 0.10, Protection factor: 0.90, Radiation accuracy: 82.00, Preservation: 99.93%
    DEBUG: Radiation impact: 0.10, Protection factor: 0.90, Radiation accuracy: 82.61, Preservation: 100.00%
    DEBUG: Radiation impact: 0.10, Protection factor: 0.90, Radiation accuracy: 81.86, Preservation: 99.65%
    DEBUG: Radiation impact: 0.10, Protection factor: 0.90, Radiation accuracy: 81.14, Preservation: 99.44%
    DEBUG: Radiation impact: 0.10, Protection factor: 0.90, Radiation accuracy: 82.16, Preservation: 100.00%
    DEBUG: Radiation impact: 0.10, Protection factor: 0.90, Radiation accuracy: 80.54, Preservation: 98.34%
    DEBUG: Radiation impact: 0.10, Protection factor: 0.90, Radiation accuracy: 81.91, Preservation: 100.00%
    DEBUG: Radiation impact: 0.10, Protection factor: 0.90, Radiation accuracy: 81.39, Preservation: 98.19%
    DEBUG: Radiation impact: 0.10, Protection factor: 0.90, Radiation accuracy: 81.66, Preservation: 100.00%
    DEBUG: Radiation impact: 0.10, Protection factor: 0.90, Radiation accuracy: 81.83, Preservation: 99.56%
    DEBUG: Radiation impact: 0.10, Protection factor: 0.90, Radiation accuracy: 82.85, Preservation: 99.77%
    DEBUG: Radiation impact: 0.10, Protection factor: 0.90, Radiation accuracy: 80.79, Preservation: 98.19%
    DEBUG: Radiation impact: 0.10, Protection factor: 0.90, Radiation accuracy: 81.67, Preservation: 100.00%
    DEBUG: Radiation impact: 0.10, Protection factor: 0.90, Radiation accuracy: 81.13, Preservation: 99.22%
Results: Baseline accuracy = 82.22 ± 0.53, Radiation accuracy = 81.46 ± 0.77, Preservation = 99.07 ± 0.73%
Results: Baseline accuracy = 82.22% ± 0.53%, Radiation accuracy = 81.46% ± 0.77%, Preservation = 99.07% ± 0.73%
Testing configuration:
Architecture: 2-64-2-
Dropout: 0.50
Residual: No
Protection: 5
    DEBUG: Radiation impact: 0.10, Protection factor: 0.90, Radiation accuracy: 81.01, Preservation: 99.86%
    DEBUG: Radiation impact: 0.10, Protection factor: 0.90, Radiation accuracy: 81.04, Preservation: 98.85%
    DEBUG: Radiation impact: 0.10, Protection factor: 0.90, Radiation accuracy: 81.46, Preservation: 98.43%
    DEBUG: Radiation impact: 0.10, Protection factor: 0.90, Radiation accuracy: 82.59, Preservation: 99.87%
    DEBUG: Radiation impact: 0.10, Protection factor: 0.90, Radiation accuracy: 80.04, Preservation: 98.57%
    DEBUG: Radiation impact: 0.10, Protection factor: 0.90, Radiation accuracy: 81.87, Preservation: 100.00%
    DEBUG: Radiation impact: 0.10, Protection factor: 0.90, Radiation accuracy: 81.88, Preservation: 99.73%
    DEBUG: Radiation impact: 0.10, Protection factor: 0.90, Radiation accuracy: 82.04, Preservation: 99.56%
    DEBUG: Radiation impact: 0.10, Protection factor: 0.90, Radiation accuracy: 81.25, Preservation: 99.43%
    DEBUG: Radiation impact: 0.10, Protection factor: 0.90, Radiation accuracy: 80.73, Preservation: 98.21%
    DEBUG: Radiation impact: 0.10, Protection factor: 0.90, Radiation accuracy: 80.58, Preservation: 98.75%
    DEBUG: Radiation impact: 0.10, Protection factor: 0.90, Radiation accuracy: 81.17, Preservation: 100.00%
    DEBUG: Radiation impact: 0.10, Protection factor: 0.90, Radiation accuracy: 81.77, Preservation: 100.00%
    DEBUG: Radiation impact: 0.10, Protection factor: 0.90, Radiation accuracy: 80.64, Preservation: 98.30%
    DEBUG: Radiation impact: 0.10, Protection factor: 0.90, Radiation accuracy: 82.09, Preservation: 99.89%
    DEBUG: Radiation impact: 0.10, Protection factor: 0.90, Radiation accuracy: 80.56, Preservation: 99.04%
    DEBUG: Radiation impact: 0.10, Protection factor: 0.90, Radiation accuracy: 80.04, Preservation: 98.55%
    DEBUG: Radiation impact: 0.10, Protection factor: 0.90, Radiation accuracy: 80.24, Preservation: 97.90%
    DEBUG: Radiation impact: 0.10, Protection factor: 0.90, Radiation accuracy: 81.77, Preservation: 98.59%
    DEBUG: Radiation impact: 0.10, Protection factor: 0.90, Radiation accuracy: 81.36, Preservation: 99.37%
    DEBUG: Radiation impact: 0.10, Protection factor: 0.90, Radiation accuracy: 81.43, Preservation: 98.87%
    DEBUG: Radiation impact: 0.10, Protection factor: 0.90, Radiation accuracy: 81.47, Preservation: 98.20%
    DEBUG: Radiation impact: 0.10, Protection factor: 0.90, Radiation accuracy: 82.94, Preservation: 100.00%
    DEBUG: Radiation impact: 0.10, Protection factor: 0.90, Radiation accuracy: 83.04, Preservation: 100.00%
    DEBUG: Radiation impact: 0.10, Protection factor: 0.90, Radiation accuracy: 82.13, Preservation: 99.21%
    DEBUG: Radiation impact: 0.10, Protection factor: 0.90, Radiation accuracy: 81.46, Preservation: 99.88%
    DEBUG: Radiation impact: 0.10, Protection factor: 0.90, Radiation accuracy: 81.74, Preservation: 98.77%
    DEBUG: Radiation impact: 0.10, Protection factor: 0.90, Radiation accuracy: 82.25, Preservation: 99.67%
    DEBUG: Radiation impact: 0.10, Protection factor: 0.90, Radiation accuracy: 82.53, Preservation: 99.68%
    DEBUG: Radiation impact: 0.10, Protection factor: 0.90, Radiation accuracy: 80.03, Preservation: 98.61%
    DEBUG: Radiation impact: 0.10, Protection factor: 0.90, Radiation accuracy: 79.74, Preservation: 97.79%
    DEBUG: Radiation impact: 0.10, Protection factor: 0.90, Radiation accuracy: 81.48, Preservation: 99.69%
    DEBUG: Radiation impact: 0.10, Protection factor: 0.90, Radiation accuracy: 80.42, Preservation: 98.90%
    DEBUG: Radiation impact: 0.10, Protection factor: 0.90, Radiation accuracy: 80.39, Preservation: 98.31%
    DEBUG: Radiation impact: 0.10, Protection factor: 0.90, Radiation accuracy: 82.39, Preservation: 99.93%
    DEBUG: Radiation impact: 0.10, Protection factor: 0.90, Radiation accuracy: 82.17, Preservation: 98.90%
    DEBUG: Radiation impact: 0.10, Protection factor: 0.90, Radiation accuracy: 81.42, Preservation: 98.81%
    DEBUG: Radiation impact: 0.10, Protection factor: 0.90, Radiation accuracy: 82.52, Preservation: 99.67%
    DEBUG: Radiation impact: 0.10, Protection factor: 0.90, Radiation accuracy: 80.19, Preservation: 98.26%
    DEBUG: Radiation impact: 0.10, Protection factor: 0.90, Radiation accuracy: 81.70, Preservation: 98.97%
    DEBUG: Radiation impact: 0.10, Protection factor: 0.90, Radiation accuracy: 82.80, Preservation: 100.00%
    DEBUG: Radiation impact: 0.10, Protection factor: 0.90, Radiation accuracy: 80.91, Preservation: 99.12%
    DEBUG: Radiation impact: 0.10, Protection factor: 0.90, Radiation accuracy: 80.22, Preservation: 98.59%
    DEBUG: Radiation impact: 0.10, Protection factor: 0.90, Radiation accuracy: 81.57, Preservation: 98.43%
    DEBUG: Radiation impact: 0.10, Protection factor: 0.90, Radiation accuracy: 81.76, Preservation: 99.17%
    DEBUG: Radiation impact: 0.10, Protection factor: 0.90, Radiation accuracy: 81.64, Preservation: 100.00%
    DEBUG: Radiation impact: 0.10, Protection factor: 0.90, Radiation accuracy: 81.68, Preservation: 99.26%
    DEBUG: Radiation impact: 0.10, Protection factor: 0.90, Radiation accuracy: 82.09, Preservation: 98.94%
    DEBUG: Radiation impact: 0.10, Protection factor: 0.90, Radiation accuracy: 82.00, Preservation: 99.22%
    DEBUG: Radiation impact: 0.10, Protection factor: 0.90, Radiation accuracy: 82.21, Preservation: 99.06%
Results: Baseline accuracy = 82.16 ± 0.61, Radiation accuracy = 81.45 ± 0.83, Preservation = 99.14 ± 0.64%
Results: Baseline accuracy = 82.16% ± 0.61%, Radiation accuracy = 81.45% ± 0.83%, Preservation = 99.14% ± 0.64%
Testing configuration:
Architecture: 2-64-256-256-2-
Dropout: 0.30
Residual: Yes
Protection: 2
    DEBUG: Radiation impact: 0.10, Protection factor: 0.60, Radiation accuracy: 84.32, Preservation: 96.81%
    DEBUG: Radiation impact: 0.10, Protection factor: 0.60, Radiation accuracy: 83.03, Preservation: 95.49%
    DEBUG: Radiation impact: 0.10, Protection factor: 0.60, Radiation accuracy: 81.99, Preservation: 94.90%
    DEBUG: Radiation impact: 0.10, Protection factor: 0.60, Radiation accuracy: 84.55, Preservation: 96.76%
    DEBUG: Radiation impact: 0.10, Protection factor: 0.60, Radiation accuracy: 82.56, Preservation: 95.23%
    DEBUG: Radiation impact: 0.10, Protection factor: 0.60, Radiation accuracy: 82.33, Preservation: 95.14%
    DEBUG: Radiation impact: 0.10, Protection factor: 0.60, Radiation accuracy: 85.19, Preservation: 96.59%
    DEBUG: Radiation impact: 0.10, Protection factor: 0.60, Radiation accuracy: 83.11, Preservation: 95.80%
    DEBUG: Radiation impact: 0.10, Protection factor: 0.60, Radiation accuracy: 83.89, Preservation: 95.19%
    DEBUG: Radiation impact: 0.10, Protection factor: 0.60, Radiation accuracy: 82.46, Preservation: 94.88%
    DEBUG: Radiation impact: 0.10, Protection factor: 0.60, Radiation accuracy: 82.53, Preservation: 95.28%
    DEBUG: Radiation impact: 0.10, Protection factor: 0.60, Radiation accuracy: 84.65, Preservation: 96.65%
    DEBUG: Radiation impact: 0.10, Protection factor: 0.60, Radiation accuracy: 82.92, Preservation: 95.03%
    DEBUG: Radiation impact: 0.10, Protection factor: 0.60, Radiation accuracy: 83.04, Preservation: 95.48%
    DEBUG: Radiation impact: 0.10, Protection factor: 0.60, Radiation accuracy: 83.34, Preservation: 96.22%
    DEBUG: Radiation impact: 0.10, Protection factor: 0.60, Radiation accuracy: 83.79, Preservation: 95.21%
    DEBUG: Radiation impact: 0.10, Protection factor: 0.60, Radiation accuracy: 84.37, Preservation: 96.86%
    DEBUG: Radiation impact: 0.10, Protection factor: 0.60, Radiation accuracy: 84.81, Preservation: 96.38%
    DEBUG: Radiation impact: 0.10, Protection factor: 0.60, Radiation accuracy: 84.73, Preservation: 96.41%
    DEBUG: Radiation impact: 0.10, Protection factor: 0.60, Radiation accuracy: 83.77, Preservation: 95.64%
    DEBUG: Radiation impact: 0.10, Protection factor: 0.60, Radiation accuracy: 82.52, Preservation: 95.19%
    DEBUG: Radiation impact: 0.10, Protection factor: 0.60, Radiation accuracy: 82.93, Preservation: 95.30%
    DEBUG: Radiation impact: 0.10, Protection factor: 0.60, Radiation accuracy: 83.97, Preservation: 96.67%
    DEBUG: Radiation impact: 0.10, Protection factor: 0.60, Radiation accuracy: 82.14, Preservation: 94.98%
    DEBUG: Radiation impact: 0.10, Protection factor: 0.60, Radiation accuracy: 83.52, Preservation: 95.04%
    DEBUG: Radiation impact: 0.10, Protection factor: 0.60, Radiation accuracy: 83.06, Preservation: 95.34%
    DEBUG: Radiation impact: 0.10, Protection factor: 0.60, Radiation accuracy: 83.88, Preservation: 96.22%
    DEBUG: Radiation impact: 0.10, Protection factor: 0.60, Radiation accuracy: 83.52, Preservation: 95.12%
    DEBUG: Radiation impact: 0.10, Protection factor: 0.60, Radiation accuracy: 83.46, Preservation: 96.06%
    DEBUG: Radiation impact: 0.10, Protection factor: 0.60, Radiation accuracy: 83.96, Preservation: 96.93%
    DEBUG: Radiation impact: 0.10, Protection factor: 0.60, Radiation accuracy: 83.73, Preservation: 95.17%
    DEBUG: Radiation impact: 0.10, Protection factor: 0.60, Radiation accuracy: 85.41, Preservation: 96.73%
    DEBUG: Radiation impact: 0.10, Protection factor: 0.60, Radiation accuracy: 83.26, Preservation: 95.29%
    DEBUG: Radiation impact: 0.10, Protection factor: 0.60, Radiation accuracy: 83.54, Preservation: 95.75%
    DEBUG: Radiation impact: 0.10, Protection factor: 0.60, Radiation accuracy: 82.26, Preservation: 95.03%
    DEBUG: Radiation impact: 0.10, Protection factor: 0.60, Radiation accuracy: 83.90, Preservation: 95.19%
    DEBUG: Radiation impact: 0.10, Protection factor: 0.60, Radiation accuracy: 83.59, Preservation: 95.73%
    DEBUG: Radiation impact: 0.10, Protection factor: 0.60, Radiation accuracy: 84.01, Preservation: 95.21%
    DEBUG: Radiation impact: 0.10, Protection factor: 0.60, Radiation accuracy: 85.11, Preservation: 96.94%
    DEBUG: Radiation impact: 0.10, Protection factor: 0.60, Radiation accuracy: 84.42, Preservation: 96.00%
    DEBUG: Radiation impact: 0.10, Protection factor: 0.60, Radiation accuracy: 84.02, Preservation: 97.13%
    DEBUG: Radiation impact: 0.10, Protection factor: 0.60, Radiation accuracy: 84.27, Preservation: 96.74%
    DEBUG: Radiation impact: 0.10, Protection factor: 0.60, Radiation accuracy: 83.05, Preservation: 95.56%
    DEBUG: Radiation impact: 0.10, Protection factor: 0.60, Radiation accuracy: 84.37, Preservation: 95.80%
    DEBUG: Radiation impact: 0.10, Protection factor: 0.60, Radiation accuracy: 85.07, Preservation: 96.66%
    DEBUG: Radiation impact: 0.10, Protection factor: 0.60, Radiation accuracy: 83.90, Preservation: 95.40%
    DEBUG: Radiation impact: 0.10, Protection factor: 0.60, Radiation accuracy: 82.98, Preservation: 95.36%
    DEBUG: Radiation impact: 0.10, Protection factor: 0.60, Radiation accuracy: 83.77, Preservation: 95.53%
    DEBUG: Radiation impact: 0.10, Protection factor: 0.60, Radiation accuracy: 84.89, Preservation: 96.05%
    DEBUG: Radiation impact: 0.10, Protection factor: 0.60, Radiation accuracy: 83.95, Preservation: 95.65%
Results: Baseline accuracy = 87.35 ± 0.59, Radiation accuracy = 83.68 ± 0.85, Preservation = 95.79 ± 0.67%
Results: Baseline accuracy = 87.35% ± 0.59%, Radiation accuracy = 83.68% ± 0.85%, Preservation = 95.79% ± 0.67%
QD coverage: 0.0018% (occupied 18), elites injected: 4
Results exported to auto_arch_search_results.csv
Generation 6/20
Testing configuration:
Architecture: 2-64-256-256-2-
Dropout: 0.4000
Residual: Yes
Protection: 4
    DEBUG: Radiation impact: 0.1000, Protection factor: 0.8500, Radiation accuracy: 86.0373, Preservation: 98.7743%
    DEBUG: Radiation impact: 0.1000, Protection factor: 0.8500, Radiation accuracy: 85.0215, Preservation: 98.1765%
    DEBUG: Radiation impact: 0.1000, Protection factor: 0.8500, Radiation accuracy: 84.1982, Preservation: 98.0698%
    DEBUG: Radiation impact: 0.1000, Protection factor: 0.8500, Radiation accuracy: 84.4430, Preservation: 98.1468%
    DEBUG: Radiation impact: 0.1000, Protection factor: 0.8500, Radiation accuracy: 84.8533, Preservation: 97.7797%
    DEBUG: Radiation impact: 0.1000, Protection factor: 0.8500, Radiation accuracy: 86.3106, Preservation: 98.9115%
    DEBUG: Radiation impact: 0.1000, Protection factor: 0.8500, Radiation accuracy: 85.6590, Preservation: 98.9065%
    DEBUG: Radiation impact: 0.1000, Protection factor: 0.8500, Radiation accuracy: 85.2790, Preservation: 98.6852%
    DEBUG: Radiation impact: 0.1000, Protection factor: 0.8500, Radiation accuracy: 85.3215, Preservation: 98.0102%
    DEBUG: Radiation impact: 0.1000, Protection factor: 0.8500, Radiation accuracy: 85.2084, Preservation: 98.0890%
    DEBUG: Radiation impact: 0.1000, Protection factor: 0.8500, Radiation accuracy: 84.7520, Preservation: 99.1966%
    DEBUG: Radiation impact: 0.1000, Protection factor: 0.8500, Radiation accuracy: 85.6764, Preservation: 98.3007%
    DEBUG: Radiation impact: 0.1000, Protection factor: 0.8500, Radiation accuracy: 85.2912, Preservation: 99.3223%
    DEBUG: Radiation impact: 0.1000, Protection factor: 0.8500, Radiation accuracy: 83.8566, Preservation: 97.7844%
    DEBUG: Radiation impact: 0.1000, Protection factor: 0.8500, Radiation accuracy: 83.8345, Preservation: 97.8526%
    DEBUG: Radiation impact: 0.1000, Protection factor: 0.8500, Radiation accuracy: 84.5861, Preservation: 97.4002%
    DEBUG: Radiation impact: 0.1000, Protection factor: 0.8500, Radiation accuracy: 83.5303, Preservation: 97.8050%
    DEBUG: Radiation impact: 0.1000, Protection factor: 0.8500, Radiation accuracy: 85.0597, Preservation: 98.6045%
    DEBUG: Radiation impact: 0.1000, Protection factor: 0.8500, Radiation accuracy: 86.1080, Preservation: 98.9619%
    DEBUG: Radiation impact: 0.1000, Protection factor: 0.8500, Radiation accuracy: 85.9854, Preservation: 99.4684%
    DEBUG: Radiation impact: 0.1000, Protection factor: 0.8500, Radiation accuracy: 84.5544, Preservation: 98.2241%
    DEBUG: Radiation impact: 0.1000, Protection factor: 0.8500, Radiation accuracy: 84.3198, Preservation: 97.5963%
    DEBUG: Radiation impact: 0.1000, Protection factor: 0.8500, Radiation accuracy: 86.3493, Preservation: 99.2438%
    DEBUG: Radiation impact: 0.1000, Protection factor: 0.8500, Radiation accuracy: 86.1211, Preservation: 99.1230%
    DEBUG: Radiation impact: 0.1000, Protection factor: 0.8500, Radiation accuracy: 84.3800, Preservation: 97.4106%
    DEBUG: Radiation impact: 0.1000, Protection factor: 0.8500, Radiation accuracy: 86.0939, Preservation: 98.9617%
    DEBUG: Radiation impact: 0.1000, Protection factor: 0.8500, Radiation accuracy: 86.4046, Preservation: 98.8943%
    DEBUG: Radiation impact: 0.1000, Protection factor: 0.8500, Radiation accuracy: 84.7902, Preservation: 98.9991%
    DEBUG: Radiation impact: 0.1000, Protection factor: 0.8500, Radiation accuracy: 85.2264, Preservation: 97.7276%
    DEBUG: Radiation impact: 0.1000, Protection factor: 0.8500, Radiation accuracy: 84.0302, Preservation: 97.5346%
    DEBUG: Radiation impact: 0.1000, Protection factor: 0.8500, Radiation accuracy: 85.0251, Preservation: 97.7752%
    DEBUG: Radiation impact: 0.1000, Protection factor: 0.8500, Radiation accuracy: 86.2314, Preservation: 99.5664%
    DEBUG: Radiation impact: 0.1000, Protection factor: 0.8500, Radiation accuracy: 84.2354, Preservation: 98.0178%
    DEBUG: Radiation impact: 0.1000, Protection factor: 0.8500, Radiation accuracy: 83.8739, Preservation: 97.5980%
    DEBUG: Radiation impact: 0.1000, Protection factor: 0.8500, Radiation accuracy: 84.2783, Preservation: 97.3985%
    DEBUG: Radiation impact: 0.1000, Protection factor: 0.8500, Radiation accuracy: 83.9130, Preservation: 98.1576%
    DEBUG: Radiation impact: 0.1000, Protection factor: 0.8500, Radiation accuracy: 84.1640, Preservation: 97.9923%
    DEBUG: Radiation impact: 0.1000, Protection factor: 0.8500, Radiation accuracy: 85.4607, Preservation: 99.4838%
    DEBUG: Radiation impact: 0.1000, Protection factor: 0.8500, Radiation accuracy: 86.5849, Preservation: 99.5176%
    DEBUG: Radiation impact: 0.1000, Protection factor: 0.8500, Radiation accuracy: 84.4458, Preservation: 97.7999%
    DEBUG: Radiation impact: 0.1000, Protection factor: 0.8500, Radiation accuracy: 84.6442, Preservation: 98.0607%
    DEBUG: Radiation impact: 0.1000, Protection factor: 0.8500, Radiation accuracy: 85.5804, Preservation: 99.2731%
    DEBUG: Radiation impact: 0.1000, Protection factor: 0.8500, Radiation accuracy: 83.9994, Preservation: 97.9558%
    DEBUG: Radiation impact: 0.1000, Protection factor: 0.8500, Radiation accuracy: 85.7987, Preservation: 99.5561%
    DEBUG: Radiation impact: 0.1000, Protection factor: 0.8500, Radiation accuracy: 84.7363, Preservation: 98.9235%
    DEBUG: Radiation impact: 0.1000, Protection factor: 0.8500, Radiation accuracy: 85.7440, Preservation: 98.6446%
    DEBUG: Radiation impact: 0.1000, Protection factor: 0.8500, Radiation accuracy: 84.9871, Preservation: 99.4520%
    DEBUG: Radiation impact: 0.1000, Protection factor: 0.8500, Radiation accuracy: 85.6285, Preservation: 98.8408%
    DEBUG: Radiation impact: 0.1000, Protection factor: 0.8500, Radiation accuracy: 85.6601, Preservation: 98.9282%
    DEBUG: Radiation impact: 0.1000, Protection factor: 0.8500, Radiation accuracy: 85.4598, Preservation: 97.9928%
Results: Baseline accuracy = 86.4070 ± 0.5594, Radiation accuracy = 85.0747 ± 0.8106, Preservation = 98.4579 ± 0.6709%
Results: Baseline accuracy = 86.41% ± 0.56%, Radiation accuracy = 85.07% ± 0.81%, Preservation = 98.46% ± 0.67%
Testing configuration:
Architecture: 2-128-256-256-2-
Dropout: 0.60
Residual: Yes
Protection: 5
    DEBUG: Radiation impact: 0.10, Protection factor: 0.90, Radiation accuracy: 85.10, Preservation: 100.00%
    DEBUG: Radiation impact: 0.10, Protection factor: 0.90, Radiation accuracy: 83.65, Preservation: 98.86%
    DEBUG: Radiation impact: 0.10, Protection factor: 0.90, Radiation accuracy: 82.13, Preservation: 98.00%
    DEBUG: Radiation impact: 0.10, Protection factor: 0.90, Radiation accuracy: 83.41, Preservation: 99.80%
    DEBUG: Radiation impact: 0.10, Protection factor: 0.90, Radiation accuracy: 84.75, Preservation: 99.79%
    DEBUG: Radiation impact: 0.10, Protection factor: 0.90, Radiation accuracy: 84.20, Preservation: 99.04%
    DEBUG: Radiation impact: 0.10, Protection factor: 0.90, Radiation accuracy: 82.74, Preservation: 98.58%
    DEBUG: Radiation impact: 0.10, Protection factor: 0.90, Radiation accuracy: 83.88, Preservation: 99.25%
    DEBUG: Radiation impact: 0.10, Protection factor: 0.90, Radiation accuracy: 82.63, Preservation: 98.91%
    DEBUG: Radiation impact: 0.10, Protection factor: 0.90, Radiation accuracy: 84.22, Preservation: 100.00%
    DEBUG: Radiation impact: 0.10, Protection factor: 0.90, Radiation accuracy: 82.15, Preservation: 98.11%
    DEBUG: Radiation impact: 0.10, Protection factor: 0.90, Radiation accuracy: 83.02, Preservation: 98.84%
    DEBUG: Radiation impact: 0.10, Protection factor: 0.90, Radiation accuracy: 83.60, Preservation: 99.54%
    DEBUG: Radiation impact: 0.10, Protection factor: 0.90, Radiation accuracy: 83.73, Preservation: 98.66%
    DEBUG: Radiation impact: 0.10, Protection factor: 0.90, Radiation accuracy: 85.20, Preservation: 99.76%
    DEBUG: Radiation impact: 0.10, Protection factor: 0.90, Radiation accuracy: 82.49, Preservation: 98.87%
    DEBUG: Radiation impact: 0.10, Protection factor: 0.90, Radiation accuracy: 82.81, Preservation: 98.25%
    DEBUG: Radiation impact: 0.10, Protection factor: 0.90, Radiation accuracy: 84.26, Preservation: 99.40%
    DEBUG: Radiation impact: 0.10, Protection factor: 0.90, Radiation accuracy: 84.15, Preservation: 99.20%
    DEBUG: Radiation impact: 0.10, Protection factor: 0.90, Radiation accuracy: 81.85, Preservation: 98.02%
    DEBUG: Radiation impact: 0.10, Protection factor: 0.90, Radiation accuracy: 84.53, Preservation: 99.05%
    DEBUG: Radiation impact: 0.10, Protection factor: 0.90, Radiation accuracy: 83.25, Preservation: 99.54%
    DEBUG: Radiation impact: 0.10, Protection factor: 0.90, Radiation accuracy: 85.08, Preservation: 99.73%
    DEBUG: Radiation impact: 0.10, Protection factor: 0.90, Radiation accuracy: 83.76, Preservation: 99.21%
    DEBUG: Radiation impact: 0.10, Protection factor: 0.90, Radiation accuracy: 85.07, Preservation: 99.85%
    DEBUG: Radiation impact: 0.10, Protection factor: 0.90, Radiation accuracy: 84.97, Preservation: 100.00%
    DEBUG: Radiation impact: 0.10, Protection factor: 0.90, Radiation accuracy: 83.11, Preservation: 99.30%
    DEBUG: Radiation impact: 0.10, Protection factor: 0.90, Radiation accuracy: 82.57, Preservation: 98.91%
    DEBUG: Radiation impact: 0.10, Protection factor: 0.90, Radiation accuracy: 84.97, Preservation: 99.62%
    DEBUG: Radiation impact: 0.10, Protection factor: 0.90, Radiation accuracy: 84.36, Preservation: 100.00%
    DEBUG: Radiation impact: 0.10, Protection factor: 0.90, Radiation accuracy: 83.83, Preservation: 98.39%
    DEBUG: Radiation impact: 0.10, Protection factor: 0.90, Radiation accuracy: 83.03, Preservation: 98.16%
    DEBUG: Radiation impact: 0.10, Protection factor: 0.90, Radiation accuracy: 84.07, Preservation: 99.68%
    DEBUG: Radiation impact: 0.10, Protection factor: 0.90, Radiation accuracy: 84.25, Preservation: 99.81%
    DEBUG: Radiation impact: 0.10, Protection factor: 0.90, Radiation accuracy: 83.67, Preservation: 100.00%
    DEBUG: Radiation impact: 0.10, Protection factor: 0.90, Radiation accuracy: 83.20, Preservation: 98.81%
    DEBUG: Radiation impact: 0.10, Protection factor: 0.90, Radiation accuracy: 83.48, Preservation: 98.78%
    DEBUG: Radiation impact: 0.10, Protection factor: 0.90, Radiation accuracy: 83.12, Preservation: 98.31%
    DEBUG: Radiation impact: 0.10, Protection factor: 0.90, Radiation accuracy: 84.33, Preservation: 98.85%
    DEBUG: Radiation impact: 0.10, Protection factor: 0.90, Radiation accuracy: 84.04, Preservation: 99.50%
    DEBUG: Radiation impact: 0.10, Protection factor: 0.90, Radiation accuracy: 84.15, Preservation: 98.76%
    DEBUG: Radiation impact: 0.10, Protection factor: 0.90, Radiation accuracy: 82.29, Preservation: 98.58%
    DEBUG: Radiation impact: 0.10, Protection factor: 0.90, Radiation accuracy: 83.14, Preservation: 99.36%
    DEBUG: Radiation impact: 0.10, Protection factor: 0.90, Radiation accuracy: 83.20, Preservation: 99.57%
    DEBUG: Radiation impact: 0.10, Protection factor: 0.90, Radiation accuracy: 82.21, Preservation: 98.18%
    DEBUG: Radiation impact: 0.10, Protection factor: 0.90, Radiation accuracy: 83.21, Preservation: 98.88%
    DEBUG: Radiation impact: 0.10, Protection factor: 0.90, Radiation accuracy: 84.90, Preservation: 100.00%
    DEBUG: Radiation impact: 0.10, Protection factor: 0.90, Radiation accuracy: 83.65, Preservation: 99.45%
    DEBUG: Radiation impact: 0.10, Protection factor: 0.90, Radiation accuracy: 83.54, Preservation: 97.89%
    DEBUG: Radiation impact: 0.10, Protection factor: 0.90, Radiation accuracy: 82.67, Preservation: 98.63%
Results: Baseline accuracy = 84.38 ± 0.63, Radiation accuracy = 83.63 ± 0.88, Preservation = 99.11 ± 0.62%
Results: Baseline accuracy = 84.38% ± 0.63%, Radiation accuracy = 83.63% ± 0.88%, Preservation = 99.11% ± 0.62%
Testing configuration:
Architecture: 2-64-64-256-2-
Dropout: 0.50
Residual: Yes
Protection: 5
    DEBUG: Radiation impact: 0.10, Protection factor: 0.90, Radiation accuracy: 84.96, Preservation: 99.59%
    DEBUG: Radiation impact: 0.10, Protection factor: 0.90, Radiation accuracy: 83.51, Preservation: 98.39%
    DEBUG: Radiation impact: 0.10, Protection factor: 0.90, Radiation accuracy: 84.21, Preservation: 100.00%
    DEBUG: Radiation impact: 0.10, Protection factor: 0.90, Radiation accuracy: 83.02, Preservation: 98.65%
    DEBUG: Radiation impact: 0.10, Protection factor: 0.90, Radiation accuracy: 83.30, Preservation: 97.89%
    DEBUG: Radiation impact: 0.10, Protection factor: 0.90, Radiation accuracy: 83.63, Preservation: 99.01%
    DEBUG: Radiation impact: 0.10, Protection factor: 0.90, Radiation accuracy: 83.91, Preservation: 98.81%
    DEBUG: Radiation impact: 0.10, Protection factor: 0.90, Radiation accuracy: 84.13, Preservation: 98.50%
    DEBUG: Radiation impact: 0.10, Protection factor: 0.90, Radiation accuracy: 84.26, Preservation: 98.71%
    DEBUG: Radiation impact: 0.10, Protection factor: 0.90, Radiation accuracy: 85.03, Preservation: 99.63%
    DEBUG: Radiation impact: 0.10, Protection factor: 0.90, Radiation accuracy: 84.10, Preservation: 98.22%
    DEBUG: Radiation impact: 0.10, Protection factor: 0.90, Radiation accuracy: 85.00, Preservation: 99.68%
    DEBUG: Radiation impact: 0.10, Protection factor: 0.90, Radiation accuracy: 85.66, Preservation: 100.00%
    DEBUG: Radiation impact: 0.10, Protection factor: 0.90, Radiation accuracy: 83.11, Preservation: 97.89%
    DEBUG: Radiation impact: 0.10, Protection factor: 0.90, Radiation accuracy: 82.96, Preservation: 98.08%
    DEBUG: Radiation impact: 0.10, Protection factor: 0.90, Radiation accuracy: 83.96, Preservation: 98.67%
    DEBUG: Radiation impact: 0.10, Protection factor: 0.90, Radiation accuracy: 83.59, Preservation: 99.12%
    DEBUG: Radiation impact: 0.10, Protection factor: 0.90, Radiation accuracy: 83.88, Preservation: 98.67%
    DEBUG: Radiation impact: 0.10, Protection factor: 0.90, Radiation accuracy: 85.97, Preservation: 100.00%
    DEBUG: Radiation impact: 0.10, Protection factor: 0.90, Radiation accuracy: 83.29, Preservation: 98.06%
    DEBUG: Radiation impact: 0.10, Protection factor: 0.90, Radiation accuracy: 86.04, Preservation: 100.00%
    DEBUG: Radiation impact: 0.10, Protection factor: 0.90, Radiation accuracy: 85.42, Preservation: 100.00%
    DEBUG: Radiation impact: 0.10, Protection factor: 0.90, Radiation accuracy: 84.62, Preservation: 98.50%
    DEBUG: Radiation impact: 0.10, Protection factor: 0.90, Radiation accuracy: 84.27, Preservation: 98.99%
    DEBUG: Radiation impact: 0.10, Protection factor: 0.90, Radiation accuracy: 85.00, Preservation: 99.37%
    DEBUG: Radiation impact: 0.10, Protection factor: 0.90, Radiation accuracy: 82.63, Preservation: 98.01%
    DEBUG: Radiation impact: 0.10, Protection factor: 0.90, Radiation accuracy: 85.78, Preservation: 100.00%
    DEBUG: Radiation impact: 0.10, Protection factor: 0.90, Radiation accuracy: 85.38, Preservation: 100.00%
    DEBUG: Radiation impact: 0.10, Protection factor: 0.90, Radiation accuracy: 85.19, Preservation: 99.75%
    DEBUG: Radiation impact: 0.10, Protection factor: 0.90, Radiation accuracy: 84.42, Preservation: 99.81%
    DEBUG: Radiation impact: 0.10, Protection factor: 0.90, Radiation accuracy: 85.41, Preservation: 99.72%
    DEBUG: Radiation impact: 0.10, Protection factor: 0.90, Radiation accuracy: 85.99, Preservation: 99.83%
    DEBUG: Radiation impact: 0.10, Protection factor: 0.90, Radiation accuracy: 83.32, Preservation: 98.17%
    DEBUG: Radiation impact: 0.10, Protection factor: 0.90, Radiation accuracy: 84.31, Preservation: 99.37%
    DEBUG: Radiation impact: 0.10, Protection factor: 0.90, Radiation accuracy: 83.21, Preservation: 98.39%
    DEBUG: Radiation impact: 0.10, Protection factor: 0.90, Radiation accuracy: 83.41, Preservation: 98.30%
    DEBUG: Radiation impact: 0.10, Protection factor: 0.90, Radiation accuracy: 84.44, Preservation: 98.37%
    DEBUG: Radiation impact: 0.10, Protection factor: 0.90, Radiation accuracy: 84.27, Preservation: 99.97%
    DEBUG: Radiation impact: 0.10, Protection factor: 0.90, Radiation accuracy: 85.60, Preservation: 100.00%
    DEBUG: Radiation impact: 0.10, Protection factor: 0.90, Radiation accuracy: 85.05, Preservation: 98.85%
    DEBUG: Radiation impact: 0.10, Protection factor: 0.90, Radiation accuracy: 84.28, Preservation: 98.71%
    DEBUG: Radiation impact: 0.10, Protection factor: 0.90, Radiation accuracy: 84.80, Preservation: 99.15%
    DEBUG: Radiation impact: 0.10, Protection factor: 0.90, Radiation accuracy: 85.36, Preservation: 99.96%
    DEBUG: Radiation impact: 0.10, Protection factor: 0.90, Radiation accuracy: 85.41, Preservation: 99.49%
    DEBUG: Radiation impact: 0.10, Protection factor: 0.90, Radiation accuracy: 83.12, Preservation: 98.70%
    DEBUG: Radiation impact: 0.10, Protection factor: 0.90, Radiation accuracy: 85.40, Preservation: 99.29%
    DEBUG: Radiation impact: 0.10, Protection factor: 0.90, Radiation accuracy: 83.64, Preservation: 99.03%
    DEBUG: Radiation impact: 0.10, Protection factor: 0.90, Radiation accuracy: 85.23, Preservation: 100.00%
    DEBUG: Radiation impact: 0.10, Protection factor: 0.90, Radiation accuracy: 85.81, Preservation: 99.85%
    DEBUG: Radiation impact: 0.10, Protection factor: 0.90, Radiation accuracy: 84.17, Preservation: 97.87%
Results: Baseline accuracy = 85.21 ± 0.57, Radiation accuracy = 84.45 ± 0.94, Preservation = 99.10 ± 0.72%
Results: Baseline accuracy = 85.21% ± 0.57%, Radiation accuracy = 84.45% ± 0.94%, Preservation = 99.10% ± 0.72%
Testing configuration:
Architecture: 2-64-256-256-2-
Dropout: 0.40
Residual: No
Protection: 0
    DEBUG: Radiation impact: 0.10, Protection factor: 0.00, Radiation accuracy: 75.33, Preservation: 89.71%
    DEBUG: Radiation impact: 0.10, Protection factor: 0.00, Radiation accuracy: 77.21, Preservation: 90.44%
    DEBUG: Radiation impact: 0.10, Protection factor: 0.00, Radiation accuracy: 76.27, Preservation: 89.82%
    DEBUG: Radiation impact: 0.10, Protection factor: 0.00, Radiation accuracy: 76.54, Preservation: 89.79%
    DEBUG: Radiation impact: 0.10, Protection factor: 0.00, Radiation accuracy: 76.44, Preservation: 89.60%
    DEBUG: Radiation impact: 0.10, Protection factor: 0.00, Radiation accuracy: 76.71, Preservation: 90.87%
    DEBUG: Radiation impact: 0.10, Protection factor: 0.00, Radiation accuracy: 75.88, Preservation: 90.29%
    DEBUG: Radiation impact: 0.10, Protection factor: 0.00, Radiation accuracy: 77.08, Preservation: 91.18%
    DEBUG: Radiation impact: 0.10, Protection factor: 0.00, Radiation accuracy: 75.40, Preservation: 89.22%
    DEBUG: Radiation impact: 0.10, Protection factor: 0.00, Radiation accuracy: 76.85, Preservation: 90.24%
    DEBUG: Radiation impact: 0.10, Protection factor: 0.00, Radiation accuracy: 76.67, Preservation: 90.29%
    DEBUG: Radiation impact: 0.10, Protection factor: 0.00, Radiation accuracy: 76.18, Preservation: 90.37%
    DEBUG: Radiation impact: 0.10, Protection factor: 0.00, Radiation accuracy: 74.43, Preservation: 89.14%
    DEBUG: Radiation impact: 0.10, Protection factor: 0.00, Radiation accuracy: 75.58, Preservation: 90.48%
    DEBUG: Radiation impact: 0.10, Protection factor: 0.00, Radiation accuracy: 77.69, Preservation: 91.04%
    DEBUG: Radiation impact: 0.10, Protection factor: 0.00, Radiation accuracy: 75.94, Preservation: 89.45%
    DEBUG: Radiation impact: 0.10, Protection factor: 0.00, Radiation accuracy: 75.17, Preservation: 89.61%
    DEBUG: Radiation impact: 0.10, Protection factor: 0.00, Radiation accuracy: 75.74, Preservation: 89.45%
    DEBUG: Radiation impact: 0.10, Protection factor: 0.00, Radiation accuracy: 75.85, Preservation: 90.69%
    DEBUG: Radiation impact: 0.10, Protection factor: 0.00, Radiation accuracy: 75.99, Preservation: 89.53%
    DEBUG: Radiation impact: 0.10, Protection factor: 0.00, Radiation accuracy: 76.12, Preservation: 89.57%
    DEBUG: Radiation impact: 0.10, Protection factor: 0.00, Radiation accuracy: 75.11, Preservation: 88.93%
    DEBUG: Radiation impact: 0.10, Protection factor: 0.00, Radiation accuracy: 75.92, Preservation: 91.00%
    DEBUG: Radiation impact: 0.10, Protection factor: 0.00, Radiation accuracy: 75.94, Preservation: 90.42%
    DEBUG: Radiation impact: 0.10, Protection factor: 0.00, Radiation accuracy: 76.29, Preservation: 90.13%
    DEBUG: Radiation impact: 0.10, Protection factor: 0.00, Radiation accuracy: 74.99, Preservation: 89.66%
    DEBUG: Radiation impact: 0.10, Protection factor: 0.00, Radiation accuracy: 75.79, Preservation: 89.88%
    DEBUG: Radiation impact: 0.10, Protection factor: 0.00, Radiation accuracy: 75.85, Preservation: 90.62%
    DEBUG: Radiation impact: 0.10, Protection factor: 0.00, Radiation accuracy: 76.32, Preservation: 89.82%
    DEBUG: Radiation impact: 0.10, Protection factor: 0.00, Radiation accuracy: 77.01, Preservation: 90.90%
    DEBUG: Radiation impact: 0.10, Protection factor: 0.00, Radiation accuracy: 76.25, Preservation: 90.95%
    DEBUG: Radiation impact: 0.10, Protection factor: 0.00, Radiation accuracy: 75.81, Preservation: 89.27%
    DEBUG: Radiation impact: 0.10, Protection factor: 0.00, Radiation accuracy: 77.15, Preservation: 90.68%
    DEBUG: Radiation impact: 0.10, Protection factor: 0.00, Radiation accuracy: 76.40, Preservation: 90.99%
    DEBUG: Radiation impact: 0.10, Protection factor: 0.00, Radiation accuracy: 75.70, Preservation: 90.02%
    DEBUG: Radiation impact: 0.10, Protection factor: 0.00, Radiation accuracy: 75.78, Preservation: 90.02%
    DEBUG: Radiation impact: 0.10, Protection factor: 0.00, Radiation accuracy: 75.06, Preservation: 89.75%
    DEBUG: Radiation impact: 0.10, Protection factor: 0.00, Radiation accuracy: 74.69, Preservation: 89.34%
    DEBUG: Radiation impact: 0.10, Protection factor: 0.00, Radiation accuracy: 76.91, Preservation: 90.44%
    DEBUG: Radiation impact: 0.10, Protection factor: 0.00, Radiation accuracy: 74.22, Preservation: 88.88%
    DEBUG: Radiation impact: 0.10, Protection factor: 0.00, Radiation accuracy: 74.99, Preservation: 89.51%
    DEBUG: Radiation impact: 0.10, Protection factor: 0.00, Radiation accuracy: 77.13, Preservation: 90.76%
    DEBUG: Radiation impact: 0.10, Protection factor: 0.00, Radiation accuracy: 76.34, Preservation: 90.17%
    DEBUG: Radiation impact: 0.10, Protection factor: 0.00, Radiation accuracy: 76.84, Preservation: 90.47%
    DEBUG: Radiation impact: 0.10, Protection factor: 0.00, Radiation accuracy: 75.35, Preservation: 89.02%
    DEBUG: Radiation impact: 0.10, Protection factor: 0.00, Radiation accuracy: 75.46, Preservation: 90.24%
    DEBUG: Radiation impact: 0.10, Protection factor: 0.00, Radiation accuracy: 76.48, Preservation: 90.00%
    DEBUG: Radiation impact: 0.10, Protection factor: 0.00, Radiation accuracy: 76.48, Preservation: 90.90%
    DEBUG: Radiation impact: 0.10, Protection factor: 0.00, Radiation accuracy: 75.13, Preservation: 89.94%
    DEBUG: Radiation impact: 0.10, Protection factor: 0.00, Radiation accuracy: 76.20, Preservation: 91.19%
Results: Baseline accuracy = 84.37 ± 0.60, Radiation accuracy = 76.01 ± 0.76, Preservation = 90.09 ± 0.63%
Results: Baseline accuracy = 84.37% ± 0.60%, Radiation accuracy = 76.01% ± 0.76%, Preservation = 90.09% ± 0.63%
Testing configuration:
Architecture: 2-512-256-256-2-
Dropout: 0.60
Residual: No
Protection: 5
    DEBUG: Radiation impact: 0.10, Protection factor: 0.90, Radiation accuracy: 81.65, Preservation: 99.25%
    DEBUG: Radiation impact: 0.10, Protection factor: 0.90, Radiation accuracy: 82.74, Preservation: 99.13%
    DEBUG: Radiation impact: 0.10, Protection factor: 0.90, Radiation accuracy: 80.52, Preservation: 98.10%
    DEBUG: Radiation impact: 0.10, Protection factor: 0.90, Radiation accuracy: 82.57, Preservation: 99.91%
    DEBUG: Radiation impact: 0.10, Protection factor: 0.90, Radiation accuracy: 80.69, Preservation: 98.46%
    DEBUG: Radiation impact: 0.10, Protection factor: 0.90, Radiation accuracy: 82.99, Preservation: 99.57%
    DEBUG: Radiation impact: 0.10, Protection factor: 0.90, Radiation accuracy: 81.32, Preservation: 98.00%
    DEBUG: Radiation impact: 0.10, Protection factor: 0.90, Radiation accuracy: 81.74, Preservation: 98.25%
    DEBUG: Radiation impact: 0.10, Protection factor: 0.90, Radiation accuracy: 81.51, Preservation: 98.52%
    DEBUG: Radiation impact: 0.10, Protection factor: 0.90, Radiation accuracy: 81.68, Preservation: 99.66%
    DEBUG: Radiation impact: 0.10, Protection factor: 0.90, Radiation accuracy: 81.23, Preservation: 99.33%
    DEBUG: Radiation impact: 0.10, Protection factor: 0.90, Radiation accuracy: 81.82, Preservation: 100.00%
    DEBUG: Radiation impact: 0.10, Protection factor: 0.90, Radiation accuracy: 82.39, Preservation: 99.03%
    DEBUG: Radiation impact: 0.10, Protection factor: 0.90, Radiation accuracy: 80.74, Preservation: 98.99%
    DEBUG: Radiation impact: 0.10, Protection factor: 0.90, Radiation accuracy: 82.82, Preservation: 100.00%
    DEBUG: Radiation impact: 0.10, Protection factor: 0.90, Radiation accuracy: 81.68, Preservation: 99.04%
    DEBUG: Radiation impact: 0.10, Protection factor: 0.90, Radiation accuracy: 81.44, Preservation: 98.68%
    DEBUG: Radiation impact: 0.10, Protection factor: 0.90, Radiation accuracy: 81.24, Preservation: 99.61%
    DEBUG: Radiation impact: 0.10, Protection factor: 0.90, Radiation accuracy: 83.19, Preservation: 99.99%
    DEBUG: Radiation impact: 0.10, Protection factor: 0.90, Radiation accuracy: 81.03, Preservation: 99.21%
    DEBUG: Radiation impact: 0.10, Protection factor: 0.90, Radiation accuracy: 81.10, Preservation: 97.92%
    DEBUG: Radiation impact: 0.10, Protection factor: 0.90, Radiation accuracy: 81.91, Preservation: 99.60%
    DEBUG: Radiation impact: 0.10, Protection factor: 0.90, Radiation accuracy: 83.03, Preservation: 99.47%
    DEBUG: Radiation impact: 0.10, Protection factor: 0.90, Radiation accuracy: 81.91, Preservation: 99.14%
    DEBUG: Radiation impact: 0.10, Protection factor: 0.90, Radiation accuracy: 80.41, Preservation: 97.85%
    DEBUG: Radiation impact: 0.10, Protection factor: 0.90, Radiation accuracy: 83.20, Preservation: 99.78%
    DEBUG: Radiation impact: 0.10, Protection factor: 0.90, Radiation accuracy: 82.30, Preservation: 100.00%
    DEBUG: Radiation impact: 0.10, Protection factor: 0.90, Radiation accuracy: 80.13, Preservation: 97.91%
    DEBUG: Radiation impact: 0.10, Protection factor: 0.90, Radiation accuracy: 83.11, Preservation: 100.00%
    DEBUG: Radiation impact: 0.10, Protection factor: 0.90, Radiation accuracy: 82.34, Preservation: 99.91%
    DEBUG: Radiation impact: 0.10, Protection factor: 0.90, Radiation accuracy: 81.45, Preservation: 98.87%
    DEBUG: Radiation impact: 0.10, Protection factor: 0.90, Radiation accuracy: 80.28, Preservation: 97.84%
    DEBUG: Radiation impact: 0.10, Protection factor: 0.90, Radiation accuracy: 82.90, Preservation: 99.36%
    DEBUG: Radiation impact: 0.10, Protection factor: 0.90, Radiation accuracy: 81.35, Preservation: 99.03%
    DEBUG: Radiation impact: 0.10, Protection factor: 0.90, Radiation accuracy: 81.62, Preservation: 99.19%
    DEBUG: Radiation impact: 0.10, Protection factor: 0.90, Radiation accuracy: 80.55, Preservation: 98.31%
    DEBUG: Radiation impact: 0.10, Protection factor: 0.90, Radiation accuracy: 80.48, Preservation: 98.38%
    DEBUG: Radiation impact: 0.10, Protection factor: 0.90, Radiation accuracy: 80.48, Preservation: 98.19%
    DEBUG: Radiation impact: 0.10, Protection factor: 0.90, Radiation accuracy: 80.21, Preservation: 98.04%
    DEBUG: Radiation impact: 0.10, Protection factor: 0.90, Radiation accuracy: 81.16, Preservation: 98.54%
    DEBUG: Radiation impact: 0.10, Protection factor: 0.90, Radiation accuracy: 81.83, Preservation: 99.60%
    DEBUG: Radiation impact: 0.10, Protection factor: 0.90, Radiation accuracy: 81.17, Preservation: 99.23%
    DEBUG: Radiation impact: 0.10, Protection factor: 0.90, Radiation accuracy: 80.57, Preservation: 98.15%
    DEBUG: Radiation impact: 0.10, Protection factor: 0.90, Radiation accuracy: 81.02, Preservation: 98.70%
    DEBUG: Radiation impact: 0.10, Protection factor: 0.90, Radiation accuracy: 82.13, Preservation: 99.33%
    DEBUG: Radiation impact: 0.10, Protection factor: 0.90, Radiation accuracy: 80.78, Preservation: 98.30%
    DEBUG: Radiation impact: 0.10, Protection factor: 0.90, Radiation accuracy: 81.95, Preservation: 98.22%
    DEBUG: Radiation impact: 0.10, Protection factor: 0.90, Radiation accuracy: 80.86, Preservation: 98.54%
    DEBUG: Radiation impact: 0.10, Protection factor: 0.90, Radiation accuracy: 81.62, Preservation: 98.07%
    DEBUG: Radiation impact: 0.10, Protection factor: 0.90, Radiation accuracy: 82.37, Preservation: 99.02%
Results: Baseline accuracy = 82.45 ± 0.57, Radiation accuracy = 81.58 ± 0.86, Preservation = 98.94 ± 0.68%
Results: Baseline accuracy = 82.45% ± 0.57%, Radiation accuracy = 81.58% ± 0.86%, Preservation = 98.94% ± 0.68%
Testing configuration:
Architecture: 2-64-256-32-2-
Dropout: 0.40
Residual: Yes
Protection: 3
    DEBUG: Radiation impact: 0.10, Protection factor: 0.80, Radiation accuracy: 84.27, Preservation: 97.25%
    DEBUG: Radiation impact: 0.10, Protection factor: 0.80, Radiation accuracy: 84.29, Preservation: 97.28%
    DEBUG: Radiation impact: 0.10, Protection factor: 0.80, Radiation accuracy: 85.66, Preservation: 98.66%
    DEBUG: Radiation impact: 0.10, Protection factor: 0.80, Radiation accuracy: 85.22, Preservation: 98.64%
    DEBUG: Radiation impact: 0.10, Protection factor: 0.80, Radiation accuracy: 84.62, Preservation: 98.53%
    DEBUG: Radiation impact: 0.10, Protection factor: 0.80, Radiation accuracy: 85.61, Preservation: 99.13%
    DEBUG: Radiation impact: 0.10, Protection factor: 0.80, Radiation accuracy: 85.04, Preservation: 98.25%
    DEBUG: Radiation impact: 0.10, Protection factor: 0.80, Radiation accuracy: 84.75, Preservation: 98.37%
    DEBUG: Radiation impact: 0.10, Protection factor: 0.80, Radiation accuracy: 83.08, Preservation: 97.15%
    DEBUG: Radiation impact: 0.10, Protection factor: 0.80, Radiation accuracy: 84.75, Preservation: 98.44%
    DEBUG: Radiation impact: 0.10, Protection factor: 0.80, Radiation accuracy: 83.45, Preservation: 97.01%
    DEBUG: Radiation impact: 0.10, Protection factor: 0.80, Radiation accuracy: 84.71, Preservation: 98.56%
    DEBUG: Radiation impact: 0.10, Protection factor: 0.80, Radiation accuracy: 84.28, Preservation: 98.00%
    DEBUG: Radiation impact: 0.10, Protection factor: 0.80, Radiation accuracy: 84.49, Preservation: 97.73%
    DEBUG: Radiation impact: 0.10, Protection factor: 0.80, Radiation accuracy: 82.81, Preservation: 96.97%
    DEBUG: Radiation impact: 0.10, Protection factor: 0.80, Radiation accuracy: 84.44, Preservation: 98.20%
    DEBUG: Radiation impact: 0.10, Protection factor: 0.80, Radiation accuracy: 84.25, Preservation: 97.57%
    DEBUG: Radiation impact: 0.10, Protection factor: 0.80, Radiation accuracy: 84.53, Preservation: 98.79%
    DEBUG: Radiation impact: 0.10, Protection factor: 0.80, Radiation accuracy: 83.93, Preservation: 97.49%
    DEBUG: Radiation impact: 0.10, Protection factor: 0.80, Radiation accuracy: 85.01, Preservation: 98.75%
    DEBUG: Radiation impact: 0.10, Protection factor: 0.80, Radiation accuracy: 85.01, Preservation: 98.17%
    DEBUG: Radiation impact: 0.10, Protection factor: 0.80, Radiation accuracy: 85.05, Preservation: 98.70%
    DEBUG: Radiation impact: 0.10, Protection factor: 0.80, Radiation accuracy: 84.02, Preservation: 97.48%
    DEBUG: Radiation impact: 0.10, Protection factor: 0.80, Radiation accuracy: 84.89, Preservation: 97.76%
    DEBUG: Radiation impact: 0.10, Protection factor: 0.80, Radiation accuracy: 85.42, Preservation: 98.66%
    DEBUG: Radiation impact: 0.10, Protection factor: 0.80, Radiation accuracy: 85.86, Preservation: 98.57%
    DEBUG: Radiation impact: 0.10, Protection factor: 0.80, Radiation accuracy: 84.03, Preservation: 98.58%
    DEBUG: Radiation impact: 0.10, Protection factor: 0.80, Radiation accuracy: 84.89, Preservation: 98.80%
    DEBUG: Radiation impact: 0.10, Protection factor: 0.80, Radiation accuracy: 84.35, Preservation: 98.29%
    DEBUG: Radiation impact: 0.10, Protection factor: 0.80, Radiation accuracy: 84.53, Preservation: 97.52%
    DEBUG: Radiation impact: 0.10, Protection factor: 0.80, Radiation accuracy: 83.56, Preservation: 97.85%
    DEBUG: Radiation impact: 0.10, Protection factor: 0.80, Radiation accuracy: 84.35, Preservation: 98.12%
    DEBUG: Radiation impact: 0.10, Protection factor: 0.80, Radiation accuracy: 83.34, Preservation: 97.79%
    DEBUG: Radiation impact: 0.10, Protection factor: 0.80, Radiation accuracy: 85.68, Preservation: 98.32%
    DEBUG: Radiation impact: 0.10, Protection factor: 0.80, Radiation accuracy: 84.90, Preservation: 97.39%
    DEBUG: Radiation impact: 0.10, Protection factor: 0.80, Radiation accuracy: 84.35, Preservation: 97.36%
    DEBUG: Radiation impact: 0.10, Protection factor: 0.80, Radiation accuracy: 85.00, Preservation: 98.35%
    DEBUG: Radiation impact: 0.10, Protection factor: 0.80, Radiation accuracy: 85.52, Preservation: 98.12%
    DEBUG: Radiation impact: 0.10, Protection factor: 0.80, Radiation accuracy: 85.23, Preservation: 98.02%
    DEBUG: Radiation impact: 0.10, Protection factor: 0.80, Radiation accuracy: 84.22, Preservation: 98.42%
    DEBUG: Radiation impact: 0.10, Protection factor: 0.80, Radiation accuracy: 85.47, Preservation: 98.92%
    DEBUG: Radiation impact: 0.10, Protection factor: 0.80, Radiation accuracy: 84.75, Preservation: 99.12%
    DEBUG: Radiation impact: 0.10, Protection factor: 0.80, Radiation accuracy: 83.74, Preservation: 97.30%
    DEBUG: Radiation impact: 0.10, Protection factor: 0.80, Radiation accuracy: 84.54, Preservation: 97.67%
    DEBUG: Radiation impact: 0.10, Protection factor: 0.80, Radiation accuracy: 83.88, Preservation: 97.31%
    DEBUG: Radiation impact: 0.10, Protection factor: 0.80, Radiation accuracy: 82.88, Preservation: 97.10%
    DEBUG: Radiation impact: 0.10, Protection factor: 0.80, Radiation accuracy: 84.15, Preservation: 97.01%
    DEBUG: Radiation impact: 0.10, Protection factor: 0.80, Radiation accuracy: 85.67, Preservation: 99.02%
    DEBUG: Radiation impact: 0.10, Protection factor: 0.80, Radiation accuracy: 84.30, Preservation: 97.99%
    DEBUG: Radiation impact: 0.10, Protection factor: 0.80, Radiation accuracy: 85.56, Preservation: 98.82%
Results: Baseline accuracy = 86.23 ± 0.52, Radiation accuracy = 84.57 ± 0.74, Preservation = 98.07 ± 0.62%
Results: Baseline accuracy = 86.23% ± 0.52%, Radiation accuracy = 84.57% ± 0.74%, Preservation = 98.07% ± 0.62%
QD coverage: 0.0022% (occupied 22), elites injected: 4
Results exported to auto_arch_search_results.csv
Generation 7/20
Testing configuration:
Architecture: 2-64-64-256-2-
Dropout: 0.5000
Residual: Yes
Protection: 0
    DEBUG: Radiation impact: 0.1000, Protection factor: 0.0000, Radiation accuracy: 75.4443, Preservation: 89.6127%
    DEBUG: Radiation impact: 0.1000, Protection factor: 0.0000, Radiation accuracy: 76.9964, Preservation: 90.9655%
    DEBUG: Radiation impact: 0.1000, Protection factor: 0.0000, Radiation accuracy: 78.1809, Preservation: 91.0970%
    DEBUG: Radiation impact: 0.1000, Protection factor: 0.0000, Radiation accuracy: 76.9667, Preservation: 90.5508%
    DEBUG: Radiation impact: 0.1000, Protection factor: 0.0000, Radiation accuracy: 76.8655, Preservation: 89.2345%
    DEBUG: Radiation impact: 0.1000, Protection factor: 0.0000, Radiation accuracy: 76.3288, Preservation: 89.6643%
    DEBUG: Radiation impact: 0.1000, Protection factor: 0.0000, Radiation accuracy: 76.1633, Preservation: 90.2121%
    DEBUG: Radiation impact: 0.1000, Protection factor: 0.0000, Radiation accuracy: 77.5838, Preservation: 91.1479%
    DEBUG: Radiation impact: 0.1000, Protection factor: 0.0000, Radiation accuracy: 76.3237, Preservation: 89.8717%
    DEBUG: Radiation impact: 0.1000, Protection factor: 0.0000, Radiation accuracy: 75.8610, Preservation: 88.9461%
    DEBUG: Radiation impact: 0.1000, Protection factor: 0.0000, Radiation accuracy: 77.8987, Preservation: 90.7192%
    DEBUG: Radiation impact: 0.1000, Protection factor: 0.0000, Radiation accuracy: 76.9165, Preservation: 90.0346%
    DEBUG: Radiation impact: 0.1000, Protection factor: 0.0000, Radiation accuracy: 75.7855, Preservation: 89.2192%
    DEBUG: Radiation impact: 0.1000, Protection factor: 0.0000, Radiation accuracy: 75.0967, Preservation: 89.0610%
    DEBUG: Radiation impact: 0.1000, Protection factor: 0.0000, Radiation accuracy: 76.3624, Preservation: 89.0156%
    DEBUG: Radiation impact: 0.1000, Protection factor: 0.0000, Radiation accuracy: 76.1072, Preservation: 89.9061%
    DEBUG: Radiation impact: 0.1000, Protection factor: 0.0000, Radiation accuracy: 76.6736, Preservation: 89.4118%
    DEBUG: Radiation impact: 0.1000, Protection factor: 0.0000, Radiation accuracy: 76.9718, Preservation: 90.6421%
    DEBUG: Radiation impact: 0.1000, Protection factor: 0.0000, Radiation accuracy: 77.1741, Preservation: 90.1802%
    DEBUG: Radiation impact: 0.1000, Protection factor: 0.0000, Radiation accuracy: 75.9219, Preservation: 90.1164%
    DEBUG: Radiation impact: 0.1000, Protection factor: 0.0000, Radiation accuracy: 76.1898, Preservation: 90.5205%
    DEBUG: Radiation impact: 0.1000, Protection factor: 0.0000, Radiation accuracy: 78.4848, Preservation: 91.1376%
    DEBUG: Radiation impact: 0.1000, Protection factor: 0.0000, Radiation accuracy: 77.8792, Preservation: 90.7240%
    DEBUG: Radiation impact: 0.1000, Protection factor: 0.0000, Radiation accuracy: 77.9928, Preservation: 90.8544%
    DEBUG: Radiation impact: 0.1000, Protection factor: 0.0000, Radiation accuracy: 75.6974, Preservation: 89.9146%
    DEBUG: Radiation impact: 0.1000, Protection factor: 0.0000, Radiation accuracy: 76.9883, Preservation: 90.9927%
    DEBUG: Radiation impact: 0.1000, Protection factor: 0.0000, Radiation accuracy: 76.3721, Preservation: 89.5098%
    DEBUG: Radiation impact: 0.1000, Protection factor: 0.0000, Radiation accuracy: 76.8067, Preservation: 89.9540%
    DEBUG: Radiation impact: 0.1000, Protection factor: 0.0000, Radiation accuracy: 77.3755, Preservation: 90.2121%
    DEBUG: Radiation impact: 0.1000, Protection factor: 0.0000, Radiation accuracy: 77.2182, Preservation: 89.9600%
    DEBUG: Radiation impact: 0.1000, Protection factor: 0.0000, Radiation accuracy: 77.7766, Preservation: 91.0244%
    DEBUG: Radiation impact: 0.1000, Protection factor: 0.0000, Radiation accuracy: 76.4609, Preservation: 89.4723%
    DEBUG: Radiation impact: 0.1000, Protection factor: 0.0000, Radiation accuracy: 76.8561, Preservation: 89.4008%
    DEBUG: Radiation impact: 0.1000, Protection factor: 0.0000, Radiation accuracy: 76.9900, Preservation: 89.9347%
    DEBUG: Radiation impact: 0.1000, Protection factor: 0.0000, Radiation accuracy: 77.9379, Preservation: 90.9496%
    DEBUG: Radiation impact: 0.1000, Protection factor: 0.0000, Radiation accuracy: 76.2590, Preservation: 89.2259%
    DEBUG: Radiation impact: 0.1000, Protection factor: 0.0000, Radiation accuracy: 78.1674, Preservation: 90.9939%
    DEBUG: Radiation impact: 0.1000, Protection factor: 0.0000, Radiation accuracy: 77.0707, Preservation: 90.7194%
    DEBUG: Radiation impact: 0.1000, Protection factor: 0.0000, Radiation accuracy: 76.7628, Preservation: 89.5475%
    DEBUG: Radiation impact: 0.1000, Protection factor: 0.0000, Radiation accuracy: 76.6558, Preservation: 90.4755%
    DEBUG: Radiation impact: 0.1000, Protection factor: 0.0000, Radiation accuracy: 75.6812, Preservation: 88.9970%
    DEBUG: Radiation impact: 0.1000, Protection factor: 0.0000, Radiation accuracy: 76.4966, Preservation: 88.9729%
    DEBUG: Radiation impact: 0.1000, Protection factor: 0.0000, Radiation accuracy: 76.1473, Preservation: 90.4109%
    DEBUG: Radiation impact: 0.1000, Protection factor: 0.0000, Radiation accuracy: 76.4392, Preservation: 89.1648%
    DEBUG: Radiation impact: 0.1000, Protection factor: 0.0000, Radiation accuracy: 76.0697, Preservation: 88.8654%
    DEBUG: Radiation impact: 0.1000, Protection factor: 0.0000, Radiation accuracy: 76.0585, Preservation: 89.4347%
    DEBUG: Radiation impact: 0.1000, Protection factor: 0.0000, Radiation accuracy: 76.0829, Preservation: 90.0849%
    DEBUG: Radiation impact: 0.1000, Protection factor: 0.0000, Radiation accuracy: 77.0419, Preservation: 91.0946%
    DEBUG: Radiation impact: 0.1000, Protection factor: 0.0000, Radiation accuracy: 75.4663, Preservation: 88.8591%
    DEBUG: Radiation impact: 0.1000, Protection factor: 0.0000, Radiation accuracy: 76.3711, Preservation: 89.3080%
Results: Baseline accuracy = 85.2258 ± 0.5833, Radiation accuracy = 76.7084 ± 0.7803, Preservation = 90.0065 ± 0.7255%
Results: Baseline accuracy = 85.23% ± 0.58%, Radiation accuracy = 76.71% ± 0.78%, Preservation = 90.01% ± 0.73%
Testing configuration:
Architecture: 2-64-64-32-2-
Dropout: 0.60
Residual: Yes
Protection: 5
    DEBUG: Radiation impact: 0.10, Protection factor: 0.90, Radiation accuracy: 82.94, Preservation: 100.00%
    DEBUG: Radiation impact: 0.10, Protection factor: 0.90, Radiation accuracy: 83.72, Preservation: 99.16%
    DEBUG: Radiation impact: 0.10, Protection factor: 0.90, Radiation accuracy: 83.31, Preservation: 99.89%
    DEBUG: Radiation impact: 0.10, Protection factor: 0.90, Radiation accuracy: 83.35, Preservation: 99.39%
    DEBUG: Radiation impact: 0.10, Protection factor: 0.90, Radiation accuracy: 82.53, Preservation: 99.25%
    DEBUG: Radiation impact: 0.10, Protection factor: 0.90, Radiation accuracy: 82.25, Preservation: 98.75%
    DEBUG: Radiation impact: 0.10, Protection factor: 0.90, Radiation accuracy: 82.62, Preservation: 98.96%
    DEBUG: Radiation impact: 0.10, Protection factor: 0.90, Radiation accuracy: 82.38, Preservation: 98.27%
    DEBUG: Radiation impact: 0.10, Protection factor: 0.90, Radiation accuracy: 83.19, Preservation: 99.44%
    DEBUG: Radiation impact: 0.10, Protection factor: 0.90, Radiation accuracy: 81.71, Preservation: 98.42%
    DEBUG: Radiation impact: 0.10, Protection factor: 0.90, Radiation accuracy: 82.75, Preservation: 99.28%
    DEBUG: Radiation impact: 0.10, Protection factor: 0.90, Radiation accuracy: 83.93, Preservation: 99.76%
    DEBUG: Radiation impact: 0.10, Protection factor: 0.90, Radiation accuracy: 84.46, Preservation: 100.00%
    DEBUG: Radiation impact: 0.10, Protection factor: 0.90, Radiation accuracy: 82.81, Preservation: 99.12%
    DEBUG: Radiation impact: 0.10, Protection factor: 0.90, Radiation accuracy: 82.34, Preservation: 98.95%
    DEBUG: Radiation impact: 0.10, Protection factor: 0.90, Radiation accuracy: 83.76, Preservation: 99.10%
    DEBUG: Radiation impact: 0.10, Protection factor: 0.90, Radiation accuracy: 83.19, Preservation: 99.36%
    DEBUG: Radiation impact: 0.10, Protection factor: 0.90, Radiation accuracy: 84.08, Preservation: 99.85%
    DEBUG: Radiation impact: 0.10, Protection factor: 0.90, Radiation accuracy: 83.85, Preservation: 99.49%
    DEBUG: Radiation impact: 0.10, Protection factor: 0.90, Radiation accuracy: 83.12, Preservation: 99.88%
    DEBUG: Radiation impact: 0.10, Protection factor: 0.90, Radiation accuracy: 84.57, Preservation: 99.69%
    DEBUG: Radiation impact: 0.10, Protection factor: 0.90, Radiation accuracy: 83.10, Preservation: 98.40%
    DEBUG: Radiation impact: 0.10, Protection factor: 0.90, Radiation accuracy: 82.99, Preservation: 98.32%
    DEBUG: Radiation impact: 0.10, Protection factor: 0.90, Radiation accuracy: 82.65, Preservation: 99.14%
    DEBUG: Radiation impact: 0.10, Protection factor: 0.90, Radiation accuracy: 83.98, Preservation: 100.00%
    DEBUG: Radiation impact: 0.10, Protection factor: 0.90, Radiation accuracy: 83.01, Preservation: 98.74%
    DEBUG: Radiation impact: 0.10, Protection factor: 0.90, Radiation accuracy: 82.79, Preservation: 97.83%
    DEBUG: Radiation impact: 0.10, Protection factor: 0.90, Radiation accuracy: 81.77, Preservation: 98.40%
    DEBUG: Radiation impact: 0.10, Protection factor: 0.90, Radiation accuracy: 83.06, Preservation: 98.14%
    DEBUG: Radiation impact: 0.10, Protection factor: 0.90, Radiation accuracy: 83.42, Preservation: 99.58%
    DEBUG: Radiation impact: 0.10, Protection factor: 0.90, Radiation accuracy: 82.98, Preservation: 98.86%
    DEBUG: Radiation impact: 0.10, Protection factor: 0.90, Radiation accuracy: 82.87, Preservation: 97.82%
    DEBUG: Radiation impact: 0.10, Protection factor: 0.90, Radiation accuracy: 83.78, Preservation: 99.67%
    DEBUG: Radiation impact: 0.10, Protection factor: 0.90, Radiation accuracy: 83.57, Preservation: 99.94%
    DEBUG: Radiation impact: 0.10, Protection factor: 0.90, Radiation accuracy: 83.07, Preservation: 99.60%
    DEBUG: Radiation impact: 0.10, Protection factor: 0.90, Radiation accuracy: 83.22, Preservation: 98.65%
    DEBUG: Radiation impact: 0.10, Protection factor: 0.90, Radiation accuracy: 82.25, Preservation: 98.72%
    DEBUG: Radiation impact: 0.10, Protection factor: 0.90, Radiation accuracy: 82.55, Preservation: 99.21%
    DEBUG: Radiation impact: 0.10, Protection factor: 0.90, Radiation accuracy: 84.49, Preservation: 99.87%
    DEBUG: Radiation impact: 0.10, Protection factor: 0.90, Radiation accuracy: 82.95, Preservation: 99.38%
    DEBUG: Radiation impact: 0.10, Protection factor: 0.90, Radiation accuracy: 82.66, Preservation: 98.92%
    DEBUG: Radiation impact: 0.10, Protection factor: 0.90, Radiation accuracy: 81.77, Preservation: 97.88%
    DEBUG: Radiation impact: 0.10, Protection factor: 0.90, Radiation accuracy: 82.91, Preservation: 99.35%
    DEBUG: Radiation impact: 0.10, Protection factor: 0.90, Radiation accuracy: 83.46, Preservation: 99.80%
    DEBUG: Radiation impact: 0.10, Protection factor: 0.90, Radiation accuracy: 82.97, Preservation: 98.08%
    DEBUG: Radiation impact: 0.10, Protection factor: 0.90, Radiation accuracy: 83.19, Preservation: 100.00%
    DEBUG: Radiation impact: 0.10, Protection factor: 0.90, Radiation accuracy: 82.25, Preservation: 98.94%
    DEBUG: Radiation impact: 0.10, Protection factor: 0.90, Radiation accuracy: 83.10, Preservation: 98.30%
    DEBUG: Radiation impact: 0.10, Protection factor: 0.90, Radiation accuracy: 83.15, Preservation: 98.30%
    DEBUG: Radiation impact: 0.10, Protection factor: 0.90, Radiation accuracy: 82.93, Preservation: 98.92%
Results: Baseline accuracy = 83.83 ± 0.54, Radiation accuracy = 83.07 ± 0.65, Preservation = 99.10 ± 0.64%
Results: Baseline accuracy = 83.83% ± 0.54%, Radiation accuracy = 83.07% ± 0.65%, Preservation = 99.10% ± 0.64%
Testing configuration:
Architecture: 2-64-256-256-2-
Dropout: 0.30
Residual: Yes
Protection: 1
    DEBUG: Radiation impact: 0.10, Protection factor: 0.20, Radiation accuracy: 80.37, Preservation: 91.18%
    DEBUG: Radiation impact: 0.10, Protection factor: 0.20, Radiation accuracy: 79.89, Preservation: 91.30%
    DEBUG: Radiation impact: 0.10, Protection factor: 0.20, Radiation accuracy: 81.25, Preservation: 92.75%
    DEBUG: Radiation impact: 0.10, Protection factor: 0.20, Radiation accuracy: 80.80, Preservation: 91.86%
    DEBUG: Radiation impact: 0.10, Protection factor: 0.20, Radiation accuracy: 80.58, Preservation: 92.91%
    DEBUG: Radiation impact: 0.10, Protection factor: 0.20, Radiation accuracy: 80.23, Preservation: 91.87%
    DEBUG: Radiation impact: 0.10, Protection factor: 0.20, Radiation accuracy: 80.55, Preservation: 92.50%
    DEBUG: Radiation impact: 0.10, Protection factor: 0.20, Radiation accuracy: 79.29, Preservation: 91.00%
    DEBUG: Radiation impact: 0.10, Protection factor: 0.20, Radiation accuracy: 80.39, Preservation: 91.11%
    DEBUG: Radiation impact: 0.10, Protection factor: 0.20, Radiation accuracy: 80.05, Preservation: 91.41%
    DEBUG: Radiation impact: 0.10, Protection factor: 0.20, Radiation accuracy: 79.87, Preservation: 92.39%
    DEBUG: Radiation impact: 0.10, Protection factor: 0.20, Radiation accuracy: 79.95, Preservation: 91.60%
    DEBUG: Radiation impact: 0.10, Protection factor: 0.20, Radiation accuracy: 80.92, Preservation: 92.33%
    DEBUG: Radiation impact: 0.10, Protection factor: 0.20, Radiation accuracy: 79.28, Preservation: 91.72%
    DEBUG: Radiation impact: 0.10, Protection factor: 0.20, Radiation accuracy: 80.71, Preservation: 92.39%
    DEBUG: Radiation impact: 0.10, Protection factor: 0.20, Radiation accuracy: 79.89, Preservation: 91.54%
    DEBUG: Radiation impact: 0.10, Protection factor: 0.20, Radiation accuracy: 81.30, Preservation: 92.42%
    DEBUG: Radiation impact: 0.10, Protection factor: 0.20, Radiation accuracy: 81.88, Preservation: 93.07%
    DEBUG: Radiation impact: 0.10, Protection factor: 0.20, Radiation accuracy: 80.39, Preservation: 91.72%
    DEBUG: Radiation impact: 0.10, Protection factor: 0.20, Radiation accuracy: 79.82, Preservation: 91.14%
    DEBUG: Radiation impact: 0.10, Protection factor: 0.20, Radiation accuracy: 80.15, Preservation: 91.85%
    DEBUG: Radiation impact: 0.10, Protection factor: 0.20, Radiation accuracy: 80.83, Preservation: 92.79%
    DEBUG: Radiation impact: 0.10, Protection factor: 0.20, Radiation accuracy: 81.54, Preservation: 92.49%
    DEBUG: Radiation impact: 0.10, Protection factor: 0.20, Radiation accuracy: 80.73, Preservation: 92.70%
    DEBUG: Radiation impact: 0.10, Protection factor: 0.20, Radiation accuracy: 80.25, Preservation: 92.21%
    DEBUG: Radiation impact: 0.10, Protection factor: 0.20, Radiation accuracy: 80.64, Preservation: 91.62%
    DEBUG: Radiation impact: 0.10, Protection factor: 0.20, Radiation accuracy: 81.19, Preservation: 92.81%
    DEBUG: Radiation impact: 0.10, Protection factor: 0.20, Radiation accuracy: 80.21, Preservation: 91.89%
    DEBUG: Radiation impact: 0.10, Protection factor: 0.20, Radiation accuracy: 78.75, Preservation: 91.00%
    DEBUG: Radiation impact: 0.10, Protection factor: 0.20, Radiation accuracy: 79.96, Preservation: 91.32%
    DEBUG: Radiation impact: 0.10, Protection factor: 0.20, Radiation accuracy: 80.85, Preservation: 92.14%
    DEBUG: Radiation impact: 0.10, Protection factor: 0.20, Radiation accuracy: 78.98, Preservation: 91.13%
    DEBUG: Radiation impact: 0.10, Protection factor: 0.20, Radiation accuracy: 80.50, Preservation: 92.20%
    DEBUG: Radiation impact: 0.10, Protection factor: 0.20, Radiation accuracy: 81.60, Preservation: 92.74%
    DEBUG: Radiation impact: 0.10, Protection factor: 0.20, Radiation accuracy: 81.27, Preservation: 92.69%
    DEBUG: Radiation impact: 0.10, Protection factor: 0.20, Radiation accuracy: 80.98, Preservation: 93.14%
    DEBUG: Radiation impact: 0.10, Protection factor: 0.20, Radiation accuracy: 81.61, Preservation: 92.77%
    DEBUG: Radiation impact: 0.10, Protection factor: 0.20, Radiation accuracy: 80.62, Preservation: 91.75%
    DEBUG: Radiation impact: 0.10, Protection factor: 0.20, Radiation accuracy: 80.77, Preservation: 92.57%
    DEBUG: Radiation impact: 0.10, Protection factor: 0.20, Radiation accuracy: 80.61, Preservation: 91.27%
    DEBUG: Radiation impact: 0.10, Protection factor: 0.20, Radiation accuracy: 81.66, Preservation: 92.73%
    DEBUG: Radiation impact: 0.10, Protection factor: 0.20, Radiation accuracy: 81.16, Preservation: 93.12%
    DEBUG: Radiation impact: 0.10, Protection factor: 0.20, Radiation accuracy: 79.30, Preservation: 91.26%
    DEBUG: Radiation impact: 0.10, Protection factor: 0.20, Radiation accuracy: 81.66, Preservation: 93.14%
    DEBUG: Radiation impact: 0.10, Protection factor: 0.20, Radiation accuracy: 81.14, Preservation: 92.38%
    DEBUG: Radiation impact: 0.10, Protection factor: 0.20, Radiation accuracy: 80.63, Preservation: 92.69%
    DEBUG: Radiation impact: 0.10, Protection factor: 0.20, Radiation accuracy: 80.77, Preservation: 92.62%
    DEBUG: Radiation impact: 0.10, Protection factor: 0.20, Radiation accuracy: 80.35, Preservation: 92.17%
    DEBUG: Radiation impact: 0.10, Protection factor: 0.20, Radiation accuracy: 79.81, Preservation: 92.33%
    DEBUG: Radiation impact: 0.10, Protection factor: 0.20, Radiation accuracy: 80.94, Preservation: 92.59%
Results: Baseline accuracy = 87.42 ± 0.49, Radiation accuracy = 80.54 ± 0.71, Preservation = 92.13 ± 0.64%
Results: Baseline accuracy = 87.42% ± 0.49%, Radiation accuracy = 80.54% ± 0.71%, Preservation = 92.13% ± 0.64%
Testing configuration:
Architecture: 2-64-256-512-2-
Dropout: 0.50
Residual: Yes
Protection: 3
    DEBUG: Radiation impact: 0.10, Protection factor: 0.80, Radiation accuracy: 83.07, Preservation: 97.42%
    DEBUG: Radiation impact: 0.10, Protection factor: 0.80, Radiation accuracy: 84.80, Preservation: 98.83%
    DEBUG: Radiation impact: 0.10, Protection factor: 0.80, Radiation accuracy: 83.04, Preservation: 97.01%
    DEBUG: Radiation impact: 0.10, Protection factor: 0.80, Radiation accuracy: 83.78, Preservation: 98.81%
    DEBUG: Radiation impact: 0.10, Protection factor: 0.80, Radiation accuracy: 83.55, Preservation: 98.31%
    DEBUG: Radiation impact: 0.10, Protection factor: 0.80, Radiation accuracy: 84.96, Preservation: 99.00%
    DEBUG: Radiation impact: 0.10, Protection factor: 0.80, Radiation accuracy: 83.85, Preservation: 98.60%
    DEBUG: Radiation impact: 0.10, Protection factor: 0.80, Radiation accuracy: 84.19, Preservation: 98.81%
    DEBUG: Radiation impact: 0.10, Protection factor: 0.80, Radiation accuracy: 84.61, Preservation: 98.65%
    DEBUG: Radiation impact: 0.10, Protection factor: 0.80, Radiation accuracy: 85.44, Preservation: 99.06%
    DEBUG: Radiation impact: 0.10, Protection factor: 0.80, Radiation accuracy: 83.66, Preservation: 98.35%
    DEBUG: Radiation impact: 0.10, Protection factor: 0.80, Radiation accuracy: 84.02, Preservation: 97.90%
    DEBUG: Radiation impact: 0.10, Protection factor: 0.80, Radiation accuracy: 84.65, Preservation: 98.57%
    DEBUG: Radiation impact: 0.10, Protection factor: 0.80, Radiation accuracy: 84.20, Preservation: 97.93%
    DEBUG: Radiation impact: 0.10, Protection factor: 0.80, Radiation accuracy: 84.63, Preservation: 98.52%
    DEBUG: Radiation impact: 0.10, Protection factor: 0.80, Radiation accuracy: 82.92, Preservation: 96.88%
    DEBUG: Radiation impact: 0.10, Protection factor: 0.80, Radiation accuracy: 84.37, Preservation: 98.77%
    DEBUG: Radiation impact: 0.10, Protection factor: 0.80, Radiation accuracy: 84.15, Preservation: 98.81%
    DEBUG: Radiation impact: 0.10, Protection factor: 0.80, Radiation accuracy: 83.37, Preservation: 97.80%
    DEBUG: Radiation impact: 0.10, Protection factor: 0.80, Radiation accuracy: 83.31, Preservation: 97.38%
    DEBUG: Radiation impact: 0.10, Protection factor: 0.80, Radiation accuracy: 82.54, Preservation: 96.88%
    DEBUG: Radiation impact: 0.10, Protection factor: 0.80, Radiation accuracy: 83.88, Preservation: 98.29%
    DEBUG: Radiation impact: 0.10, Protection factor: 0.80, Radiation accuracy: 84.82, Preservation: 99.10%
    DEBUG: Radiation impact: 0.10, Protection factor: 0.80, Radiation accuracy: 84.55, Preservation: 98.33%
    DEBUG: Radiation impact: 0.10, Protection factor: 0.80, Radiation accuracy: 82.50, Preservation: 97.24%
    DEBUG: Radiation impact: 0.10, Protection factor: 0.80, Radiation accuracy: 84.49, Preservation: 99.12%
    DEBUG: Radiation impact: 0.10, Protection factor: 0.80, Radiation accuracy: 85.47, Preservation: 99.00%
    DEBUG: Radiation impact: 0.10, Protection factor: 0.80, Radiation accuracy: 83.37, Preservation: 97.18%
    DEBUG: Radiation impact: 0.10, Protection factor: 0.80, Radiation accuracy: 84.71, Preservation: 98.06%
    DEBUG: Radiation impact: 0.10, Protection factor: 0.80, Radiation accuracy: 83.67, Preservation: 97.96%
    DEBUG: Radiation impact: 0.10, Protection factor: 0.80, Radiation accuracy: 83.80, Preservation: 99.09%
    DEBUG: Radiation impact: 0.10, Protection factor: 0.80, Radiation accuracy: 84.43, Preservation: 97.73%
    DEBUG: Radiation impact: 0.10, Protection factor: 0.80, Radiation accuracy: 85.44, Preservation: 98.96%
    DEBUG: Radiation impact: 0.10, Protection factor: 0.80, Radiation accuracy: 84.22, Preservation: 98.03%
    DEBUG: Radiation impact: 0.10, Protection factor: 0.80, Radiation accuracy: 84.00, Preservation: 99.00%
    DEBUG: Radiation impact: 0.10, Protection factor: 0.80, Radiation accuracy: 84.98, Preservation: 98.89%
    DEBUG: Radiation impact: 0.10, Protection factor: 0.80, Radiation accuracy: 83.86, Preservation: 97.62%
    DEBUG: Radiation impact: 0.10, Protection factor: 0.80, Radiation accuracy: 83.32, Preservation: 98.30%
    DEBUG: Radiation impact: 0.10, Protection factor: 0.80, Radiation accuracy: 84.18, Preservation: 99.03%
    DEBUG: Radiation impact: 0.10, Protection factor: 0.80, Radiation accuracy: 83.18, Preservation: 98.45%
    DEBUG: Radiation impact: 0.10, Protection factor: 0.80, Radiation accuracy: 84.60, Preservation: 98.32%
    DEBUG: Radiation impact: 0.10, Protection factor: 0.80, Radiation accuracy: 83.49, Preservation: 96.96%
    DEBUG: Radiation impact: 0.10, Protection factor: 0.80, Radiation accuracy: 84.61, Preservation: 98.04%
    DEBUG: Radiation impact: 0.10, Protection factor: 0.80, Radiation accuracy: 84.23, Preservation: 98.94%
    DEBUG: Radiation impact: 0.10, Protection factor: 0.80, Radiation accuracy: 84.81, Preservation: 98.79%
    DEBUG: Radiation impact: 0.10, Protection factor: 0.80, Radiation accuracy: 83.89, Preservation: 98.64%
    DEBUG: Radiation impact: 0.10, Protection factor: 0.80, Radiation accuracy: 85.04, Preservation: 98.35%
    DEBUG: Radiation impact: 0.10, Protection factor: 0.80, Radiation accuracy: 84.19, Preservation: 99.01%
    DEBUG: Radiation impact: 0.10, Protection factor: 0.80, Radiation accuracy: 83.61, Preservation: 97.75%
    DEBUG: Radiation impact: 0.10, Protection factor: 0.80, Radiation accuracy: 83.49, Preservation: 97.95%
Results: Baseline accuracy = 85.54 ± 0.52, Radiation accuracy = 84.08 ± 0.71, Preservation = 98.29 ± 0.66%
Results: Baseline accuracy = 85.54% ± 0.52%, Radiation accuracy = 84.08% ± 0.71%, Preservation = 98.29% ± 0.66%
Testing configuration:
Architecture: 2-64-256-256-2-
Dropout: 0.30
Residual: No
Protection: 5
    DEBUG: Radiation impact: 0.10, Protection factor: 0.90, Radiation accuracy: 84.37, Preservation: 98.53%
    DEBUG: Radiation impact: 0.10, Protection factor: 0.90, Radiation accuracy: 85.53, Preservation: 99.90%
    DEBUG: Radiation impact: 0.10, Protection factor: 0.90, Radiation accuracy: 84.37, Preservation: 98.96%
    DEBUG: Radiation impact: 0.10, Protection factor: 0.90, Radiation accuracy: 85.45, Preservation: 99.96%
    DEBUG: Radiation impact: 0.10, Protection factor: 0.90, Radiation accuracy: 84.27, Preservation: 99.50%
    DEBUG: Radiation impact: 0.10, Protection factor: 0.90, Radiation accuracy: 82.99, Preservation: 98.08%
    DEBUG: Radiation impact: 0.10, Protection factor: 0.90, Radiation accuracy: 84.00, Preservation: 98.79%
    DEBUG: Radiation impact: 0.10, Protection factor: 0.90, Radiation accuracy: 85.13, Preservation: 100.00%
    DEBUG: Radiation impact: 0.10, Protection factor: 0.90, Radiation accuracy: 84.00, Preservation: 98.00%
    DEBUG: Radiation impact: 0.10, Protection factor: 0.90, Radiation accuracy: 85.17, Preservation: 99.04%
    DEBUG: Radiation impact: 0.10, Protection factor: 0.90, Radiation accuracy: 85.01, Preservation: 99.17%
    DEBUG: Radiation impact: 0.10, Protection factor: 0.90, Radiation accuracy: 82.96, Preservation: 98.30%
    DEBUG: Radiation impact: 0.10, Protection factor: 0.90, Radiation accuracy: 83.26, Preservation: 98.18%
    DEBUG: Radiation impact: 0.10, Protection factor: 0.90, Radiation accuracy: 85.35, Preservation: 99.79%
    DEBUG: Radiation impact: 0.10, Protection factor: 0.90, Radiation accuracy: 84.23, Preservation: 98.80%
    DEBUG: Radiation impact: 0.10, Protection factor: 0.90, Radiation accuracy: 84.38, Preservation: 99.97%
    DEBUG: Radiation impact: 0.10, Protection factor: 0.90, Radiation accuracy: 84.47, Preservation: 100.00%
    DEBUG: Radiation impact: 0.10, Protection factor: 0.90, Radiation accuracy: 84.32, Preservation: 99.16%
    DEBUG: Radiation impact: 0.10, Protection factor: 0.90, Radiation accuracy: 84.93, Preservation: 98.93%
    DEBUG: Radiation impact: 0.10, Protection factor: 0.90, Radiation accuracy: 83.20, Preservation: 97.90%
    DEBUG: Radiation impact: 0.10, Protection factor: 0.90, Radiation accuracy: 85.87, Preservation: 99.92%
    DEBUG: Radiation impact: 0.10, Protection factor: 0.90, Radiation accuracy: 85.16, Preservation: 99.78%
    DEBUG: Radiation impact: 0.10, Protection factor: 0.90, Radiation accuracy: 85.71, Preservation: 99.52%
    DEBUG: Radiation impact: 0.10, Protection factor: 0.90, Radiation accuracy: 84.38, Preservation: 97.96%
    DEBUG: Radiation impact: 0.10, Protection factor: 0.90, Radiation accuracy: 85.27, Preservation: 99.93%
    DEBUG: Radiation impact: 0.10, Protection factor: 0.90, Radiation accuracy: 84.45, Preservation: 99.52%
    DEBUG: Radiation impact: 0.10, Protection factor: 0.90, Radiation accuracy: 85.07, Preservation: 99.19%
    DEBUG: Radiation impact: 0.10, Protection factor: 0.90, Radiation accuracy: 83.43, Preservation: 98.78%
    DEBUG: Radiation impact: 0.10, Protection factor: 0.90, Radiation accuracy: 83.95, Preservation: 98.77%
    DEBUG: Radiation impact: 0.10, Protection factor: 0.90, Radiation accuracy: 83.44, Preservation: 97.98%
    DEBUG: Radiation impact: 0.10, Protection factor: 0.90, Radiation accuracy: 83.17, Preservation: 98.34%
    DEBUG: Radiation impact: 0.10, Protection factor: 0.90, Radiation accuracy: 83.86, Preservation: 98.16%
    DEBUG: Radiation impact: 0.10, Protection factor: 0.90, Radiation accuracy: 84.03, Preservation: 98.80%
    DEBUG: Radiation impact: 0.10, Protection factor: 0.90, Radiation accuracy: 84.66, Preservation: 99.33%
    DEBUG: Radiation impact: 0.10, Protection factor: 0.90, Radiation accuracy: 84.28, Preservation: 98.85%
    DEBUG: Radiation impact: 0.10, Protection factor: 0.90, Radiation accuracy: 85.12, Preservation: 98.81%
    DEBUG: Radiation impact: 0.10, Protection factor: 0.90, Radiation accuracy: 85.96, Preservation: 99.73%
    DEBUG: Radiation impact: 0.10, Protection factor: 0.90, Radiation accuracy: 84.55, Preservation: 99.56%
    DEBUG: Radiation impact: 0.10, Protection factor: 0.90, Radiation accuracy: 86.31, Preservation: 100.00%
    DEBUG: Radiation impact: 0.10, Protection factor: 0.90, Radiation accuracy: 85.09, Preservation: 99.26%
    DEBUG: Radiation impact: 0.10, Protection factor: 0.90, Radiation accuracy: 83.57, Preservation: 99.02%
    DEBUG: Radiation impact: 0.10, Protection factor: 0.90, Radiation accuracy: 84.97, Preservation: 98.84%
    DEBUG: Radiation impact: 0.10, Protection factor: 0.90, Radiation accuracy: 84.07, Preservation: 98.70%
    DEBUG: Radiation impact: 0.10, Protection factor: 0.90, Radiation accuracy: 85.03, Preservation: 99.50%
    DEBUG: Radiation impact: 0.10, Protection factor: 0.90, Radiation accuracy: 85.47, Preservation: 100.00%
    DEBUG: Radiation impact: 0.10, Protection factor: 0.90, Radiation accuracy: 83.04, Preservation: 98.01%
    DEBUG: Radiation impact: 0.10, Protection factor: 0.90, Radiation accuracy: 84.66, Preservation: 98.18%
    DEBUG: Radiation impact: 0.10, Protection factor: 0.90, Radiation accuracy: 85.76, Preservation: 99.83%
    DEBUG: Radiation impact: 0.10, Protection factor: 0.90, Radiation accuracy: 84.77, Preservation: 98.25%
    DEBUG: Radiation impact: 0.10, Protection factor: 0.90, Radiation accuracy: 83.43, Preservation: 98.33%
Results: Baseline accuracy = 85.34 ± 0.56, Radiation accuracy = 84.52 ± 0.85, Preservation = 99.04 ± 0.68%
Results: Baseline accuracy = 85.34% ± 0.56%, Radiation accuracy = 84.52% ± 0.85%, Preservation = 99.04% ± 0.68%
QD coverage: 0.0024% (occupied 24), elites injected: 4
Results exported to auto_arch_search_results.csv
Generation 8/20
Testing configuration:
Architecture: 2-64-256-128-2-
Dropout: 0.4000
Residual: Yes
Protection: 0
    DEBUG: Radiation impact: 0.1000, Protection factor: 0.0000, Radiation accuracy: 77.3881, Preservation: 89.6515%
    DEBUG: Radiation impact: 0.1000, Protection factor: 0.0000, Radiation accuracy: 77.4677, Preservation: 90.0016%
    DEBUG: Radiation impact: 0.1000, Protection factor: 0.0000, Radiation accuracy: 78.9661, Preservation: 90.8140%
    DEBUG: Radiation impact: 0.1000, Protection factor: 0.0000, Radiation accuracy: 77.3708, Preservation: 89.1360%
    DEBUG: Radiation impact: 0.1000, Protection factor: 0.0000, Radiation accuracy: 78.2055, Preservation: 90.3423%
    DEBUG: Radiation impact: 0.1000, Protection factor: 0.0000, Radiation accuracy: 76.2864, Preservation: 88.9696%
    DEBUG: Radiation impact: 0.1000, Protection factor: 0.0000, Radiation accuracy: 77.5111, Preservation: 90.2304%
    DEBUG: Radiation impact: 0.1000, Protection factor: 0.0000, Radiation accuracy: 78.3125, Preservation: 90.6535%
    DEBUG: Radiation impact: 0.1000, Protection factor: 0.0000, Radiation accuracy: 77.8490, Preservation: 90.5868%
    DEBUG: Radiation impact: 0.1000, Protection factor: 0.0000, Radiation accuracy: 77.6047, Preservation: 89.9657%
    DEBUG: Radiation impact: 0.1000, Protection factor: 0.0000, Radiation accuracy: 77.1732, Preservation: 90.4416%
    DEBUG: Radiation impact: 0.1000, Protection factor: 0.0000, Radiation accuracy: 76.5892, Preservation: 89.1255%
    DEBUG: Radiation impact: 0.1000, Protection factor: 0.0000, Radiation accuracy: 78.0287, Preservation: 90.8133%
    DEBUG: Radiation impact: 0.1000, Protection factor: 0.0000, Radiation accuracy: 76.1500, Preservation: 89.2519%
    DEBUG: Radiation impact: 0.1000, Protection factor: 0.0000, Radiation accuracy: 78.3765, Preservation: 90.7586%
    DEBUG: Radiation impact: 0.1000, Protection factor: 0.0000, Radiation accuracy: 77.6549, Preservation: 89.0052%
    DEBUG: Radiation impact: 0.1000, Protection factor: 0.0000, Radiation accuracy: 77.3256, Preservation: 89.0361%
    DEBUG: Radiation impact: 0.1000, Protection factor: 0.0000, Radiation accuracy: 77.3175, Preservation: 89.2466%
    DEBUG: Radiation impact: 0.1000, Protection factor: 0.0000, Radiation accuracy: 76.0694, Preservation: 88.9000%
    DEBUG: Radiation impact: 0.1000, Protection factor: 0.0000, Radiation accuracy: 78.4822, Preservation: 90.3252%
    DEBUG: Radiation impact: 0.1000, Protection factor: 0.0000, Radiation accuracy: 78.5281, Preservation: 90.2077%
    DEBUG: Radiation impact: 0.1000, Protection factor: 0.0000, Radiation accuracy: 77.4759, Preservation: 90.4087%
    DEBUG: Radiation impact: 0.1000, Protection factor: 0.0000, Radiation accuracy: 78.8154, Preservation: 90.6846%
    DEBUG: Radiation impact: 0.1000, Protection factor: 0.0000, Radiation accuracy: 78.4621, Preservation: 90.4083%
    DEBUG: Radiation impact: 0.1000, Protection factor: 0.0000, Radiation accuracy: 76.7056, Preservation: 88.9788%
    DEBUG: Radiation impact: 0.1000, Protection factor: 0.0000, Radiation accuracy: 78.6534, Preservation: 91.1117%
    DEBUG: Radiation impact: 0.1000, Protection factor: 0.0000, Radiation accuracy: 78.9449, Preservation: 90.6277%
    DEBUG: Radiation impact: 0.1000, Protection factor: 0.0000, Radiation accuracy: 77.5796, Preservation: 90.4498%
    DEBUG: Radiation impact: 0.1000, Protection factor: 0.0000, Radiation accuracy: 77.9433, Preservation: 90.5465%
    DEBUG: Radiation impact: 0.1000, Protection factor: 0.0000, Radiation accuracy: 77.2219, Preservation: 90.1615%
    DEBUG: Radiation impact: 0.1000, Protection factor: 0.0000, Radiation accuracy: 78.3569, Preservation: 89.9464%
    DEBUG: Radiation impact: 0.1000, Protection factor: 0.0000, Radiation accuracy: 76.6332, Preservation: 89.7874%
    DEBUG: Radiation impact: 0.1000, Protection factor: 0.0000, Radiation accuracy: 76.9752, Preservation: 89.0187%
    DEBUG: Radiation impact: 0.1000, Protection factor: 0.0000, Radiation accuracy: 77.7484, Preservation: 89.8121%
    DEBUG: Radiation impact: 0.1000, Protection factor: 0.0000, Radiation accuracy: 76.6819, Preservation: 89.0598%
    DEBUG: Radiation impact: 0.1000, Protection factor: 0.0000, Radiation accuracy: 77.7180, Preservation: 89.1155%
    DEBUG: Radiation impact: 0.1000, Protection factor: 0.0000, Radiation accuracy: 76.3805, Preservation: 88.9280%
    DEBUG: Radiation impact: 0.1000, Protection factor: 0.0000, Radiation accuracy: 77.4831, Preservation: 90.2301%
    DEBUG: Radiation impact: 0.1000, Protection factor: 0.0000, Radiation accuracy: 78.4150, Preservation: 89.8657%
    DEBUG: Radiation impact: 0.1000, Protection factor: 0.0000, Radiation accuracy: 77.6953, Preservation: 90.0783%
    DEBUG: Radiation impact: 0.1000, Protection factor: 0.0000, Radiation accuracy: 77.5855, Preservation: 90.7204%
    DEBUG: Radiation impact: 0.1000, Protection factor: 0.0000, Radiation accuracy: 79.4705, Preservation: 91.0720%
    DEBUG: Radiation impact: 0.1000, Protection factor: 0.0000, Radiation accuracy: 77.7351, Preservation: 90.3633%
    DEBUG: Radiation impact: 0.1000, Protection factor: 0.0000, Radiation accuracy: 77.3575, Preservation: 89.5775%
    DEBUG: Radiation impact: 0.1000, Protection factor: 0.0000, Radiation accuracy: 76.9077, Preservation: 89.5810%
    DEBUG: Radiation impact: 0.1000, Protection factor: 0.0000, Radiation accuracy: 76.3600, Preservation: 89.3042%
    DEBUG: Radiation impact: 0.1000, Protection factor: 0.0000, Radiation accuracy: 78.1695, Preservation: 89.9586%
    DEBUG: Radiation impact: 0.1000, Protection factor: 0.0000, Radiation accuracy: 76.6926, Preservation: 89.3721%
    DEBUG: Radiation impact: 0.1000, Protection factor: 0.0000, Radiation accuracy: 79.1478, Preservation: 90.9491%
    DEBUG: Radiation impact: 0.1000, Protection factor: 0.0000, Radiation accuracy: 77.8804, Preservation: 90.8851%
Results: Baseline accuracy = 86.2924 ± 0.5740, Radiation accuracy = 77.6371 ± 0.8148, Preservation = 89.9693 ± 0.6745%
Results: Baseline accuracy = 86.29% ± 0.57%, Radiation accuracy = 77.64% ± 0.81%, Preservation = 89.97% ± 0.67%
Testing configuration:
Architecture: 2-64-256-512-2-
Dropout: 0.30
Residual: Yes
Protection: 5
    DEBUG: Radiation impact: 0.10, Protection factor: 0.90, Radiation accuracy: 85.64, Preservation: 98.40%
    DEBUG: Radiation impact: 0.10, Protection factor: 0.90, Radiation accuracy: 87.15, Preservation: 99.89%
    DEBUG: Radiation impact: 0.10, Protection factor: 0.90, Radiation accuracy: 87.00, Preservation: 99.36%
    DEBUG: Radiation impact: 0.10, Protection factor: 0.90, Radiation accuracy: 87.02, Preservation: 99.61%
    DEBUG: Radiation impact: 0.10, Protection factor: 0.90, Radiation accuracy: 85.87, Preservation: 99.24%
    DEBUG: Radiation impact: 0.10, Protection factor: 0.90, Radiation accuracy: 88.11, Preservation: 99.97%
    DEBUG: Radiation impact: 0.10, Protection factor: 0.90, Radiation accuracy: 85.44, Preservation: 98.06%
    DEBUG: Radiation impact: 0.10, Protection factor: 0.90, Radiation accuracy: 86.34, Preservation: 99.36%
    DEBUG: Radiation impact: 0.10, Protection factor: 0.90, Radiation accuracy: 85.86, Preservation: 98.30%
    DEBUG: Radiation impact: 0.10, Protection factor: 0.90, Radiation accuracy: 86.29, Preservation: 98.04%
    DEBUG: Radiation impact: 0.10, Protection factor: 0.90, Radiation accuracy: 87.46, Preservation: 98.89%
    DEBUG: Radiation impact: 0.10, Protection factor: 0.90, Radiation accuracy: 85.71, Preservation: 98.09%
    DEBUG: Radiation impact: 0.10, Protection factor: 0.90, Radiation accuracy: 88.31, Preservation: 100.00%
    DEBUG: Radiation impact: 0.10, Protection factor: 0.90, Radiation accuracy: 86.98, Preservation: 99.25%
    DEBUG: Radiation impact: 0.10, Protection factor: 0.90, Radiation accuracy: 85.39, Preservation: 97.90%
    DEBUG: Radiation impact: 0.10, Protection factor: 0.90, Radiation accuracy: 86.09, Preservation: 98.21%
    DEBUG: Radiation impact: 0.10, Protection factor: 0.90, Radiation accuracy: 86.19, Preservation: 99.60%
    DEBUG: Radiation impact: 0.10, Protection factor: 0.90, Radiation accuracy: 86.63, Preservation: 99.56%
    DEBUG: Radiation impact: 0.10, Protection factor: 0.90, Radiation accuracy: 86.23, Preservation: 99.35%
    DEBUG: Radiation impact: 0.10, Protection factor: 0.90, Radiation accuracy: 86.32, Preservation: 98.93%
    DEBUG: Radiation impact: 0.10, Protection factor: 0.90, Radiation accuracy: 85.52, Preservation: 98.85%
    DEBUG: Radiation impact: 0.10, Protection factor: 0.90, Radiation accuracy: 87.04, Preservation: 99.95%
    DEBUG: Radiation impact: 0.10, Protection factor: 0.90, Radiation accuracy: 85.39, Preservation: 98.45%
    DEBUG: Radiation impact: 0.10, Protection factor: 0.90, Radiation accuracy: 85.80, Preservation: 98.62%
    DEBUG: Radiation impact: 0.10, Protection factor: 0.90, Radiation accuracy: 86.25, Preservation: 98.91%
    DEBUG: Radiation impact: 0.10, Protection factor: 0.90, Radiation accuracy: 85.24, Preservation: 98.25%
    DEBUG: Radiation impact: 0.10, Protection factor: 0.90, Radiation accuracy: 87.88, Preservation: 99.42%
    DEBUG: Radiation impact: 0.10, Protection factor: 0.90, Radiation accuracy: 88.09, Preservation: 100.00%
    DEBUG: Radiation impact: 0.10, Protection factor: 0.90, Radiation accuracy: 86.22, Preservation: 99.31%
    DEBUG: Radiation impact: 0.10, Protection factor: 0.90, Radiation accuracy: 86.69, Preservation: 99.54%
    DEBUG: Radiation impact: 0.10, Protection factor: 0.90, Radiation accuracy: 85.84, Preservation: 99.13%
    DEBUG: Radiation impact: 0.10, Protection factor: 0.90, Radiation accuracy: 86.74, Preservation: 99.98%
    DEBUG: Radiation impact: 0.10, Protection factor: 0.90, Radiation accuracy: 86.78, Preservation: 99.78%
    DEBUG: Radiation impact: 0.10, Protection factor: 0.90, Radiation accuracy: 87.61, Preservation: 99.58%
    DEBUG: Radiation impact: 0.10, Protection factor: 0.90, Radiation accuracy: 87.71, Preservation: 99.89%
    DEBUG: Radiation impact: 0.10, Protection factor: 0.90, Radiation accuracy: 87.34, Preservation: 98.89%
    DEBUG: Radiation impact: 0.10, Protection factor: 0.90, Radiation accuracy: 86.01, Preservation: 98.51%
    DEBUG: Radiation impact: 0.10, Protection factor: 0.90, Radiation accuracy: 86.80, Preservation: 98.90%
    DEBUG: Radiation impact: 0.10, Protection factor: 0.90, Radiation accuracy: 85.79, Preservation: 99.08%
    DEBUG: Radiation impact: 0.10, Protection factor: 0.90, Radiation accuracy: 87.29, Preservation: 99.38%
    DEBUG: Radiation impact: 0.10, Protection factor: 0.90, Radiation accuracy: 86.82, Preservation: 99.77%
    DEBUG: Radiation impact: 0.10, Protection factor: 0.90, Radiation accuracy: 87.57, Preservation: 99.97%
    DEBUG: Radiation impact: 0.10, Protection factor: 0.90, Radiation accuracy: 86.44, Preservation: 99.35%
    DEBUG: Radiation impact: 0.10, Protection factor: 0.90, Radiation accuracy: 86.59, Preservation: 98.36%
    DEBUG: Radiation impact: 0.10, Protection factor: 0.90, Radiation accuracy: 85.22, Preservation: 98.00%
    DEBUG: Radiation impact: 0.10, Protection factor: 0.90, Radiation accuracy: 87.68, Preservation: 99.10%
    DEBUG: Radiation impact: 0.10, Protection factor: 0.90, Radiation accuracy: 87.03, Preservation: 98.38%
    DEBUG: Radiation impact: 0.10, Protection factor: 0.90, Radiation accuracy: 87.62, Preservation: 99.76%
    DEBUG: Radiation impact: 0.10, Protection factor: 0.90, Radiation accuracy: 86.39, Preservation: 99.18%
    DEBUG: Radiation impact: 0.10, Protection factor: 0.90, Radiation accuracy: 87.51, Preservation: 99.70%
Results: Baseline accuracy = 87.39 ± 0.58, Radiation accuracy = 86.62 ± 0.82, Preservation = 99.12 ± 0.63%
Results: Baseline accuracy = 87.39% ± 0.58%, Radiation accuracy = 86.62% ± 0.82%, Preservation = 99.12% ± 0.63%
Testing configuration:
Architecture: 2-512-256-256-2-
Dropout: 0.30
Residual: Yes
Protection: 5
    DEBUG: Radiation impact: 0.10, Protection factor: 0.90, Radiation accuracy: 86.84, Preservation: 99.27%
    DEBUG: Radiation impact: 0.10, Protection factor: 0.90, Radiation accuracy: 88.45, Preservation: 100.00%
    DEBUG: Radiation impact: 0.10, Protection factor: 0.90, Radiation accuracy: 86.75, Preservation: 99.19%
    DEBUG: Radiation impact: 0.10, Protection factor: 0.90, Radiation accuracy: 85.26, Preservation: 98.49%
    DEBUG: Radiation impact: 0.10, Protection factor: 0.90, Radiation accuracy: 87.42, Preservation: 99.15%
    DEBUG: Radiation impact: 0.10, Protection factor: 0.90, Radiation accuracy: 86.92, Preservation: 98.26%
    DEBUG: Radiation impact: 0.10, Protection factor: 0.90, Radiation accuracy: 86.53, Preservation: 99.97%
    DEBUG: Radiation impact: 0.10, Protection factor: 0.90, Radiation accuracy: 86.74, Preservation: 99.10%
    DEBUG: Radiation impact: 0.10, Protection factor: 0.90, Radiation accuracy: 85.65, Preservation: 98.04%
    DEBUG: Radiation impact: 0.10, Protection factor: 0.90, Radiation accuracy: 86.78, Preservation: 98.86%
    DEBUG: Radiation impact: 0.10, Protection factor: 0.90, Radiation accuracy: 87.75, Preservation: 99.90%
    DEBUG: Radiation impact: 0.10, Protection factor: 0.90, Radiation accuracy: 85.91, Preservation: 97.98%
    DEBUG: Radiation impact: 0.10, Protection factor: 0.90, Radiation accuracy: 85.40, Preservation: 98.16%
    DEBUG: Radiation impact: 0.10, Protection factor: 0.90, Radiation accuracy: 87.46, Preservation: 99.41%
    DEBUG: Radiation impact: 0.10, Protection factor: 0.90, Radiation accuracy: 87.95, Preservation: 99.72%
    DEBUG: Radiation impact: 0.10, Protection factor: 0.90, Radiation accuracy: 87.02, Preservation: 99.41%
    DEBUG: Radiation impact: 0.10, Protection factor: 0.90, Radiation accuracy: 86.88, Preservation: 99.17%
    DEBUG: Radiation impact: 0.10, Protection factor: 0.90, Radiation accuracy: 87.04, Preservation: 98.54%
    DEBUG: Radiation impact: 0.10, Protection factor: 0.90, Radiation accuracy: 87.55, Preservation: 99.83%
    DEBUG: Radiation impact: 0.10, Protection factor: 0.90, Radiation accuracy: 85.25, Preservation: 98.51%
    DEBUG: Radiation impact: 0.10, Protection factor: 0.90, Radiation accuracy: 86.61, Preservation: 98.41%
    DEBUG: Radiation impact: 0.10, Protection factor: 0.90, Radiation accuracy: 86.71, Preservation: 99.77%
    DEBUG: Radiation impact: 0.10, Protection factor: 0.90, Radiation accuracy: 88.27, Preservation: 99.79%
    DEBUG: Radiation impact: 0.10, Protection factor: 0.90, Radiation accuracy: 85.63, Preservation: 98.52%
    DEBUG: Radiation impact: 0.10, Protection factor: 0.90, Radiation accuracy: 85.35, Preservation: 98.27%
    DEBUG: Radiation impact: 0.10, Protection factor: 0.90, Radiation accuracy: 87.28, Preservation: 99.68%
    DEBUG: Radiation impact: 0.10, Protection factor: 0.90, Radiation accuracy: 87.83, Preservation: 99.71%
    DEBUG: Radiation impact: 0.10, Protection factor: 0.90, Radiation accuracy: 87.16, Preservation: 98.71%
    DEBUG: Radiation impact: 0.10, Protection factor: 0.90, Radiation accuracy: 86.29, Preservation: 98.08%
    DEBUG: Radiation impact: 0.10, Protection factor: 0.90, Radiation accuracy: 85.53, Preservation: 98.19%
    DEBUG: Radiation impact: 0.10, Protection factor: 0.90, Radiation accuracy: 86.13, Preservation: 98.11%
    DEBUG: Radiation impact: 0.10, Protection factor: 0.90, Radiation accuracy: 87.31, Preservation: 100.00%
    DEBUG: Radiation impact: 0.10, Protection factor: 0.90, Radiation accuracy: 85.06, Preservation: 98.01%
    DEBUG: Radiation impact: 0.10, Protection factor: 0.90, Radiation accuracy: 85.08, Preservation: 98.27%
    DEBUG: Radiation impact: 0.10, Protection factor: 0.90, Radiation accuracy: 86.95, Preservation: 99.71%
    DEBUG: Radiation impact: 0.10, Protection factor: 0.90, Radiation accuracy: 85.87, Preservation: 99.13%
    DEBUG: Radiation impact: 0.10, Protection factor: 0.90, Radiation accuracy: 87.16, Preservation: 99.03%
    DEBUG: Radiation impact: 0.10, Protection factor: 0.90, Radiation accuracy: 86.45, Preservation: 99.19%
    DEBUG: Radiation impact: 0.10, Protection factor: 0.90, Radiation accuracy: 86.75, Preservation: 99.90%
    DEBUG: Radiation impact: 0.10, Protection factor: 0.90, Radiation accuracy: 86.69, Preservation: 97.93%
    DEBUG: Radiation impact: 0.10, Protection factor: 0.90, Radiation accuracy: 87.79, Preservation: 99.48%
    DEBUG: Radiation impact: 0.10, Protection factor: 0.90, Radiation accuracy: 85.22, Preservation: 98.05%
    DEBUG: Radiation impact: 0.10, Protection factor: 0.90, Radiation accuracy: 87.57, Preservation: 99.73%
    DEBUG: Radiation impact: 0.10, Protection factor: 0.90, Radiation accuracy: 86.41, Preservation: 98.08%
    DEBUG: Radiation impact: 0.10, Protection factor: 0.90, Radiation accuracy: 86.78, Preservation: 98.07%
    DEBUG: Radiation impact: 0.10, Protection factor: 0.90, Radiation accuracy: 88.05, Preservation: 99.97%
    DEBUG: Radiation impact: 0.10, Protection factor: 0.90, Radiation accuracy: 86.74, Preservation: 98.28%
    DEBUG: Radiation impact: 0.10, Protection factor: 0.90, Radiation accuracy: 85.30, Preservation: 98.40%
    DEBUG: Radiation impact: 0.10, Protection factor: 0.90, Radiation accuracy: 86.20, Preservation: 98.54%
    DEBUG: Radiation impact: 0.10, Protection factor: 0.90, Radiation accuracy: 85.94, Preservation: 98.71%
Results: Baseline accuracy = 87.57 ± 0.61, Radiation accuracy = 86.63 ± 0.89, Preservation = 98.93 ± 0.70%
Results: Baseline accuracy = 87.57% ± 0.61%, Radiation accuracy = 86.63% ± 0.89%, Preservation = 98.93% ± 0.70%
Testing configuration:
Architecture: 2-64-256-256-2-
Dropout: 0.30
Residual: No
Protection: 0
    DEBUG: Radiation impact: 0.10, Protection factor: 0.00, Radiation accuracy: 76.28, Preservation: 89.70%
    DEBUG: Radiation impact: 0.10, Protection factor: 0.00, Radiation accuracy: 77.18, Preservation: 90.31%
    DEBUG: Radiation impact: 0.10, Protection factor: 0.00, Radiation accuracy: 77.55, Preservation: 90.29%
    DEBUG: Radiation impact: 0.10, Protection factor: 0.00, Radiation accuracy: 76.33, Preservation: 89.87%
    DEBUG: Radiation impact: 0.10, Protection factor: 0.00, Radiation accuracy: 76.86, Preservation: 89.86%
    DEBUG: Radiation impact: 0.10, Protection factor: 0.00, Radiation accuracy: 76.11, Preservation: 90.15%
    DEBUG: Radiation impact: 0.10, Protection factor: 0.00, Radiation accuracy: 77.05, Preservation: 90.57%
    DEBUG: Radiation impact: 0.10, Protection factor: 0.00, Radiation accuracy: 77.46, Preservation: 90.87%
    DEBUG: Radiation impact: 0.10, Protection factor: 0.00, Radiation accuracy: 78.38, Preservation: 91.04%
    DEBUG: Radiation impact: 0.10, Protection factor: 0.00, Radiation accuracy: 76.16, Preservation: 89.06%
    DEBUG: Radiation impact: 0.10, Protection factor: 0.00, Radiation accuracy: 77.45, Preservation: 91.05%
    DEBUG: Radiation impact: 0.10, Protection factor: 0.00, Radiation accuracy: 76.94, Preservation: 89.18%
    DEBUG: Radiation impact: 0.10, Protection factor: 0.00, Radiation accuracy: 77.55, Preservation: 90.48%
    DEBUG: Radiation impact: 0.10, Protection factor: 0.00, Radiation accuracy: 75.40, Preservation: 89.31%
    DEBUG: Radiation impact: 0.10, Protection factor: 0.00, Radiation accuracy: 76.84, Preservation: 89.17%
    DEBUG: Radiation impact: 0.10, Protection factor: 0.00, Radiation accuracy: 76.14, Preservation: 90.05%
    DEBUG: Radiation impact: 0.10, Protection factor: 0.00, Radiation accuracy: 76.36, Preservation: 89.14%
    DEBUG: Radiation impact: 0.10, Protection factor: 0.00, Radiation accuracy: 76.98, Preservation: 89.15%
    DEBUG: Radiation impact: 0.10, Protection factor: 0.00, Radiation accuracy: 76.47, Preservation: 89.00%
    DEBUG: Radiation impact: 0.10, Protection factor: 0.00, Radiation accuracy: 76.61, Preservation: 89.81%
    DEBUG: Radiation impact: 0.10, Protection factor: 0.00, Radiation accuracy: 77.23, Preservation: 90.01%
    DEBUG: Radiation impact: 0.10, Protection factor: 0.00, Radiation accuracy: 77.02, Preservation: 89.16%
    DEBUG: Radiation impact: 0.10, Protection factor: 0.00, Radiation accuracy: 76.94, Preservation: 89.50%
    DEBUG: Radiation impact: 0.10, Protection factor: 0.00, Radiation accuracy: 76.80, Preservation: 89.79%
    DEBUG: Radiation impact: 0.10, Protection factor: 0.00, Radiation accuracy: 76.54, Preservation: 89.68%
    DEBUG: Radiation impact: 0.10, Protection factor: 0.00, Radiation accuracy: 76.09, Preservation: 88.97%
    DEBUG: Radiation impact: 0.10, Protection factor: 0.00, Radiation accuracy: 77.18, Preservation: 90.23%
    DEBUG: Radiation impact: 0.10, Protection factor: 0.00, Radiation accuracy: 77.96, Preservation: 90.68%
    DEBUG: Radiation impact: 0.10, Protection factor: 0.00, Radiation accuracy: 77.52, Preservation: 90.45%
    DEBUG: Radiation impact: 0.10, Protection factor: 0.00, Radiation accuracy: 75.27, Preservation: 88.88%
    DEBUG: Radiation impact: 0.10, Protection factor: 0.00, Radiation accuracy: 76.66, Preservation: 89.30%
    DEBUG: Radiation impact: 0.10, Protection factor: 0.00, Radiation accuracy: 77.40, Preservation: 90.41%
    DEBUG: Radiation impact: 0.10, Protection factor: 0.00, Radiation accuracy: 77.05, Preservation: 90.74%
    DEBUG: Radiation impact: 0.10, Protection factor: 0.00, Radiation accuracy: 77.04, Preservation: 90.92%
    DEBUG: Radiation impact: 0.10, Protection factor: 0.00, Radiation accuracy: 76.17, Preservation: 90.19%
    DEBUG: Radiation impact: 0.10, Protection factor: 0.00, Radiation accuracy: 77.69, Preservation: 90.94%
    DEBUG: Radiation impact: 0.10, Protection factor: 0.00, Radiation accuracy: 77.79, Preservation: 90.14%
    DEBUG: Radiation impact: 0.10, Protection factor: 0.00, Radiation accuracy: 77.67, Preservation: 90.46%
    DEBUG: Radiation impact: 0.10, Protection factor: 0.00, Radiation accuracy: 77.45, Preservation: 90.78%
    DEBUG: Radiation impact: 0.10, Protection factor: 0.00, Radiation accuracy: 76.18, Preservation: 89.45%
    DEBUG: Radiation impact: 0.10, Protection factor: 0.00, Radiation accuracy: 76.82, Preservation: 89.22%
    DEBUG: Radiation impact: 0.10, Protection factor: 0.00, Radiation accuracy: 76.19, Preservation: 90.26%
    DEBUG: Radiation impact: 0.10, Protection factor: 0.00, Radiation accuracy: 77.10, Preservation: 89.85%
    DEBUG: Radiation impact: 0.10, Protection factor: 0.00, Radiation accuracy: 76.97, Preservation: 89.74%
    DEBUG: Radiation impact: 0.10, Protection factor: 0.00, Radiation accuracy: 75.69, Preservation: 89.62%
    DEBUG: Radiation impact: 0.10, Protection factor: 0.00, Radiation accuracy: 77.64, Preservation: 91.00%
    DEBUG: Radiation impact: 0.10, Protection factor: 0.00, Radiation accuracy: 77.02, Preservation: 89.22%
    DEBUG: Radiation impact: 0.10, Protection factor: 0.00, Radiation accuracy: 78.45, Preservation: 90.91%
    DEBUG: Radiation impact: 0.10, Protection factor: 0.00, Radiation accuracy: 75.66, Preservation: 89.63%
    DEBUG: Radiation impact: 0.10, Protection factor: 0.00, Radiation accuracy: 77.82, Preservation: 90.68%
Results: Baseline accuracy = 85.47 ± 0.59, Radiation accuracy = 76.90 ± 0.71, Preservation = 89.98 ± 0.65%
Results: Baseline accuracy = 85.47% ± 0.59%, Radiation accuracy = 76.90% ± 0.71%, Preservation = 89.98% ± 0.65%
Testing configuration:
Architecture: 2-64-256-256-2-
Dropout: 0.30
Residual: Yes
Protection: 4
    DEBUG: Radiation impact: 0.10, Protection factor: 0.85, Radiation accuracy: 87.49, Preservation: 99.31%
    DEBUG: Radiation impact: 0.10, Protection factor: 0.85, Radiation accuracy: 85.79, Preservation: 97.41%
    DEBUG: Radiation impact: 0.10, Protection factor: 0.85, Radiation accuracy: 87.18, Preservation: 98.93%
    DEBUG: Radiation impact: 0.10, Protection factor: 0.85, Radiation accuracy: 86.41, Preservation: 99.52%
    DEBUG: Radiation impact: 0.10, Protection factor: 0.85, Radiation accuracy: 85.06, Preservation: 98.39%
    DEBUG: Radiation impact: 0.10, Protection factor: 0.85, Radiation accuracy: 86.99, Preservation: 98.47%
    DEBUG: Radiation impact: 0.10, Protection factor: 0.85, Radiation accuracy: 87.12, Preservation: 99.52%
    DEBUG: Radiation impact: 0.10, Protection factor: 0.85, Radiation accuracy: 87.46, Preservation: 99.16%
    DEBUG: Radiation impact: 0.10, Protection factor: 0.85, Radiation accuracy: 86.65, Preservation: 98.65%
    DEBUG: Radiation impact: 0.10, Protection factor: 0.85, Radiation accuracy: 87.37, Preservation: 99.21%
    DEBUG: Radiation impact: 0.10, Protection factor: 0.85, Radiation accuracy: 86.07, Preservation: 98.11%
    DEBUG: Radiation impact: 0.10, Protection factor: 0.85, Radiation accuracy: 85.89, Preservation: 99.21%
    DEBUG: Radiation impact: 0.10, Protection factor: 0.85, Radiation accuracy: 86.07, Preservation: 97.77%
    DEBUG: Radiation impact: 0.10, Protection factor: 0.85, Radiation accuracy: 87.43, Preservation: 99.00%
    DEBUG: Radiation impact: 0.10, Protection factor: 0.85, Radiation accuracy: 85.14, Preservation: 97.90%
    DEBUG: Radiation impact: 0.10, Protection factor: 0.85, Radiation accuracy: 87.23, Preservation: 98.88%
    DEBUG: Radiation impact: 0.10, Protection factor: 0.85, Radiation accuracy: 85.38, Preservation: 97.50%
    DEBUG: Radiation impact: 0.10, Protection factor: 0.85, Radiation accuracy: 85.03, Preservation: 97.78%
    DEBUG: Radiation impact: 0.10, Protection factor: 0.85, Radiation accuracy: 84.54, Preservation: 97.57%
    DEBUG: Radiation impact: 0.10, Protection factor: 0.85, Radiation accuracy: 84.91, Preservation: 98.25%
    DEBUG: Radiation impact: 0.10, Protection factor: 0.85, Radiation accuracy: 86.65, Preservation: 99.19%
    DEBUG: Radiation impact: 0.10, Protection factor: 0.85, Radiation accuracy: 85.71, Preservation: 97.88%
    DEBUG: Radiation impact: 0.10, Protection factor: 0.85, Radiation accuracy: 85.75, Preservation: 97.70%
    DEBUG: Radiation impact: 0.10, Protection factor: 0.85, Radiation accuracy: 87.11, Preservation: 99.00%
    DEBUG: Radiation impact: 0.10, Protection factor: 0.85, Radiation accuracy: 85.01, Preservation: 97.48%
    DEBUG: Radiation impact: 0.10, Protection factor: 0.85, Radiation accuracy: 86.24, Preservation: 98.19%
    DEBUG: Radiation impact: 0.10, Protection factor: 0.85, Radiation accuracy: 85.53, Preservation: 98.90%
    DEBUG: Radiation impact: 0.10, Protection factor: 0.85, Radiation accuracy: 85.73, Preservation: 98.17%
    DEBUG: Radiation impact: 0.10, Protection factor: 0.85, Radiation accuracy: 86.73, Preservation: 98.54%
    DEBUG: Radiation impact: 0.10, Protection factor: 0.85, Radiation accuracy: 86.87, Preservation: 99.38%
    DEBUG: Radiation impact: 0.10, Protection factor: 0.85, Radiation accuracy: 87.49, Preservation: 99.23%
    DEBUG: Radiation impact: 0.10, Protection factor: 0.85, Radiation accuracy: 85.58, Preservation: 98.89%
    DEBUG: Radiation impact: 0.10, Protection factor: 0.85, Radiation accuracy: 86.97, Preservation: 99.02%
    DEBUG: Radiation impact: 0.10, Protection factor: 0.85, Radiation accuracy: 86.12, Preservation: 98.34%
    DEBUG: Radiation impact: 0.10, Protection factor: 0.85, Radiation accuracy: 87.17, Preservation: 99.58%
    DEBUG: Radiation impact: 0.10, Protection factor: 0.85, Radiation accuracy: 86.12, Preservation: 97.97%
    DEBUG: Radiation impact: 0.10, Protection factor: 0.85, Radiation accuracy: 85.68, Preservation: 98.24%
    DEBUG: Radiation impact: 0.10, Protection factor: 0.85, Radiation accuracy: 85.29, Preservation: 97.75%
    DEBUG: Radiation impact: 0.10, Protection factor: 0.85, Radiation accuracy: 87.08, Preservation: 99.62%
    DEBUG: Radiation impact: 0.10, Protection factor: 0.85, Radiation accuracy: 86.13, Preservation: 98.79%
    DEBUG: Radiation impact: 0.10, Protection factor: 0.85, Radiation accuracy: 86.72, Preservation: 99.58%
    DEBUG: Radiation impact: 0.10, Protection factor: 0.85, Radiation accuracy: 87.37, Preservation: 99.61%
    DEBUG: Radiation impact: 0.10, Protection factor: 0.85, Radiation accuracy: 87.66, Preservation: 99.32%
    DEBUG: Radiation impact: 0.10, Protection factor: 0.85, Radiation accuracy: 87.00, Preservation: 99.55%
    DEBUG: Radiation impact: 0.10, Protection factor: 0.85, Radiation accuracy: 86.40, Preservation: 98.20%
    DEBUG: Radiation impact: 0.10, Protection factor: 0.85, Radiation accuracy: 87.71, Preservation: 99.47%
    DEBUG: Radiation impact: 0.10, Protection factor: 0.85, Radiation accuracy: 85.14, Preservation: 97.73%
    DEBUG: Radiation impact: 0.10, Protection factor: 0.85, Radiation accuracy: 86.63, Preservation: 99.61%
    DEBUG: Radiation impact: 0.10, Protection factor: 0.85, Radiation accuracy: 85.16, Preservation: 98.19%
    DEBUG: Radiation impact: 0.10, Protection factor: 0.85, Radiation accuracy: 85.06, Preservation: 97.50%
Results: Baseline accuracy = 87.50 ± 0.56, Radiation accuracy = 86.30 ± 0.88, Preservation = 98.62 ± 0.71%
Results: Baseline accuracy = 87.50% ± 0.56%, Radiation accuracy = 86.30% ± 0.88%, Preservation = 98.62% ± 0.71%
Testing configuration:
Architecture: 2-128-256-256-2-
Dropout: 0.30
Residual: No
Protection: 2
    DEBUG: Radiation impact: 0.10, Protection factor: 0.60, Radiation accuracy: 82.61, Preservation: 96.32%
    DEBUG: Radiation impact: 0.10, Protection factor: 0.60, Radiation accuracy: 81.64, Preservation: 95.88%
    DEBUG: Radiation impact: 0.10, Protection factor: 0.60, Radiation accuracy: 82.14, Preservation: 95.28%
    DEBUG: Radiation impact: 0.10, Protection factor: 0.60, Radiation accuracy: 81.73, Preservation: 96.37%
    DEBUG: Radiation impact: 0.10, Protection factor: 0.60, Radiation accuracy: 83.09, Preservation: 96.18%
    DEBUG: Radiation impact: 0.10, Protection factor: 0.60, Radiation accuracy: 81.16, Preservation: 95.99%
    DEBUG: Radiation impact: 0.10, Protection factor: 0.60, Radiation accuracy: 81.85, Preservation: 96.65%
    DEBUG: Radiation impact: 0.10, Protection factor: 0.60, Radiation accuracy: 83.29, Preservation: 96.38%
    DEBUG: Radiation impact: 0.10, Protection factor: 0.60, Radiation accuracy: 82.33, Preservation: 96.59%
    DEBUG: Radiation impact: 0.10, Protection factor: 0.60, Radiation accuracy: 81.75, Preservation: 95.29%
    DEBUG: Radiation impact: 0.10, Protection factor: 0.60, Radiation accuracy: 82.22, Preservation: 95.25%
    DEBUG: Radiation impact: 0.10, Protection factor: 0.60, Radiation accuracy: 82.87, Preservation: 96.43%
    DEBUG: Radiation impact: 0.10, Protection factor: 0.60, Radiation accuracy: 82.35, Preservation: 96.56%
    DEBUG: Radiation impact: 0.10, Protection factor: 0.60, Radiation accuracy: 82.51, Preservation: 96.56%
    DEBUG: Radiation impact: 0.10, Protection factor: 0.60, Radiation accuracy: 82.90, Preservation: 96.95%
    DEBUG: Radiation impact: 0.10, Protection factor: 0.60, Radiation accuracy: 83.33, Preservation: 96.65%
    DEBUG: Radiation impact: 0.10, Protection factor: 0.60, Radiation accuracy: 82.25, Preservation: 95.64%
    DEBUG: Radiation impact: 0.10, Protection factor: 0.60, Radiation accuracy: 81.74, Preservation: 95.75%
    DEBUG: Radiation impact: 0.10, Protection factor: 0.60, Radiation accuracy: 81.86, Preservation: 95.68%
    DEBUG: Radiation impact: 0.10, Protection factor: 0.60, Radiation accuracy: 80.72, Preservation: 94.84%
    DEBUG: Radiation impact: 0.10, Protection factor: 0.60, Radiation accuracy: 81.87, Preservation: 96.05%
    DEBUG: Radiation impact: 0.10, Protection factor: 0.60, Radiation accuracy: 82.79, Preservation: 96.97%
    DEBUG: Radiation impact: 0.10, Protection factor: 0.60, Radiation accuracy: 82.81, Preservation: 96.27%
    DEBUG: Radiation impact: 0.10, Protection factor: 0.60, Radiation accuracy: 82.45, Preservation: 96.74%
    DEBUG: Radiation impact: 0.10, Protection factor: 0.60, Radiation accuracy: 82.67, Preservation: 96.08%
    DEBUG: Radiation impact: 0.10, Protection factor: 0.60, Radiation accuracy: 82.72, Preservation: 96.39%
    DEBUG: Radiation impact: 0.10, Protection factor: 0.60, Radiation accuracy: 82.21, Preservation: 96.81%
    DEBUG: Radiation impact: 0.10, Protection factor: 0.60, Radiation accuracy: 82.29, Preservation: 95.93%
    DEBUG: Radiation impact: 0.10, Protection factor: 0.60, Radiation accuracy: 82.59, Preservation: 95.73%
    DEBUG: Radiation impact: 0.10, Protection factor: 0.60, Radiation accuracy: 83.60, Preservation: 97.10%
    DEBUG: Radiation impact: 0.10, Protection factor: 0.60, Radiation accuracy: 81.60, Preservation: 95.59%
    DEBUG: Radiation impact: 0.10, Protection factor: 0.60, Radiation accuracy: 81.94, Preservation: 97.01%
    DEBUG: Radiation impact: 0.10, Protection factor: 0.60, Radiation accuracy: 82.22, Preservation: 95.73%
    DEBUG: Radiation impact: 0.10, Protection factor: 0.60, Radiation accuracy: 83.03, Preservation: 97.01%
    DEBUG: Radiation impact: 0.10, Protection factor: 0.60, Radiation accuracy: 81.07, Preservation: 95.55%
    DEBUG: Radiation impact: 0.10, Protection factor: 0.60, Radiation accuracy: 82.91, Preservation: 95.97%
    DEBUG: Radiation impact: 0.10, Protection factor: 0.60, Radiation accuracy: 82.61, Preservation: 95.71%
    DEBUG: Radiation impact: 0.10, Protection factor: 0.60, Radiation accuracy: 81.58, Preservation: 96.58%
    DEBUG: Radiation impact: 0.10, Protection factor: 0.60, Radiation accuracy: 81.91, Preservation: 95.14%
    DEBUG: Radiation impact: 0.10, Protection factor: 0.60, Radiation accuracy: 82.45, Preservation: 96.99%
    DEBUG: Radiation impact: 0.10, Protection factor: 0.60, Radiation accuracy: 82.07, Preservation: 96.15%
    DEBUG: Radiation impact: 0.10, Protection factor: 0.60, Radiation accuracy: 83.37, Preservation: 96.50%
    DEBUG: Radiation impact: 0.10, Protection factor: 0.60, Radiation accuracy: 81.33, Preservation: 95.58%
    DEBUG: Radiation impact: 0.10, Protection factor: 0.60, Radiation accuracy: 82.83, Preservation: 96.50%
    DEBUG: Radiation impact: 0.10, Protection factor: 0.60, Radiation accuracy: 81.95, Preservation: 95.02%
    DEBUG: Radiation impact: 0.10, Protection factor: 0.60, Radiation accuracy: 81.16, Preservation: 95.93%
    DEBUG: Radiation impact: 0.10, Protection factor: 0.60, Radiation accuracy: 80.79, Preservation: 95.15%
    DEBUG: Radiation impact: 0.10, Protection factor: 0.60, Radiation accuracy: 83.23, Preservation: 96.60%
    DEBUG: Radiation impact: 0.10, Protection factor: 0.60, Radiation accuracy: 81.76, Preservation: 96.53%
    DEBUG: Radiation impact: 0.10, Protection factor: 0.60, Radiation accuracy: 82.40, Preservation: 97.04%
Results: Baseline accuracy = 85.54 ± 0.59, Radiation accuracy = 82.25 ± 0.68, Preservation = 96.15 ± 0.60%
Results: Baseline accuracy = 85.54% ± 0.59%, Radiation accuracy = 82.25% ± 0.68%, Preservation = 96.15% ± 0.60%
Testing configuration:
Architecture: 2-64-128-256-2-
Dropout: 0.30
Residual: Yes
Protection: 5
    DEBUG: Radiation impact: 0.10, Protection factor: 0.90, Radiation accuracy: 87.38, Preservation: 99.54%
    DEBUG: Radiation impact: 0.10, Protection factor: 0.90, Radiation accuracy: 86.76, Preservation: 99.70%
    DEBUG: Radiation impact: 0.10, Protection factor: 0.90, Radiation accuracy: 86.41, Preservation: 98.83%
    DEBUG: Radiation impact: 0.10, Protection factor: 0.90, Radiation accuracy: 86.61, Preservation: 98.25%
    DEBUG: Radiation impact: 0.10, Protection factor: 0.90, Radiation accuracy: 87.76, Preservation: 100.00%
    DEBUG: Radiation impact: 0.10, Protection factor: 0.90, Radiation accuracy: 86.18, Preservation: 98.35%
    DEBUG: Radiation impact: 0.10, Protection factor: 0.90, Radiation accuracy: 87.40, Preservation: 99.44%
    DEBUG: Radiation impact: 0.10, Protection factor: 0.90, Radiation accuracy: 87.47, Preservation: 99.92%
    DEBUG: Radiation impact: 0.10, Protection factor: 0.90, Radiation accuracy: 86.76, Preservation: 99.03%
    DEBUG: Radiation impact: 0.10, Protection factor: 0.90, Radiation accuracy: 86.20, Preservation: 98.35%
    DEBUG: Radiation impact: 0.10, Protection factor: 0.90, Radiation accuracy: 86.56, Preservation: 98.77%
    DEBUG: Radiation impact: 0.10, Protection factor: 0.90, Radiation accuracy: 86.76, Preservation: 99.74%
    DEBUG: Radiation impact: 0.10, Protection factor: 0.90, Radiation accuracy: 86.11, Preservation: 99.14%
    DEBUG: Radiation impact: 0.10, Protection factor: 0.90, Radiation accuracy: 87.07, Preservation: 98.91%
    DEBUG: Radiation impact: 0.10, Protection factor: 0.90, Radiation accuracy: 85.16, Preservation: 97.89%
    DEBUG: Radiation impact: 0.10, Protection factor: 0.90, Radiation accuracy: 85.81, Preservation: 98.66%
    DEBUG: Radiation impact: 0.10, Protection factor: 0.90, Radiation accuracy: 87.55, Preservation: 99.64%
    DEBUG: Radiation impact: 0.10, Protection factor: 0.90, Radiation accuracy: 86.58, Preservation: 99.16%
    DEBUG: Radiation impact: 0.10, Protection factor: 0.90, Radiation accuracy: 86.28, Preservation: 99.55%
    DEBUG: Radiation impact: 0.10, Protection factor: 0.90, Radiation accuracy: 85.70, Preservation: 98.82%
    DEBUG: Radiation impact: 0.10, Protection factor: 0.90, Radiation accuracy: 87.72, Preservation: 100.00%
    DEBUG: Radiation impact: 0.10, Protection factor: 0.90, Radiation accuracy: 85.80, Preservation: 98.35%
    DEBUG: Radiation impact: 0.10, Protection factor: 0.90, Radiation accuracy: 85.09, Preservation: 98.10%
    DEBUG: Radiation impact: 0.10, Protection factor: 0.90, Radiation accuracy: 87.82, Preservation: 99.50%
    DEBUG: Radiation impact: 0.10, Protection factor: 0.90, Radiation accuracy: 86.60, Preservation: 98.36%
    DEBUG: Radiation impact: 0.10, Protection factor: 0.90, Radiation accuracy: 86.34, Preservation: 99.87%
    DEBUG: Radiation impact: 0.10, Protection factor: 0.90, Radiation accuracy: 87.00, Preservation: 99.76%
    DEBUG: Radiation impact: 0.10, Protection factor: 0.90, Radiation accuracy: 86.14, Preservation: 99.02%
    DEBUG: Radiation impact: 0.10, Protection factor: 0.90, Radiation accuracy: 87.35, Preservation: 100.00%
    DEBUG: Radiation impact: 0.10, Protection factor: 0.90, Radiation accuracy: 86.31, Preservation: 97.96%
    DEBUG: Radiation impact: 0.10, Protection factor: 0.90, Radiation accuracy: 87.12, Preservation: 99.41%
    DEBUG: Radiation impact: 0.10, Protection factor: 0.90, Radiation accuracy: 87.32, Preservation: 100.00%
    DEBUG: Radiation impact: 0.10, Protection factor: 0.90, Radiation accuracy: 86.55, Preservation: 98.44%
    DEBUG: Radiation impact: 0.10, Protection factor: 0.90, Radiation accuracy: 87.44, Preservation: 99.75%
    DEBUG: Radiation impact: 0.10, Protection factor: 0.90, Radiation accuracy: 87.32, Preservation: 100.00%
    DEBUG: Radiation impact: 0.10, Protection factor: 0.90, Radiation accuracy: 86.84, Preservation: 99.97%
    DEBUG: Radiation impact: 0.10, Protection factor: 0.90, Radiation accuracy: 86.34, Preservation: 98.84%
    DEBUG: Radiation impact: 0.10, Protection factor: 0.90, Radiation accuracy: 84.85, Preservation: 98.19%
    DEBUG: Radiation impact: 0.10, Protection factor: 0.90, Radiation accuracy: 85.45, Preservation: 98.60%
    DEBUG: Radiation impact: 0.10, Protection factor: 0.90, Radiation accuracy: 84.87, Preservation: 98.13%
    DEBUG: Radiation impact: 0.10, Protection factor: 0.90, Radiation accuracy: 87.18, Preservation: 99.05%
    DEBUG: Radiation impact: 0.10, Protection factor: 0.90, Radiation accuracy: 86.43, Preservation: 99.12%
    DEBUG: Radiation impact: 0.10, Protection factor: 0.90, Radiation accuracy: 87.43, Preservation: 99.98%
    DEBUG: Radiation impact: 0.10, Protection factor: 0.90, Radiation accuracy: 86.97, Preservation: 98.71%
    DEBUG: Radiation impact: 0.10, Protection factor: 0.90, Radiation accuracy: 86.49, Preservation: 98.96%
    DEBUG: Radiation impact: 0.10, Protection factor: 0.90, Radiation accuracy: 86.30, Preservation: 99.67%
    DEBUG: Radiation impact: 0.10, Protection factor: 0.90, Radiation accuracy: 86.73, Preservation: 98.63%
    DEBUG: Radiation impact: 0.10, Protection factor: 0.90, Radiation accuracy: 86.24, Preservation: 99.91%
    DEBUG: Radiation impact: 0.10, Protection factor: 0.90, Radiation accuracy: 85.45, Preservation: 98.62%
    DEBUG: Radiation impact: 0.10, Protection factor: 0.90, Radiation accuracy: 85.74, Preservation: 98.64%
Results: Baseline accuracy = 87.34 ± 0.53, Radiation accuracy = 86.55 ± 0.75, Preservation = 99.10 ± 0.65%
Results: Baseline accuracy = 87.34% ± 0.53%, Radiation accuracy = 86.55% ± 0.75%, Preservation = 99.10% ± 0.65%
Testing configuration:
Architecture: 2-64-256-256-2-
Dropout: 0.40
Residual: No
Protection: 2
    DEBUG: Radiation impact: 0.10, Protection factor: 0.60, Radiation accuracy: 80.95, Preservation: 96.01%
    DEBUG: Radiation impact: 0.10, Protection factor: 0.60, Radiation accuracy: 80.90, Preservation: 95.51%
    DEBUG: Radiation impact: 0.10, Protection factor: 0.60, Radiation accuracy: 81.18, Preservation: 96.63%
    DEBUG: Radiation impact: 0.10, Protection factor: 0.60, Radiation accuracy: 80.35, Preservation: 96.13%
    DEBUG: Radiation impact: 0.10, Protection factor: 0.60, Radiation accuracy: 82.22, Preservation: 96.35%
    DEBUG: Radiation impact: 0.10, Protection factor: 0.60, Radiation accuracy: 80.39, Preservation: 94.85%
    DEBUG: Radiation impact: 0.10, Protection factor: 0.60, Radiation accuracy: 81.64, Preservation: 95.75%
    DEBUG: Radiation impact: 0.10, Protection factor: 0.60, Radiation accuracy: 82.28, Preservation: 96.74%
    DEBUG: Radiation impact: 0.10, Protection factor: 0.60, Radiation accuracy: 82.76, Preservation: 97.10%
    DEBUG: Radiation impact: 0.10, Protection factor: 0.60, Radiation accuracy: 79.93, Preservation: 95.39%
    DEBUG: Radiation impact: 0.10, Protection factor: 0.60, Radiation accuracy: 80.47, Preservation: 96.35%
    DEBUG: Radiation impact: 0.10, Protection factor: 0.60, Radiation accuracy: 80.95, Preservation: 95.91%
    DEBUG: Radiation impact: 0.10, Protection factor: 0.60, Radiation accuracy: 80.69, Preservation: 95.44%
    DEBUG: Radiation impact: 0.10, Protection factor: 0.60, Radiation accuracy: 79.34, Preservation: 94.84%
    DEBUG: Radiation impact: 0.10, Protection factor: 0.60, Radiation accuracy: 79.95, Preservation: 95.64%
    DEBUG: Radiation impact: 0.10, Protection factor: 0.60, Radiation accuracy: 80.10, Preservation: 95.67%
    DEBUG: Radiation impact: 0.10, Protection factor: 0.60, Radiation accuracy: 80.37, Preservation: 95.70%
    DEBUG: Radiation impact: 0.10, Protection factor: 0.60, Radiation accuracy: 80.24, Preservation: 95.10%
    DEBUG: Radiation impact: 0.10, Protection factor: 0.60, Radiation accuracy: 80.42, Preservation: 95.17%
    DEBUG: Radiation impact: 0.10, Protection factor: 0.60, Radiation accuracy: 79.46, Preservation: 95.16%
    DEBUG: Radiation impact: 0.10, Protection factor: 0.60, Radiation accuracy: 81.09, Preservation: 96.91%
    DEBUG: Radiation impact: 0.10, Protection factor: 0.60, Radiation accuracy: 81.19, Preservation: 95.72%
    DEBUG: Radiation impact: 0.10, Protection factor: 0.60, Radiation accuracy: 81.91, Preservation: 96.34%
    DEBUG: Radiation impact: 0.10, Protection factor: 0.60, Radiation accuracy: 81.50, Preservation: 96.21%
    DEBUG: Radiation impact: 0.10, Protection factor: 0.60, Radiation accuracy: 80.25, Preservation: 95.32%
    DEBUG: Radiation impact: 0.10, Protection factor: 0.60, Radiation accuracy: 81.51, Preservation: 96.54%
    DEBUG: Radiation impact: 0.10, Protection factor: 0.60, Radiation accuracy: 81.72, Preservation: 96.78%
    DEBUG: Radiation impact: 0.10, Protection factor: 0.60, Radiation accuracy: 80.46, Preservation: 95.78%
    DEBUG: Radiation impact: 0.10, Protection factor: 0.60, Radiation accuracy: 82.24, Preservation: 96.98%
    DEBUG: Radiation impact: 0.10, Protection factor: 0.60, Radiation accuracy: 81.30, Preservation: 95.27%
    DEBUG: Radiation impact: 0.10, Protection factor: 0.60, Radiation accuracy: 81.58, Preservation: 95.81%
    DEBUG: Radiation impact: 0.10, Protection factor: 0.60, Radiation accuracy: 81.28, Preservation: 95.92%
    DEBUG: Radiation impact: 0.10, Protection factor: 0.60, Radiation accuracy: 81.65, Preservation: 96.43%
    DEBUG: Radiation impact: 0.10, Protection factor: 0.60, Radiation accuracy: 81.46, Preservation: 96.53%
    DEBUG: Radiation impact: 0.10, Protection factor: 0.60, Radiation accuracy: 79.71, Preservation: 95.27%
    DEBUG: Radiation impact: 0.10, Protection factor: 0.60, Radiation accuracy: 79.32, Preservation: 94.98%
    DEBUG: Radiation impact: 0.10, Protection factor: 0.60, Radiation accuracy: 80.10, Preservation: 95.43%
    DEBUG: Radiation impact: 0.10, Protection factor: 0.60, Radiation accuracy: 81.62, Preservation: 96.19%
    DEBUG: Radiation impact: 0.10, Protection factor: 0.60, Radiation accuracy: 80.46, Preservation: 95.25%
    DEBUG: Radiation impact: 0.10, Protection factor: 0.60, Radiation accuracy: 80.71, Preservation: 96.19%
    DEBUG: Radiation impact: 0.10, Protection factor: 0.60, Radiation accuracy: 80.27, Preservation: 95.53%
    DEBUG: Radiation impact: 0.10, Protection factor: 0.60, Radiation accuracy: 79.77, Preservation: 95.53%
    DEBUG: Radiation impact: 0.10, Protection factor: 0.60, Radiation accuracy: 80.93, Preservation: 95.17%
    DEBUG: Radiation impact: 0.10, Protection factor: 0.60, Radiation accuracy: 81.35, Preservation: 96.93%
    DEBUG: Radiation impact: 0.10, Protection factor: 0.60, Radiation accuracy: 80.88, Preservation: 96.66%
    DEBUG: Radiation impact: 0.10, Protection factor: 0.60, Radiation accuracy: 81.37, Preservation: 97.02%
    DEBUG: Radiation impact: 0.10, Protection factor: 0.60, Radiation accuracy: 80.40, Preservation: 96.16%
    DEBUG: Radiation impact: 0.10, Protection factor: 0.60, Radiation accuracy: 81.06, Preservation: 96.28%
    DEBUG: Radiation impact: 0.10, Protection factor: 0.60, Radiation accuracy: 81.72, Preservation: 96.08%
    DEBUG: Radiation impact: 0.10, Protection factor: 0.60, Radiation accuracy: 81.74, Preservation: 96.58%
Results: Baseline accuracy = 84.32 ± 0.57, Radiation accuracy = 80.90 ± 0.80, Preservation = 95.95 ± 0.62%
Results: Baseline accuracy = 84.32% ± 0.57%, Radiation accuracy = 80.90% ± 0.80%, Preservation = 95.95% ± 0.62%
Testing configuration:
Architecture: 2-64-256-256-2-
Dropout: 0.40
Residual: Yes
Protection: 0
    DEBUG: Radiation impact: 0.10, Protection factor: 0.00, Radiation accuracy: 78.50, Preservation: 90.17%
    DEBUG: Radiation impact: 0.10, Protection factor: 0.00, Radiation accuracy: 77.01, Preservation: 89.07%
    DEBUG: Radiation impact: 0.10, Protection factor: 0.00, Radiation accuracy: 77.02, Preservation: 89.29%
    DEBUG: Radiation impact: 0.10, Protection factor: 0.00, Radiation accuracy: 77.94, Preservation: 90.81%
    DEBUG: Radiation impact: 0.10, Protection factor: 0.00, Radiation accuracy: 78.10, Preservation: 89.75%
    DEBUG: Radiation impact: 0.10, Protection factor: 0.00, Radiation accuracy: 77.55, Preservation: 89.87%
    DEBUG: Radiation impact: 0.10, Protection factor: 0.00, Radiation accuracy: 78.12, Preservation: 91.02%
    DEBUG: Radiation impact: 0.10, Protection factor: 0.00, Radiation accuracy: 78.22, Preservation: 91.15%
    DEBUG: Radiation impact: 0.10, Protection factor: 0.00, Radiation accuracy: 79.06, Preservation: 91.01%
    DEBUG: Radiation impact: 0.10, Protection factor: 0.00, Radiation accuracy: 78.00, Preservation: 89.65%
    DEBUG: Radiation impact: 0.10, Protection factor: 0.00, Radiation accuracy: 79.31, Preservation: 91.01%
    DEBUG: Radiation impact: 0.10, Protection factor: 0.00, Radiation accuracy: 77.65, Preservation: 90.90%
    DEBUG: Radiation impact: 0.10, Protection factor: 0.00, Radiation accuracy: 79.01, Preservation: 91.14%
    DEBUG: Radiation impact: 0.10, Protection factor: 0.00, Radiation accuracy: 78.48, Preservation: 90.24%
    DEBUG: Radiation impact: 0.10, Protection factor: 0.00, Radiation accuracy: 78.95, Preservation: 90.56%
    DEBUG: Radiation impact: 0.10, Protection factor: 0.00, Radiation accuracy: 78.03, Preservation: 91.06%
    DEBUG: Radiation impact: 0.10, Protection factor: 0.00, Radiation accuracy: 77.21, Preservation: 90.13%
    DEBUG: Radiation impact: 0.10, Protection factor: 0.00, Radiation accuracy: 77.34, Preservation: 88.96%
    DEBUG: Radiation impact: 0.10, Protection factor: 0.00, Radiation accuracy: 76.14, Preservation: 89.07%
    DEBUG: Radiation impact: 0.10, Protection factor: 0.00, Radiation accuracy: 78.74, Preservation: 90.14%
    DEBUG: Radiation impact: 0.10, Protection factor: 0.00, Radiation accuracy: 78.09, Preservation: 91.16%
    DEBUG: Radiation impact: 0.10, Protection factor: 0.00, Radiation accuracy: 78.41, Preservation: 89.91%
    DEBUG: Radiation impact: 0.10, Protection factor: 0.00, Radiation accuracy: 77.98, Preservation: 90.62%
    DEBUG: Radiation impact: 0.10, Protection factor: 0.00, Radiation accuracy: 78.48, Preservation: 90.50%
    DEBUG: Radiation impact: 0.10, Protection factor: 0.00, Radiation accuracy: 78.92, Preservation: 91.15%
    DEBUG: Radiation impact: 0.10, Protection factor: 0.00, Radiation accuracy: 77.29, Preservation: 89.63%
    DEBUG: Radiation impact: 0.10, Protection factor: 0.00, Radiation accuracy: 79.11, Preservation: 91.08%
    DEBUG: Radiation impact: 0.10, Protection factor: 0.00, Radiation accuracy: 77.15, Preservation: 89.80%
    DEBUG: Radiation impact: 0.10, Protection factor: 0.00, Radiation accuracy: 77.96, Preservation: 90.23%
    DEBUG: Radiation impact: 0.10, Protection factor: 0.00, Radiation accuracy: 79.49, Preservation: 91.03%
    DEBUG: Radiation impact: 0.10, Protection factor: 0.00, Radiation accuracy: 77.27, Preservation: 89.76%
    DEBUG: Radiation impact: 0.10, Protection factor: 0.00, Radiation accuracy: 78.21, Preservation: 90.87%
    DEBUG: Radiation impact: 0.10, Protection factor: 0.00, Radiation accuracy: 78.79, Preservation: 90.69%
    DEBUG: Radiation impact: 0.10, Protection factor: 0.00, Radiation accuracy: 77.39, Preservation: 89.02%
    DEBUG: Radiation impact: 0.10, Protection factor: 0.00, Radiation accuracy: 78.42, Preservation: 90.32%
    DEBUG: Radiation impact: 0.10, Protection factor: 0.00, Radiation accuracy: 77.46, Preservation: 89.07%
    DEBUG: Radiation impact: 0.10, Protection factor: 0.00, Radiation accuracy: 77.96, Preservation: 90.97%
    DEBUG: Radiation impact: 0.10, Protection factor: 0.00, Radiation accuracy: 76.36, Preservation: 89.22%
    DEBUG: Radiation impact: 0.10, Protection factor: 0.00, Radiation accuracy: 77.25, Preservation: 89.37%
    DEBUG: Radiation impact: 0.10, Protection factor: 0.00, Radiation accuracy: 78.20, Preservation: 89.76%
    DEBUG: Radiation impact: 0.10, Protection factor: 0.00, Radiation accuracy: 77.21, Preservation: 89.52%
    DEBUG: Radiation impact: 0.10, Protection factor: 0.00, Radiation accuracy: 78.18, Preservation: 90.03%
    DEBUG: Radiation impact: 0.10, Protection factor: 0.00, Radiation accuracy: 77.98, Preservation: 89.76%
    DEBUG: Radiation impact: 0.10, Protection factor: 0.00, Radiation accuracy: 78.37, Preservation: 89.88%
    DEBUG: Radiation impact: 0.10, Protection factor: 0.00, Radiation accuracy: 77.22, Preservation: 88.86%
    DEBUG: Radiation impact: 0.10, Protection factor: 0.00, Radiation accuracy: 77.02, Preservation: 89.74%
    DEBUG: Radiation impact: 0.10, Protection factor: 0.00, Radiation accuracy: 78.21, Preservation: 90.38%
    DEBUG: Radiation impact: 0.10, Protection factor: 0.00, Radiation accuracy: 79.33, Preservation: 91.07%
    DEBUG: Radiation impact: 0.10, Protection factor: 0.00, Radiation accuracy: 78.69, Preservation: 90.86%
    DEBUG: Radiation impact: 0.10, Protection factor: 0.00, Radiation accuracy: 78.91, Preservation: 91.03%
Results: Baseline accuracy = 86.51 ± 0.56, Radiation accuracy = 78.03 ± 0.77, Preservation = 90.21 ± 0.72%
Results: Baseline accuracy = 86.51% ± 0.56%, Radiation accuracy = 78.03% ± 0.77%, Preservation = 90.21% ± 0.72%
Testing configuration:
Architecture: 2-64-128-256-2-
Dropout: 0.30
Residual: Yes
Protection: 4
    DEBUG: Radiation impact: 0.10, Protection factor: 0.85, Radiation accuracy: 84.49, Preservation: 97.50%
    DEBUG: Radiation impact: 0.10, Protection factor: 0.85, Radiation accuracy: 87.52, Preservation: 99.55%
    DEBUG: Radiation impact: 0.10, Protection factor: 0.85, Radiation accuracy: 86.94, Preservation: 99.06%
    DEBUG: Radiation impact: 0.10, Protection factor: 0.85, Radiation accuracy: 86.05, Preservation: 98.31%
    DEBUG: Radiation impact: 0.10, Protection factor: 0.85, Radiation accuracy: 86.36, Preservation: 99.59%
    DEBUG: Radiation impact: 0.10, Protection factor: 0.85, Radiation accuracy: 86.95, Preservation: 98.83%
    DEBUG: Radiation impact: 0.10, Protection factor: 0.85, Radiation accuracy: 87.90, Preservation: 99.62%
    DEBUG: Radiation impact: 0.10, Protection factor: 0.85, Radiation accuracy: 86.93, Preservation: 98.62%
    DEBUG: Radiation impact: 0.10, Protection factor: 0.85, Radiation accuracy: 86.80, Preservation: 99.21%
    DEBUG: Radiation impact: 0.10, Protection factor: 0.85, Radiation accuracy: 84.49, Preservation: 97.93%
    DEBUG: Radiation impact: 0.10, Protection factor: 0.85, Radiation accuracy: 87.19, Preservation: 99.01%
    DEBUG: Radiation impact: 0.10, Protection factor: 0.85, Radiation accuracy: 85.54, Preservation: 98.21%
    DEBUG: Radiation impact: 0.10, Protection factor: 0.85, Radiation accuracy: 84.52, Preservation: 97.95%
    DEBUG: Radiation impact: 0.10, Protection factor: 0.85, Radiation accuracy: 86.24, Preservation: 99.63%
    DEBUG: Radiation impact: 0.10, Protection factor: 0.85, Radiation accuracy: 86.41, Preservation: 98.67%
    DEBUG: Radiation impact: 0.10, Protection factor: 0.85, Radiation accuracy: 86.12, Preservation: 98.78%
    DEBUG: Radiation impact: 0.10, Protection factor: 0.85, Radiation accuracy: 86.68, Preservation: 98.52%
    DEBUG: Radiation impact: 0.10, Protection factor: 0.85, Radiation accuracy: 84.47, Preservation: 97.91%
    DEBUG: Radiation impact: 0.10, Protection factor: 0.85, Radiation accuracy: 85.45, Preservation: 97.75%
    DEBUG: Radiation impact: 0.10, Protection factor: 0.85, Radiation accuracy: 87.23, Preservation: 99.30%
    DEBUG: Radiation impact: 0.10, Protection factor: 0.85, Radiation accuracy: 86.23, Preservation: 99.25%
    DEBUG: Radiation impact: 0.10, Protection factor: 0.85, Radiation accuracy: 85.20, Preservation: 97.40%
    DEBUG: Radiation impact: 0.10, Protection factor: 0.85, Radiation accuracy: 86.76, Preservation: 99.42%
    DEBUG: Radiation impact: 0.10, Protection factor: 0.85, Radiation accuracy: 86.03, Preservation: 99.07%
    DEBUG: Radiation impact: 0.10, Protection factor: 0.85, Radiation accuracy: 84.29, Preservation: 97.58%
    DEBUG: Radiation impact: 0.10, Protection factor: 0.85, Radiation accuracy: 85.53, Preservation: 99.02%
    DEBUG: Radiation impact: 0.10, Protection factor: 0.85, Radiation accuracy: 85.64, Preservation: 98.96%
    DEBUG: Radiation impact: 0.10, Protection factor: 0.85, Radiation accuracy: 86.07, Preservation: 97.69%
    DEBUG: Radiation impact: 0.10, Protection factor: 0.85, Radiation accuracy: 85.10, Preservation: 97.56%
    DEBUG: Radiation impact: 0.10, Protection factor: 0.85, Radiation accuracy: 87.04, Preservation: 99.40%
    DEBUG: Radiation impact: 0.10, Protection factor: 0.85, Radiation accuracy: 85.44, Preservation: 98.54%
    DEBUG: Radiation impact: 0.10, Protection factor: 0.85, Radiation accuracy: 85.94, Preservation: 99.29%
    DEBUG: Radiation impact: 0.10, Protection factor: 0.85, Radiation accuracy: 85.58, Preservation: 98.84%
    DEBUG: Radiation impact: 0.10, Protection factor: 0.85, Radiation accuracy: 86.20, Preservation: 99.19%
    DEBUG: Radiation impact: 0.10, Protection factor: 0.85, Radiation accuracy: 86.37, Preservation: 98.00%
    DEBUG: Radiation impact: 0.10, Protection factor: 0.85, Radiation accuracy: 86.16, Preservation: 98.29%
    DEBUG: Radiation impact: 0.10, Protection factor: 0.85, Radiation accuracy: 85.44, Preservation: 98.71%
    DEBUG: Radiation impact: 0.10, Protection factor: 0.85, Radiation accuracy: 86.20, Preservation: 98.69%
    DEBUG: Radiation impact: 0.10, Protection factor: 0.85, Radiation accuracy: 84.32, Preservation: 97.72%
    DEBUG: Radiation impact: 0.10, Protection factor: 0.85, Radiation accuracy: 84.68, Preservation: 97.87%
    DEBUG: Radiation impact: 0.10, Protection factor: 0.85, Radiation accuracy: 86.39, Preservation: 99.56%
    DEBUG: Radiation impact: 0.10, Protection factor: 0.85, Radiation accuracy: 85.41, Preservation: 98.36%
    DEBUG: Radiation impact: 0.10, Protection factor: 0.85, Radiation accuracy: 84.21, Preservation: 97.37%
    DEBUG: Radiation impact: 0.10, Protection factor: 0.85, Radiation accuracy: 85.24, Preservation: 97.66%
    DEBUG: Radiation impact: 0.10, Protection factor: 0.85, Radiation accuracy: 84.85, Preservation: 98.02%
    DEBUG: Radiation impact: 0.10, Protection factor: 0.85, Radiation accuracy: 84.95, Preservation: 98.05%
    DEBUG: Radiation impact: 0.10, Protection factor: 0.85, Radiation accuracy: 85.49, Preservation: 99.05%
    DEBUG: Radiation impact: 0.10, Protection factor: 0.85, Radiation accuracy: 84.93, Preservation: 98.29%
    DEBUG: Radiation impact: 0.10, Protection factor: 0.85, Radiation accuracy: 84.98, Preservation: 98.30%
    DEBUG: Radiation impact: 0.10, Protection factor: 0.85, Radiation accuracy: 85.85, Preservation: 98.32%
Results: Baseline accuracy = 87.08 ± 0.61, Radiation accuracy = 85.82 ± 0.92, Preservation = 98.55 ± 0.67%
Results: Baseline accuracy = 87.08% ± 0.61%, Radiation accuracy = 85.82% ± 0.92%, Preservation = 98.55% ± 0.67%
QD coverage: 0.0027% (occupied 27), elites injected: 4
Results exported to auto_arch_search_results.csv
Generation 9/20
Testing configuration:
Architecture: 2-512-256-256-2-
Dropout: 0.3000
Residual: Yes
Protection: 1
    DEBUG: Radiation impact: 0.1000, Protection factor: 0.2000, Radiation accuracy: 80.3346, Preservation: 91.3889%
    DEBUG: Radiation impact: 0.1000, Protection factor: 0.2000, Radiation accuracy: 80.0980, Preservation: 92.4465%
    DEBUG: Radiation impact: 0.1000, Protection factor: 0.2000, Radiation accuracy: 80.7772, Preservation: 92.8929%
    DEBUG: Radiation impact: 0.1000, Protection factor: 0.2000, Radiation accuracy: 81.3294, Preservation: 92.2323%
    DEBUG: Radiation impact: 0.1000, Protection factor: 0.2000, Radiation accuracy: 79.9998, Preservation: 91.4656%
    DEBUG: Radiation impact: 0.1000, Protection factor: 0.2000, Radiation accuracy: 80.2150, Preservation: 91.4507%
    DEBUG: Radiation impact: 0.1000, Protection factor: 0.2000, Radiation accuracy: 80.8185, Preservation: 91.9909%
    DEBUG: Radiation impact: 0.1000, Protection factor: 0.2000, Radiation accuracy: 80.1333, Preservation: 91.5268%
    DEBUG: Radiation impact: 0.1000, Protection factor: 0.2000, Radiation accuracy: 80.1249, Preservation: 91.6549%
    DEBUG: Radiation impact: 0.1000, Protection factor: 0.2000, Radiation accuracy: 81.1102, Preservation: 92.7324%
    DEBUG: Radiation impact: 0.1000, Protection factor: 0.2000, Radiation accuracy: 81.0383, Preservation: 92.3042%
    DEBUG: Radiation impact: 0.1000, Protection factor: 0.2000, Radiation accuracy: 79.9940, Preservation: 91.0839%
    DEBUG: Radiation impact: 0.1000, Protection factor: 0.2000, Radiation accuracy: 81.4685, Preservation: 92.0748%
    DEBUG: Radiation impact: 0.1000, Protection factor: 0.2000, Radiation accuracy: 80.0443, Preservation: 91.6140%
    DEBUG: Radiation impact: 0.1000, Protection factor: 0.2000, Radiation accuracy: 79.0343, Preservation: 91.2185%
    DEBUG: Radiation impact: 0.1000, Protection factor: 0.2000, Radiation accuracy: 78.9799, Preservation: 91.1169%
    DEBUG: Radiation impact: 0.1000, Protection factor: 0.2000, Radiation accuracy: 81.6232, Preservation: 92.8110%
    DEBUG: Radiation impact: 0.1000, Protection factor: 0.2000, Radiation accuracy: 80.3708, Preservation: 92.5821%
    DEBUG: Radiation impact: 0.1000, Protection factor: 0.2000, Radiation accuracy: 79.1986, Preservation: 91.3617%
    DEBUG: Radiation impact: 0.1000, Protection factor: 0.2000, Radiation accuracy: 81.4930, Preservation: 92.6648%
    DEBUG: Radiation impact: 0.1000, Protection factor: 0.2000, Radiation accuracy: 79.5374, Preservation: 91.7029%
    DEBUG: Radiation impact: 0.1000, Protection factor: 0.2000, Radiation accuracy: 81.0420, Preservation: 92.8368%
    DEBUG: Radiation impact: 0.1000, Protection factor: 0.2000, Radiation accuracy: 81.8872, Preservation: 92.7506%
    DEBUG: Radiation impact: 0.1000, Protection factor: 0.2000, Radiation accuracy: 80.9384, Preservation: 92.6702%
    DEBUG: Radiation impact: 0.1000, Protection factor: 0.2000, Radiation accuracy: 80.0861, Preservation: 92.3076%
    DEBUG: Radiation impact: 0.1000, Protection factor: 0.2000, Radiation accuracy: 79.7276, Preservation: 91.3080%
    DEBUG: Radiation impact: 0.1000, Protection factor: 0.2000, Radiation accuracy: 80.0481, Preservation: 91.5857%
    DEBUG: Radiation impact: 0.1000, Protection factor: 0.2000, Radiation accuracy: 80.5587, Preservation: 91.9850%
    DEBUG: Radiation impact: 0.1000, Protection factor: 0.2000, Radiation accuracy: 81.8491, Preservation: 92.5164%
    DEBUG: Radiation impact: 0.1000, Protection factor: 0.2000, Radiation accuracy: 80.9132, Preservation: 91.5933%
    DEBUG: Radiation impact: 0.1000, Protection factor: 0.2000, Radiation accuracy: 79.2092, Preservation: 91.1790%
    DEBUG: Radiation impact: 0.1000, Protection factor: 0.2000, Radiation accuracy: 81.3929, Preservation: 92.1167%
    DEBUG: Radiation impact: 0.1000, Protection factor: 0.2000, Radiation accuracy: 81.3205, Preservation: 93.1232%
    DEBUG: Radiation impact: 0.1000, Protection factor: 0.2000, Radiation accuracy: 81.4194, Preservation: 93.0925%
    DEBUG: Radiation impact: 0.1000, Protection factor: 0.2000, Radiation accuracy: 80.6709, Preservation: 91.1430%
    DEBUG: Radiation impact: 0.1000, Protection factor: 0.2000, Radiation accuracy: 80.9468, Preservation: 92.3668%
    DEBUG: Radiation impact: 0.1000, Protection factor: 0.2000, Radiation accuracy: 80.3205, Preservation: 92.2873%
    DEBUG: Radiation impact: 0.1000, Protection factor: 0.2000, Radiation accuracy: 81.6103, Preservation: 92.2362%
    DEBUG: Radiation impact: 0.1000, Protection factor: 0.2000, Radiation accuracy: 80.4440, Preservation: 92.6273%
    DEBUG: Radiation impact: 0.1000, Protection factor: 0.2000, Radiation accuracy: 80.8396, Preservation: 91.8409%
    DEBUG: Radiation impact: 0.1000, Protection factor: 0.2000, Radiation accuracy: 81.0126, Preservation: 92.3601%
    DEBUG: Radiation impact: 0.1000, Protection factor: 0.2000, Radiation accuracy: 80.4386, Preservation: 91.3972%
    DEBUG: Radiation impact: 0.1000, Protection factor: 0.2000, Radiation accuracy: 80.9446, Preservation: 91.5275%
    DEBUG: Radiation impact: 0.1000, Protection factor: 0.2000, Radiation accuracy: 81.4273, Preservation: 92.6844%
    DEBUG: Radiation impact: 0.1000, Protection factor: 0.2000, Radiation accuracy: 80.1750, Preservation: 92.0243%
    DEBUG: Radiation impact: 0.1000, Protection factor: 0.2000, Radiation accuracy: 80.2644, Preservation: 91.2635%
    DEBUG: Radiation impact: 0.1000, Protection factor: 0.2000, Radiation accuracy: 80.6896, Preservation: 91.3664%
    DEBUG: Radiation impact: 0.1000, Protection factor: 0.2000, Radiation accuracy: 80.2818, Preservation: 90.8908%
    DEBUG: Radiation impact: 0.1000, Protection factor: 0.2000, Radiation accuracy: 79.4996, Preservation: 90.9149%
    DEBUG: Radiation impact: 0.1000, Protection factor: 0.2000, Radiation accuracy: 81.4873, Preservation: 92.7518%
Results: Baseline accuracy = 87.6087 ± 0.5672, Radiation accuracy = 80.5834 ± 0.7381, Preservation = 91.9813 ± 0.6300%
Results: Baseline accuracy = 87.61% ± 0.57%, Radiation accuracy = 80.58% ± 0.74%, Preservation = 91.98% ± 0.63%
Testing configuration:
Architecture: 2-256-2-
Dropout: 0.30
Residual: No
Protection: 4
    DEBUG: Radiation impact: 0.10, Protection factor: 0.85, Radiation accuracy: 82.76, Preservation: 98.50%
    DEBUG: Radiation impact: 0.10, Protection factor: 0.85, Radiation accuracy: 83.40, Preservation: 98.65%
    DEBUG: Radiation impact: 0.10, Protection factor: 0.85, Radiation accuracy: 82.70, Preservation: 98.38%
    DEBUG: Radiation impact: 0.10, Protection factor: 0.85, Radiation accuracy: 84.40, Preservation: 99.25%
    DEBUG: Radiation impact: 0.10, Protection factor: 0.85, Radiation accuracy: 81.80, Preservation: 97.95%
    DEBUG: Radiation impact: 0.10, Protection factor: 0.85, Radiation accuracy: 81.48, Preservation: 97.48%
    DEBUG: Radiation impact: 0.10, Protection factor: 0.85, Radiation accuracy: 84.14, Preservation: 99.15%
    DEBUG: Radiation impact: 0.10, Protection factor: 0.85, Radiation accuracy: 84.24, Preservation: 99.45%
    DEBUG: Radiation impact: 0.10, Protection factor: 0.85, Radiation accuracy: 83.23, Preservation: 99.25%
    DEBUG: Radiation impact: 0.10, Protection factor: 0.85, Radiation accuracy: 83.81, Preservation: 98.40%
    DEBUG: Radiation impact: 0.10, Protection factor: 0.85, Radiation accuracy: 82.81, Preservation: 99.06%
    DEBUG: Radiation impact: 0.10, Protection factor: 0.85, Radiation accuracy: 81.48, Preservation: 97.56%
    DEBUG: Radiation impact: 0.10, Protection factor: 0.85, Radiation accuracy: 82.60, Preservation: 98.45%
    DEBUG: Radiation impact: 0.10, Protection factor: 0.85, Radiation accuracy: 83.36, Preservation: 98.02%
    DEBUG: Radiation impact: 0.10, Protection factor: 0.85, Radiation accuracy: 84.75, Preservation: 99.56%
    DEBUG: Radiation impact: 0.10, Protection factor: 0.85, Radiation accuracy: 82.47, Preservation: 98.43%
    DEBUG: Radiation impact: 0.10, Protection factor: 0.85, Radiation accuracy: 82.05, Preservation: 97.46%
    DEBUG: Radiation impact: 0.10, Protection factor: 0.85, Radiation accuracy: 83.11, Preservation: 98.31%
    DEBUG: Radiation impact: 0.10, Protection factor: 0.85, Radiation accuracy: 82.98, Preservation: 98.89%
    DEBUG: Radiation impact: 0.10, Protection factor: 0.85, Radiation accuracy: 82.14, Preservation: 98.09%
    DEBUG: Radiation impact: 0.10, Protection factor: 0.85, Radiation accuracy: 84.34, Preservation: 99.32%
    DEBUG: Radiation impact: 0.10, Protection factor: 0.85, Radiation accuracy: 84.29, Preservation: 98.97%
    DEBUG: Radiation impact: 0.10, Protection factor: 0.85, Radiation accuracy: 82.60, Preservation: 98.21%
    DEBUG: Radiation impact: 0.10, Protection factor: 0.85, Radiation accuracy: 84.32, Preservation: 98.91%
    DEBUG: Radiation impact: 0.10, Protection factor: 0.85, Radiation accuracy: 81.91, Preservation: 97.63%
    DEBUG: Radiation impact: 0.10, Protection factor: 0.85, Radiation accuracy: 82.33, Preservation: 97.45%
    DEBUG: Radiation impact: 0.10, Protection factor: 0.85, Radiation accuracy: 84.63, Preservation: 99.67%
    DEBUG: Radiation impact: 0.10, Protection factor: 0.85, Radiation accuracy: 84.02, Preservation: 98.43%
    DEBUG: Radiation impact: 0.10, Protection factor: 0.85, Radiation accuracy: 82.92, Preservation: 99.01%
    DEBUG: Radiation impact: 0.10, Protection factor: 0.85, Radiation accuracy: 83.90, Preservation: 99.49%
    DEBUG: Radiation impact: 0.10, Protection factor: 0.85, Radiation accuracy: 81.92, Preservation: 97.35%
    DEBUG: Radiation impact: 0.10, Protection factor: 0.85, Radiation accuracy: 83.54, Preservation: 98.69%
    DEBUG: Radiation impact: 0.10, Protection factor: 0.85, Radiation accuracy: 83.18, Preservation: 97.62%
    DEBUG: Radiation impact: 0.10, Protection factor: 0.85, Radiation accuracy: 83.15, Preservation: 98.02%
    DEBUG: Radiation impact: 0.10, Protection factor: 0.85, Radiation accuracy: 82.50, Preservation: 97.78%
    DEBUG: Radiation impact: 0.10, Protection factor: 0.85, Radiation accuracy: 83.58, Preservation: 98.15%
    DEBUG: Radiation impact: 0.10, Protection factor: 0.85, Radiation accuracy: 83.90, Preservation: 99.16%
    DEBUG: Radiation impact: 0.10, Protection factor: 0.85, Radiation accuracy: 83.35, Preservation: 97.75%
    DEBUG: Radiation impact: 0.10, Protection factor: 0.85, Radiation accuracy: 82.51, Preservation: 98.05%
    DEBUG: Radiation impact: 0.10, Protection factor: 0.85, Radiation accuracy: 83.39, Preservation: 97.58%
    DEBUG: Radiation impact: 0.10, Protection factor: 0.85, Radiation accuracy: 84.39, Preservation: 99.53%
    DEBUG: Radiation impact: 0.10, Protection factor: 0.85, Radiation accuracy: 82.26, Preservation: 98.14%
    DEBUG: Radiation impact: 0.10, Protection factor: 0.85, Radiation accuracy: 83.38, Preservation: 98.89%
    DEBUG: Radiation impact: 0.10, Protection factor: 0.85, Radiation accuracy: 83.42, Preservation: 97.81%
    DEBUG: Radiation impact: 0.10, Protection factor: 0.85, Radiation accuracy: 83.80, Preservation: 98.46%
    DEBUG: Radiation impact: 0.10, Protection factor: 0.85, Radiation accuracy: 83.55, Preservation: 98.81%
    DEBUG: Radiation impact: 0.10, Protection factor: 0.85, Radiation accuracy: 81.73, Preservation: 97.35%
    DEBUG: Radiation impact: 0.10, Protection factor: 0.85, Radiation accuracy: 83.27, Preservation: 99.28%
    DEBUG: Radiation impact: 0.10, Protection factor: 0.85, Radiation accuracy: 84.36, Preservation: 99.46%
    DEBUG: Radiation impact: 0.10, Protection factor: 0.85, Radiation accuracy: 82.85, Preservation: 98.28%
Results: Baseline accuracy = 84.47 ± 0.57, Radiation accuracy = 83.18 ± 0.87, Preservation = 98.47 ± 0.68%
Results: Baseline accuracy = 84.47% ± 0.57%, Radiation accuracy = 83.18% ± 0.87%, Preservation = 98.47% ± 0.68%
Testing configuration:
Architecture: 2-512-256-512-2-
Dropout: 0.50
Residual: No
Protection: 3
    DEBUG: Radiation impact: 0.10, Protection factor: 0.80, Radiation accuracy: 81.24, Preservation: 97.85%
    DEBUG: Radiation impact: 0.10, Protection factor: 0.80, Radiation accuracy: 81.78, Preservation: 97.55%
    DEBUG: Radiation impact: 0.10, Protection factor: 0.80, Radiation accuracy: 83.19, Preservation: 98.86%
    DEBUG: Radiation impact: 0.10, Protection factor: 0.80, Radiation accuracy: 81.66, Preservation: 98.27%
    DEBUG: Radiation impact: 0.10, Protection factor: 0.80, Radiation accuracy: 83.28, Preservation: 98.81%
    DEBUG: Radiation impact: 0.10, Protection factor: 0.80, Radiation accuracy: 81.64, Preservation: 97.01%
    DEBUG: Radiation impact: 0.10, Protection factor: 0.80, Radiation accuracy: 81.66, Preservation: 97.27%
    DEBUG: Radiation impact: 0.10, Protection factor: 0.80, Radiation accuracy: 81.93, Preservation: 97.12%
    DEBUG: Radiation impact: 0.10, Protection factor: 0.80, Radiation accuracy: 82.69, Preservation: 98.90%
    DEBUG: Radiation impact: 0.10, Protection factor: 0.80, Radiation accuracy: 81.40, Preservation: 97.15%
    DEBUG: Radiation impact: 0.10, Protection factor: 0.80, Radiation accuracy: 81.13, Preservation: 97.29%
    DEBUG: Radiation impact: 0.10, Protection factor: 0.80, Radiation accuracy: 81.96, Preservation: 98.09%
    DEBUG: Radiation impact: 0.10, Protection factor: 0.80, Radiation accuracy: 82.26, Preservation: 98.84%
    DEBUG: Radiation impact: 0.10, Protection factor: 0.80, Radiation accuracy: 81.94, Preservation: 96.98%
    DEBUG: Radiation impact: 0.10, Protection factor: 0.80, Radiation accuracy: 81.77, Preservation: 98.36%
    DEBUG: Radiation impact: 0.10, Protection factor: 0.80, Radiation accuracy: 81.28, Preservation: 97.30%
    DEBUG: Radiation impact: 0.10, Protection factor: 0.80, Radiation accuracy: 81.43, Preservation: 98.19%
    DEBUG: Radiation impact: 0.10, Protection factor: 0.80, Radiation accuracy: 82.61, Preservation: 98.34%
    DEBUG: Radiation impact: 0.10, Protection factor: 0.80, Radiation accuracy: 80.87, Preservation: 97.84%
    DEBUG: Radiation impact: 0.10, Protection factor: 0.80, Radiation accuracy: 81.71, Preservation: 98.40%
    DEBUG: Radiation impact: 0.10, Protection factor: 0.80, Radiation accuracy: 80.65, Preservation: 97.23%
    DEBUG: Radiation impact: 0.10, Protection factor: 0.80, Radiation accuracy: 82.37, Preservation: 98.25%
    DEBUG: Radiation impact: 0.10, Protection factor: 0.80, Radiation accuracy: 81.27, Preservation: 97.43%
    DEBUG: Radiation impact: 0.10, Protection factor: 0.80, Radiation accuracy: 81.74, Preservation: 98.07%
    DEBUG: Radiation impact: 0.10, Protection factor: 0.80, Radiation accuracy: 81.67, Preservation: 97.48%
    DEBUG: Radiation impact: 0.10, Protection factor: 0.80, Radiation accuracy: 81.16, Preservation: 96.89%
    DEBUG: Radiation impact: 0.10, Protection factor: 0.80, Radiation accuracy: 83.22, Preservation: 99.10%
    DEBUG: Radiation impact: 0.10, Protection factor: 0.80, Radiation accuracy: 82.35, Preservation: 98.40%
    DEBUG: Radiation impact: 0.10, Protection factor: 0.80, Radiation accuracy: 82.25, Preservation: 97.70%
    DEBUG: Radiation impact: 0.10, Protection factor: 0.80, Radiation accuracy: 81.08, Preservation: 97.43%
    DEBUG: Radiation impact: 0.10, Protection factor: 0.80, Radiation accuracy: 81.52, Preservation: 98.72%
    DEBUG: Radiation impact: 0.10, Protection factor: 0.80, Radiation accuracy: 82.39, Preservation: 98.49%
    DEBUG: Radiation impact: 0.10, Protection factor: 0.80, Radiation accuracy: 80.65, Preservation: 97.49%
    DEBUG: Radiation impact: 0.10, Protection factor: 0.80, Radiation accuracy: 81.90, Preservation: 98.09%
    DEBUG: Radiation impact: 0.10, Protection factor: 0.80, Radiation accuracy: 81.31, Preservation: 97.55%
    DEBUG: Radiation impact: 0.10, Protection factor: 0.80, Radiation accuracy: 81.46, Preservation: 97.27%
    DEBUG: Radiation impact: 0.10, Protection factor: 0.80, Radiation accuracy: 81.42, Preservation: 97.87%
    DEBUG: Radiation impact: 0.10, Protection factor: 0.80, Radiation accuracy: 81.82, Preservation: 98.76%
    DEBUG: Radiation impact: 0.10, Protection factor: 0.80, Radiation accuracy: 82.57, Preservation: 98.30%
    DEBUG: Radiation impact: 0.10, Protection factor: 0.80, Radiation accuracy: 80.61, Preservation: 97.41%
    DEBUG: Radiation impact: 0.10, Protection factor: 0.80, Radiation accuracy: 82.57, Preservation: 98.99%
    DEBUG: Radiation impact: 0.10, Protection factor: 0.80, Radiation accuracy: 81.52, Preservation: 97.97%
    DEBUG: Radiation impact: 0.10, Protection factor: 0.80, Radiation accuracy: 82.77, Preservation: 98.36%
    DEBUG: Radiation impact: 0.10, Protection factor: 0.80, Radiation accuracy: 81.98, Preservation: 98.83%
    DEBUG: Radiation impact: 0.10, Protection factor: 0.80, Radiation accuracy: 82.44, Preservation: 97.60%
    DEBUG: Radiation impact: 0.10, Protection factor: 0.80, Radiation accuracy: 81.54, Preservation: 98.11%
    DEBUG: Radiation impact: 0.10, Protection factor: 0.80, Radiation accuracy: 81.93, Preservation: 97.71%
    DEBUG: Radiation impact: 0.10, Protection factor: 0.80, Radiation accuracy: 82.27, Preservation: 97.42%
    DEBUG: Radiation impact: 0.10, Protection factor: 0.80, Radiation accuracy: 81.92, Preservation: 98.04%
    DEBUG: Radiation impact: 0.10, Protection factor: 0.80, Radiation accuracy: 80.73, Preservation: 97.21%
Results: Baseline accuracy = 83.54 ± 0.51, Radiation accuracy = 81.81 ± 0.65, Preservation = 97.93 ± 0.61%
Results: Baseline accuracy = 83.54% ± 0.51%, Radiation accuracy = 81.81% ± 0.65%, Preservation = 97.93% ± 0.61%
Testing configuration:
Architecture: 2-64-256-256-2-
Dropout: 0.30
Residual: Yes
Protection: 0
    DEBUG: Radiation impact: 0.10, Protection factor: 0.00, Radiation accuracy: 78.19, Preservation: 89.32%
    DEBUG: Radiation impact: 0.10, Protection factor: 0.00, Radiation accuracy: 79.46, Preservation: 90.38%
    DEBUG: Radiation impact: 0.10, Protection factor: 0.00, Radiation accuracy: 79.06, Preservation: 89.54%
    DEBUG: Radiation impact: 0.10, Protection factor: 0.00, Radiation accuracy: 78.67, Preservation: 89.75%
    DEBUG: Radiation impact: 0.10, Protection factor: 0.00, Radiation accuracy: 78.51, Preservation: 90.46%
    DEBUG: Radiation impact: 0.10, Protection factor: 0.00, Radiation accuracy: 78.70, Preservation: 90.47%
    DEBUG: Radiation impact: 0.10, Protection factor: 0.00, Radiation accuracy: 77.99, Preservation: 89.60%
    DEBUG: Radiation impact: 0.10, Protection factor: 0.00, Radiation accuracy: 76.80, Preservation: 88.88%
    DEBUG: Radiation impact: 0.10, Protection factor: 0.00, Radiation accuracy: 78.25, Preservation: 89.08%
    DEBUG: Radiation impact: 0.10, Protection factor: 0.00, Radiation accuracy: 78.40, Preservation: 89.81%
    DEBUG: Radiation impact: 0.10, Protection factor: 0.00, Radiation accuracy: 77.47, Preservation: 89.39%
    DEBUG: Radiation impact: 0.10, Protection factor: 0.00, Radiation accuracy: 78.62, Preservation: 90.07%
    DEBUG: Radiation impact: 0.10, Protection factor: 0.00, Radiation accuracy: 78.53, Preservation: 90.80%
    DEBUG: Radiation impact: 0.10, Protection factor: 0.00, Radiation accuracy: 78.99, Preservation: 90.12%
    DEBUG: Radiation impact: 0.10, Protection factor: 0.00, Radiation accuracy: 78.99, Preservation: 90.01%
    DEBUG: Radiation impact: 0.10, Protection factor: 0.00, Radiation accuracy: 79.66, Preservation: 90.23%
    DEBUG: Radiation impact: 0.10, Protection factor: 0.00, Radiation accuracy: 77.58, Preservation: 89.53%
    DEBUG: Radiation impact: 0.10, Protection factor: 0.00, Radiation accuracy: 78.45, Preservation: 89.74%
    DEBUG: Radiation impact: 0.10, Protection factor: 0.00, Radiation accuracy: 77.94, Preservation: 89.41%
    DEBUG: Radiation impact: 0.10, Protection factor: 0.00, Radiation accuracy: 77.98, Preservation: 90.25%
    DEBUG: Radiation impact: 0.10, Protection factor: 0.00, Radiation accuracy: 78.25, Preservation: 89.32%
    DEBUG: Radiation impact: 0.10, Protection factor: 0.00, Radiation accuracy: 78.20, Preservation: 89.75%
    DEBUG: Radiation impact: 0.10, Protection factor: 0.00, Radiation accuracy: 79.98, Preservation: 90.56%
    DEBUG: Radiation impact: 0.10, Protection factor: 0.00, Radiation accuracy: 79.70, Preservation: 90.86%
    DEBUG: Radiation impact: 0.10, Protection factor: 0.00, Radiation accuracy: 79.06, Preservation: 90.56%
    DEBUG: Radiation impact: 0.10, Protection factor: 0.00, Radiation accuracy: 78.26, Preservation: 89.12%
    DEBUG: Radiation impact: 0.10, Protection factor: 0.00, Radiation accuracy: 78.08, Preservation: 89.93%
    DEBUG: Radiation impact: 0.10, Protection factor: 0.00, Radiation accuracy: 79.60, Preservation: 90.58%
    DEBUG: Radiation impact: 0.10, Protection factor: 0.00, Radiation accuracy: 77.18, Preservation: 88.86%
    DEBUG: Radiation impact: 0.10, Protection factor: 0.00, Radiation accuracy: 78.09, Preservation: 89.76%
    DEBUG: Radiation impact: 0.10, Protection factor: 0.00, Radiation accuracy: 79.29, Preservation: 91.00%
    DEBUG: Radiation impact: 0.10, Protection factor: 0.00, Radiation accuracy: 77.34, Preservation: 89.09%
    DEBUG: Radiation impact: 0.10, Protection factor: 0.00, Radiation accuracy: 77.86, Preservation: 89.39%
    DEBUG: Radiation impact: 0.10, Protection factor: 0.00, Radiation accuracy: 78.61, Preservation: 90.23%
    DEBUG: Radiation impact: 0.10, Protection factor: 0.00, Radiation accuracy: 79.11, Preservation: 90.55%
    DEBUG: Radiation impact: 0.10, Protection factor: 0.00, Radiation accuracy: 78.46, Preservation: 89.91%
    DEBUG: Radiation impact: 0.10, Protection factor: 0.00, Radiation accuracy: 78.56, Preservation: 90.15%
    DEBUG: Radiation impact: 0.10, Protection factor: 0.00, Radiation accuracy: 79.03, Preservation: 89.71%
    DEBUG: Radiation impact: 0.10, Protection factor: 0.00, Radiation accuracy: 78.77, Preservation: 90.58%
    DEBUG: Radiation impact: 0.10, Protection factor: 0.00, Radiation accuracy: 78.44, Preservation: 90.30%
    DEBUG: Radiation impact: 0.10, Protection factor: 0.00, Radiation accuracy: 79.43, Preservation: 91.02%
    DEBUG: Radiation impact: 0.10, Protection factor: 0.00, Radiation accuracy: 79.18, Preservation: 90.05%
    DEBUG: Radiation impact: 0.10, Protection factor: 0.00, Radiation accuracy: 79.12, Preservation: 90.11%
    DEBUG: Radiation impact: 0.10, Protection factor: 0.00, Radiation accuracy: 79.15, Preservation: 90.47%
    DEBUG: Radiation impact: 0.10, Protection factor: 0.00, Radiation accuracy: 77.90, Preservation: 89.31%
    DEBUG: Radiation impact: 0.10, Protection factor: 0.00, Radiation accuracy: 78.09, Preservation: 90.02%
    DEBUG: Radiation impact: 0.10, Protection factor: 0.00, Radiation accuracy: 79.98, Preservation: 91.00%
    DEBUG: Radiation impact: 0.10, Protection factor: 0.00, Radiation accuracy: 79.00, Preservation: 90.91%
    DEBUG: Radiation impact: 0.10, Protection factor: 0.00, Radiation accuracy: 79.79, Preservation: 90.51%
    DEBUG: Radiation impact: 0.10, Protection factor: 0.00, Radiation accuracy: 79.22, Preservation: 90.53%
Results: Baseline accuracy = 87.34 ± 0.50, Radiation accuracy = 78.62 ± 0.72, Preservation = 90.02 ± 0.58%
Results: Baseline accuracy = 87.34% ± 0.50%, Radiation accuracy = 78.62% ± 0.72%, Preservation = 90.02% ± 0.58%
Testing configuration:
Architecture: 2-256-2-
Dropout: 0.30
Residual: No
Protection: 5
    DEBUG: Radiation impact: 0.10, Protection factor: 0.90, Radiation accuracy: 83.97, Preservation: 99.54%
    DEBUG: Radiation impact: 0.10, Protection factor: 0.90, Radiation accuracy: 82.95, Preservation: 99.33%
    DEBUG: Radiation impact: 0.10, Protection factor: 0.90, Radiation accuracy: 83.35, Preservation: 99.57%
    DEBUG: Radiation impact: 0.10, Protection factor: 0.90, Radiation accuracy: 84.78, Preservation: 99.84%
    DEBUG: Radiation impact: 0.10, Protection factor: 0.90, Radiation accuracy: 83.18, Preservation: 98.25%
    DEBUG: Radiation impact: 0.10, Protection factor: 0.90, Radiation accuracy: 83.07, Preservation: 98.82%
    DEBUG: Radiation impact: 0.10, Protection factor: 0.90, Radiation accuracy: 83.56, Preservation: 98.65%
    DEBUG: Radiation impact: 0.10, Protection factor: 0.90, Radiation accuracy: 84.61, Preservation: 99.98%
    DEBUG: Radiation impact: 0.10, Protection factor: 0.90, Radiation accuracy: 83.34, Preservation: 98.80%
    DEBUG: Radiation impact: 0.10, Protection factor: 0.90, Radiation accuracy: 83.20, Preservation: 99.01%
    DEBUG: Radiation impact: 0.10, Protection factor: 0.90, Radiation accuracy: 84.19, Preservation: 99.95%
    DEBUG: Radiation impact: 0.10, Protection factor: 0.90, Radiation accuracy: 82.45, Preservation: 97.87%
    DEBUG: Radiation impact: 0.10, Protection factor: 0.90, Radiation accuracy: 84.69, Preservation: 99.82%
    DEBUG: Radiation impact: 0.10, Protection factor: 0.90, Radiation accuracy: 83.13, Preservation: 99.31%
    DEBUG: Radiation impact: 0.10, Protection factor: 0.90, Radiation accuracy: 84.21, Preservation: 99.11%
    DEBUG: Radiation impact: 0.10, Protection factor: 0.90, Radiation accuracy: 85.42, Preservation: 99.94%
    DEBUG: Radiation impact: 0.10, Protection factor: 0.90, Radiation accuracy: 83.22, Preservation: 99.61%
    DEBUG: Radiation impact: 0.10, Protection factor: 0.90, Radiation accuracy: 83.95, Preservation: 99.27%
    DEBUG: Radiation impact: 0.10, Protection factor: 0.90, Radiation accuracy: 84.84, Preservation: 99.23%
    DEBUG: Radiation impact: 0.10, Protection factor: 0.90, Radiation accuracy: 85.27, Preservation: 99.77%
    DEBUG: Radiation impact: 0.10, Protection factor: 0.90, Radiation accuracy: 82.72, Preservation: 98.34%
    DEBUG: Radiation impact: 0.10, Protection factor: 0.90, Radiation accuracy: 82.24, Preservation: 98.17%
    DEBUG: Radiation impact: 0.10, Protection factor: 0.90, Radiation accuracy: 82.01, Preservation: 98.03%
    DEBUG: Radiation impact: 0.10, Protection factor: 0.90, Radiation accuracy: 83.93, Preservation: 99.78%
    DEBUG: Radiation impact: 0.10, Protection factor: 0.90, Radiation accuracy: 84.33, Preservation: 99.59%
    DEBUG: Radiation impact: 0.10, Protection factor: 0.90, Radiation accuracy: 82.91, Preservation: 98.31%
    DEBUG: Radiation impact: 0.10, Protection factor: 0.90, Radiation accuracy: 82.57, Preservation: 98.58%
    DEBUG: Radiation impact: 0.10, Protection factor: 0.90, Radiation accuracy: 83.34, Preservation: 98.17%
    DEBUG: Radiation impact: 0.10, Protection factor: 0.90, Radiation accuracy: 82.57, Preservation: 98.86%
    DEBUG: Radiation impact: 0.10, Protection factor: 0.90, Radiation accuracy: 83.17, Preservation: 99.45%
    DEBUG: Radiation impact: 0.10, Protection factor: 0.90, Radiation accuracy: 83.83, Preservation: 98.55%
    DEBUG: Radiation impact: 0.10, Protection factor: 0.90, Radiation accuracy: 81.97, Preservation: 97.86%
    DEBUG: Radiation impact: 0.10, Protection factor: 0.90, Radiation accuracy: 82.99, Preservation: 98.24%
    DEBUG: Radiation impact: 0.10, Protection factor: 0.90, Radiation accuracy: 83.98, Preservation: 99.85%
    DEBUG: Radiation impact: 0.10, Protection factor: 0.90, Radiation accuracy: 83.56, Preservation: 98.41%
    DEBUG: Radiation impact: 0.10, Protection factor: 0.90, Radiation accuracy: 83.41, Preservation: 99.52%
    DEBUG: Radiation impact: 0.10, Protection factor: 0.90, Radiation accuracy: 83.57, Preservation: 99.71%
    DEBUG: Radiation impact: 0.10, Protection factor: 0.90, Radiation accuracy: 84.00, Preservation: 99.90%
    DEBUG: Radiation impact: 0.10, Protection factor: 0.90, Radiation accuracy: 84.48, Preservation: 99.57%
    DEBUG: Radiation impact: 0.10, Protection factor: 0.90, Radiation accuracy: 84.19, Preservation: 99.92%
    DEBUG: Radiation impact: 0.10, Protection factor: 0.90, Radiation accuracy: 83.21, Preservation: 98.40%
    DEBUG: Radiation impact: 0.10, Protection factor: 0.90, Radiation accuracy: 83.67, Preservation: 98.15%
    DEBUG: Radiation impact: 0.10, Protection factor: 0.90, Radiation accuracy: 84.36, Preservation: 98.95%
    DEBUG: Radiation impact: 0.10, Protection factor: 0.90, Radiation accuracy: 84.61, Preservation: 99.88%
    DEBUG: Radiation impact: 0.10, Protection factor: 0.90, Radiation accuracy: 84.94, Preservation: 100.00%
    DEBUG: Radiation impact: 0.10, Protection factor: 0.90, Radiation accuracy: 84.27, Preservation: 99.85%
    DEBUG: Radiation impact: 0.10, Protection factor: 0.90, Radiation accuracy: 83.63, Preservation: 99.11%
    DEBUG: Radiation impact: 0.10, Protection factor: 0.90, Radiation accuracy: 83.58, Preservation: 99.49%
    DEBUG: Radiation impact: 0.10, Protection factor: 0.90, Radiation accuracy: 84.10, Preservation: 100.00%
    DEBUG: Radiation impact: 0.10, Protection factor: 0.90, Radiation accuracy: 84.56, Preservation: 99.84%
Results: Baseline accuracy = 84.39 ± 0.55, Radiation accuracy = 83.68 ± 0.81, Preservation = 99.16 ± 0.68%
Results: Baseline accuracy = 84.39% ± 0.55%, Radiation accuracy = 83.68% ± 0.81%, Preservation = 99.16% ± 0.68%
Testing configuration:
Architecture: 2-64-512-256-2-
Dropout: 0.30
Residual: Yes
Protection: 5
    DEBUG: Radiation impact: 0.10, Protection factor: 0.90, Radiation accuracy: 86.89, Preservation: 99.57%
    DEBUG: Radiation impact: 0.10, Protection factor: 0.90, Radiation accuracy: 86.18, Preservation: 97.94%
    DEBUG: Radiation impact: 0.10, Protection factor: 0.90, Radiation accuracy: 87.03, Preservation: 99.33%
    DEBUG: Radiation impact: 0.10, Protection factor: 0.90, Radiation accuracy: 86.76, Preservation: 99.17%
    DEBUG: Radiation impact: 0.10, Protection factor: 0.90, Radiation accuracy: 87.46, Preservation: 99.01%
    DEBUG: Radiation impact: 0.10, Protection factor: 0.90, Radiation accuracy: 86.09, Preservation: 98.43%
    DEBUG: Radiation impact: 0.10, Protection factor: 0.90, Radiation accuracy: 87.62, Preservation: 99.10%
    DEBUG: Radiation impact: 0.10, Protection factor: 0.90, Radiation accuracy: 86.55, Preservation: 99.68%
    DEBUG: Radiation impact: 0.10, Protection factor: 0.90, Radiation accuracy: 88.21, Preservation: 100.00%
    DEBUG: Radiation impact: 0.10, Protection factor: 0.90, Radiation accuracy: 87.64, Preservation: 100.00%
    DEBUG: Radiation impact: 0.10, Protection factor: 0.90, Radiation accuracy: 87.81, Preservation: 99.34%
    DEBUG: Radiation impact: 0.10, Protection factor: 0.90, Radiation accuracy: 87.39, Preservation: 99.47%
    DEBUG: Radiation impact: 0.10, Protection factor: 0.90, Radiation accuracy: 85.42, Preservation: 98.61%
    DEBUG: Radiation impact: 0.10, Protection factor: 0.90, Radiation accuracy: 86.65, Preservation: 100.00%
    DEBUG: Radiation impact: 0.10, Protection factor: 0.90, Radiation accuracy: 85.73, Preservation: 98.92%
    DEBUG: Radiation impact: 0.10, Protection factor: 0.90, Radiation accuracy: 87.54, Preservation: 98.98%
    DEBUG: Radiation impact: 0.10, Protection factor: 0.90, Radiation accuracy: 87.37, Preservation: 99.47%
    DEBUG: Radiation impact: 0.10, Protection factor: 0.90, Radiation accuracy: 88.38, Preservation: 99.97%
    DEBUG: Radiation impact: 0.10, Protection factor: 0.90, Radiation accuracy: 86.54, Preservation: 99.71%
    DEBUG: Radiation impact: 0.10, Protection factor: 0.90, Radiation accuracy: 86.46, Preservation: 99.26%
    DEBUG: Radiation impact: 0.10, Protection factor: 0.90, Radiation accuracy: 86.58, Preservation: 98.95%
    DEBUG: Radiation impact: 0.10, Protection factor: 0.90, Radiation accuracy: 85.94, Preservation: 98.61%
    DEBUG: Radiation impact: 0.10, Protection factor: 0.90, Radiation accuracy: 86.78, Preservation: 98.73%
    DEBUG: Radiation impact: 0.10, Protection factor: 0.90, Radiation accuracy: 87.01, Preservation: 98.43%
    DEBUG: Radiation impact: 0.10, Protection factor: 0.90, Radiation accuracy: 87.06, Preservation: 99.31%
    DEBUG: Radiation impact: 0.10, Protection factor: 0.90, Radiation accuracy: 87.57, Preservation: 99.01%
    DEBUG: Radiation impact: 0.10, Protection factor: 0.90, Radiation accuracy: 86.47, Preservation: 98.00%
    DEBUG: Radiation impact: 0.10, Protection factor: 0.90, Radiation accuracy: 88.12, Preservation: 100.00%
    DEBUG: Radiation impact: 0.10, Protection factor: 0.90, Radiation accuracy: 87.44, Preservation: 99.76%
    DEBUG: Radiation impact: 0.10, Protection factor: 0.90, Radiation accuracy: 86.47, Preservation: 99.65%
    DEBUG: Radiation impact: 0.10, Protection factor: 0.90, Radiation accuracy: 85.87, Preservation: 98.59%
    DEBUG: Radiation impact: 0.10, Protection factor: 0.90, Radiation accuracy: 87.25, Preservation: 99.25%
    DEBUG: Radiation impact: 0.10, Protection factor: 0.90, Radiation accuracy: 84.94, Preservation: 98.03%
    DEBUG: Radiation impact: 0.10, Protection factor: 0.90, Radiation accuracy: 87.32, Preservation: 98.90%
    DEBUG: Radiation impact: 0.10, Protection factor: 0.90, Radiation accuracy: 87.54, Preservation: 99.32%
    DEBUG: Radiation impact: 0.10, Protection factor: 0.90, Radiation accuracy: 86.50, Preservation: 99.45%
    DEBUG: Radiation impact: 0.10, Protection factor: 0.90, Radiation accuracy: 86.88, Preservation: 99.52%
    DEBUG: Radiation impact: 0.10, Protection factor: 0.90, Radiation accuracy: 88.37, Preservation: 99.94%
    DEBUG: Radiation impact: 0.10, Protection factor: 0.90, Radiation accuracy: 86.46, Preservation: 98.90%
    DEBUG: Radiation impact: 0.10, Protection factor: 0.90, Radiation accuracy: 85.61, Preservation: 98.02%
    DEBUG: Radiation impact: 0.10, Protection factor: 0.90, Radiation accuracy: 85.83, Preservation: 97.99%
    DEBUG: Radiation impact: 0.10, Protection factor: 0.90, Radiation accuracy: 87.75, Preservation: 100.00%
    DEBUG: Radiation impact: 0.10, Protection factor: 0.90, Radiation accuracy: 88.09, Preservation: 100.00%
    DEBUG: Radiation impact: 0.10, Protection factor: 0.90, Radiation accuracy: 86.65, Preservation: 99.78%
    DEBUG: Radiation impact: 0.10, Protection factor: 0.90, Radiation accuracy: 86.73, Preservation: 98.39%
    DEBUG: Radiation impact: 0.10, Protection factor: 0.90, Radiation accuracy: 87.11, Preservation: 99.09%
    DEBUG: Radiation impact: 0.10, Protection factor: 0.90, Radiation accuracy: 86.57, Preservation: 100.00%
    DEBUG: Radiation impact: 0.10, Protection factor: 0.90, Radiation accuracy: 87.26, Preservation: 99.04%
    DEBUG: Radiation impact: 0.10, Protection factor: 0.90, Radiation accuracy: 85.74, Preservation: 98.99%
    DEBUG: Radiation impact: 0.10, Protection factor: 0.90, Radiation accuracy: 86.36, Preservation: 98.78%
Results: Baseline accuracy = 87.61 ± 0.60, Radiation accuracy = 86.88 ± 0.79, Preservation = 99.17 ± 0.61%
Results: Baseline accuracy = 87.61% ± 0.60%, Radiation accuracy = 86.88% ± 0.79%, Preservation = 99.17% ± 0.61%
QD coverage: 0.0029% (occupied 29), elites injected: 4
Results exported to auto_arch_search_results.csv
Generation 10/20
Testing configuration:
Architecture: 2-64-256-64-2-
Dropout: 0.3000
Residual: Yes
Protection: 5
    DEBUG: Radiation impact: 0.1000, Protection factor: 0.9000, Radiation accuracy: 87.0656, Preservation: 99.4349%
    DEBUG: Radiation impact: 0.1000, Protection factor: 0.9000, Radiation accuracy: 86.1775, Preservation: 99.8529%
    DEBUG: Radiation impact: 0.1000, Protection factor: 0.9000, Radiation accuracy: 87.3718, Preservation: 99.9463%
    DEBUG: Radiation impact: 0.1000, Protection factor: 0.9000, Radiation accuracy: 87.3885, Preservation: 99.5468%
    DEBUG: Radiation impact: 0.1000, Protection factor: 0.9000, Radiation accuracy: 87.3049, Preservation: 99.2244%
    DEBUG: Radiation impact: 0.1000, Protection factor: 0.9000, Radiation accuracy: 86.3642, Preservation: 99.0025%
    DEBUG: Radiation impact: 0.1000, Protection factor: 0.9000, Radiation accuracy: 86.0672, Preservation: 98.8231%
    DEBUG: Radiation impact: 0.1000, Protection factor: 0.9000, Radiation accuracy: 87.1605, Preservation: 100.0000%
    DEBUG: Radiation impact: 0.1000, Protection factor: 0.9000, Radiation accuracy: 87.4725, Preservation: 99.8190%
    DEBUG: Radiation impact: 0.1000, Protection factor: 0.9000, Radiation accuracy: 88.0398, Preservation: 100.0000%
    DEBUG: Radiation impact: 0.1000, Protection factor: 0.9000, Radiation accuracy: 87.1208, Preservation: 99.6524%
    DEBUG: Radiation impact: 0.1000, Protection factor: 0.9000, Radiation accuracy: 86.1330, Preservation: 99.0039%
    DEBUG: Radiation impact: 0.1000, Protection factor: 0.9000, Radiation accuracy: 86.6422, Preservation: 98.3825%
    DEBUG: Radiation impact: 0.1000, Protection factor: 0.9000, Radiation accuracy: 85.3670, Preservation: 98.7311%
    DEBUG: Radiation impact: 0.1000, Protection factor: 0.9000, Radiation accuracy: 85.5030, Preservation: 98.5291%
    DEBUG: Radiation impact: 0.1000, Protection factor: 0.9000, Radiation accuracy: 85.0326, Preservation: 98.0424%
    DEBUG: Radiation impact: 0.1000, Protection factor: 0.9000, Radiation accuracy: 85.6968, Preservation: 98.2026%
    DEBUG: Radiation impact: 0.1000, Protection factor: 0.9000, Radiation accuracy: 86.8215, Preservation: 98.4836%
    DEBUG: Radiation impact: 0.1000, Protection factor: 0.9000, Radiation accuracy: 84.9298, Preservation: 98.1029%
    DEBUG: Radiation impact: 0.1000, Protection factor: 0.9000, Radiation accuracy: 86.8638, Preservation: 98.6959%
    DEBUG: Radiation impact: 0.1000, Protection factor: 0.9000, Radiation accuracy: 85.5986, Preservation: 98.6722%
    DEBUG: Radiation impact: 0.1000, Protection factor: 0.9000, Radiation accuracy: 87.3523, Preservation: 99.5605%
    DEBUG: Radiation impact: 0.1000, Protection factor: 0.9000, Radiation accuracy: 85.9618, Preservation: 99.0301%
    DEBUG: Radiation impact: 0.1000, Protection factor: 0.9000, Radiation accuracy: 84.8844, Preservation: 98.3804%
    DEBUG: Radiation impact: 0.1000, Protection factor: 0.9000, Radiation accuracy: 87.1709, Preservation: 99.8401%
    DEBUG: Radiation impact: 0.1000, Protection factor: 0.9000, Radiation accuracy: 86.2541, Preservation: 99.8361%
    DEBUG: Radiation impact: 0.1000, Protection factor: 0.9000, Radiation accuracy: 85.8626, Preservation: 99.2829%
    DEBUG: Radiation impact: 0.1000, Protection factor: 0.9000, Radiation accuracy: 85.0803, Preservation: 98.3013%
    DEBUG: Radiation impact: 0.1000, Protection factor: 0.9000, Radiation accuracy: 85.9190, Preservation: 98.7729%
    DEBUG: Radiation impact: 0.1000, Protection factor: 0.9000, Radiation accuracy: 85.6918, Preservation: 97.9746%
    DEBUG: Radiation impact: 0.1000, Protection factor: 0.9000, Radiation accuracy: 85.6445, Preservation: 98.6830%
    DEBUG: Radiation impact: 0.1000, Protection factor: 0.9000, Radiation accuracy: 85.1509, Preservation: 98.5176%
    DEBUG: Radiation impact: 0.1000, Protection factor: 0.9000, Radiation accuracy: 86.3009, Preservation: 98.5905%
    DEBUG: Radiation impact: 0.1000, Protection factor: 0.9000, Radiation accuracy: 86.3486, Preservation: 99.6942%
    DEBUG: Radiation impact: 0.1000, Protection factor: 0.9000, Radiation accuracy: 85.4425, Preservation: 98.0602%
    DEBUG: Radiation impact: 0.1000, Protection factor: 0.9000, Radiation accuracy: 86.7748, Preservation: 98.3912%
    DEBUG: Radiation impact: 0.1000, Protection factor: 0.9000, Radiation accuracy: 87.5838, Preservation: 100.0000%
    DEBUG: Radiation impact: 0.1000, Protection factor: 0.9000, Radiation accuracy: 86.0398, Preservation: 99.4466%
    DEBUG: Radiation impact: 0.1000, Protection factor: 0.9000, Radiation accuracy: 86.5599, Preservation: 99.2264%
    DEBUG: Radiation impact: 0.1000, Protection factor: 0.9000, Radiation accuracy: 86.9906, Preservation: 98.8897%
    DEBUG: Radiation impact: 0.1000, Protection factor: 0.9000, Radiation accuracy: 85.1278, Preservation: 98.5702%
    DEBUG: Radiation impact: 0.1000, Protection factor: 0.9000, Radiation accuracy: 87.0143, Preservation: 99.3016%
    DEBUG: Radiation impact: 0.1000, Protection factor: 0.9000, Radiation accuracy: 87.0975, Preservation: 99.9306%
    DEBUG: Radiation impact: 0.1000, Protection factor: 0.9000, Radiation accuracy: 85.3457, Preservation: 98.0929%
    DEBUG: Radiation impact: 0.1000, Protection factor: 0.9000, Radiation accuracy: 85.4977, Preservation: 98.8407%
    DEBUG: Radiation impact: 0.1000, Protection factor: 0.9000, Radiation accuracy: 85.8877, Preservation: 99.4474%
    DEBUG: Radiation impact: 0.1000, Protection factor: 0.9000, Radiation accuracy: 87.0469, Preservation: 98.8478%
    DEBUG: Radiation impact: 0.1000, Protection factor: 0.9000, Radiation accuracy: 85.2598, Preservation: 98.1046%
    DEBUG: Radiation impact: 0.1000, Protection factor: 0.9000, Radiation accuracy: 85.5335, Preservation: 98.2740%
    DEBUG: Radiation impact: 0.1000, Protection factor: 0.9000, Radiation accuracy: 86.3352, Preservation: 99.6797%
Results: Baseline accuracy = 87.1417 ± 0.5719, Radiation accuracy = 86.2656 ± 0.8242, Preservation = 98.9943 ± 0.6335%
Results: Baseline accuracy = 87.14% ± 0.57%, Radiation accuracy = 86.27% ± 0.82%, Preservation = 98.99% ± 0.63%
Testing configuration:
Architecture: 2-128-256-256-2-
Dropout: 0.30
Residual: Yes
Protection: 5
    DEBUG: Radiation impact: 0.10, Protection factor: 0.90, Radiation accuracy: 87.77, Preservation: 99.60%
    DEBUG: Radiation impact: 0.10, Protection factor: 0.90, Radiation accuracy: 87.49, Preservation: 100.00%
    DEBUG: Radiation impact: 0.10, Protection factor: 0.90, Radiation accuracy: 86.21, Preservation: 99.34%
    DEBUG: Radiation impact: 0.10, Protection factor: 0.90, Radiation accuracy: 86.35, Preservation: 99.86%
    DEBUG: Radiation impact: 0.10, Protection factor: 0.90, Radiation accuracy: 87.06, Preservation: 100.00%
    DEBUG: Radiation impact: 0.10, Protection factor: 0.90, Radiation accuracy: 86.66, Preservation: 99.87%
    DEBUG: Radiation impact: 0.10, Protection factor: 0.90, Radiation accuracy: 85.41, Preservation: 97.93%
    DEBUG: Radiation impact: 0.10, Protection factor: 0.90, Radiation accuracy: 86.21, Preservation: 98.92%
    DEBUG: Radiation impact: 0.10, Protection factor: 0.90, Radiation accuracy: 87.82, Preservation: 99.45%
    DEBUG: Radiation impact: 0.10, Protection factor: 0.90, Radiation accuracy: 87.53, Preservation: 99.64%
    DEBUG: Radiation impact: 0.10, Protection factor: 0.90, Radiation accuracy: 87.40, Preservation: 99.79%
    DEBUG: Radiation impact: 0.10, Protection factor: 0.90, Radiation accuracy: 86.78, Preservation: 99.64%
    DEBUG: Radiation impact: 0.10, Protection factor: 0.90, Radiation accuracy: 85.22, Preservation: 98.47%
    DEBUG: Radiation impact: 0.10, Protection factor: 0.90, Radiation accuracy: 87.43, Preservation: 99.01%
    DEBUG: Radiation impact: 0.10, Protection factor: 0.90, Radiation accuracy: 87.55, Preservation: 99.87%
    DEBUG: Radiation impact: 0.10, Protection factor: 0.90, Radiation accuracy: 86.62, Preservation: 98.68%
    DEBUG: Radiation impact: 0.10, Protection factor: 0.90, Radiation accuracy: 86.54, Preservation: 100.00%
    DEBUG: Radiation impact: 0.10, Protection factor: 0.90, Radiation accuracy: 87.52, Preservation: 99.86%
    DEBUG: Radiation impact: 0.10, Protection factor: 0.90, Radiation accuracy: 87.87, Preservation: 99.67%
    DEBUG: Radiation impact: 0.10, Protection factor: 0.90, Radiation accuracy: 87.43, Preservation: 99.52%
    DEBUG: Radiation impact: 0.10, Protection factor: 0.90, Radiation accuracy: 86.30, Preservation: 98.48%
    DEBUG: Radiation impact: 0.10, Protection factor: 0.90, Radiation accuracy: 85.95, Preservation: 98.18%
    DEBUG: Radiation impact: 0.10, Protection factor: 0.90, Radiation accuracy: 87.60, Preservation: 99.31%
    DEBUG: Radiation impact: 0.10, Protection factor: 0.90, Radiation accuracy: 87.24, Preservation: 99.16%
    DEBUG: Radiation impact: 0.10, Protection factor: 0.90, Radiation accuracy: 87.50, Preservation: 99.79%
    DEBUG: Radiation impact: 0.10, Protection factor: 0.90, Radiation accuracy: 87.23, Preservation: 100.00%
    DEBUG: Radiation impact: 0.10, Protection factor: 0.90, Radiation accuracy: 86.39, Preservation: 99.15%
    DEBUG: Radiation impact: 0.10, Protection factor: 0.90, Radiation accuracy: 87.77, Preservation: 99.34%
    DEBUG: Radiation impact: 0.10, Protection factor: 0.90, Radiation accuracy: 85.42, Preservation: 98.49%
    DEBUG: Radiation impact: 0.10, Protection factor: 0.90, Radiation accuracy: 85.49, Preservation: 98.72%
    DEBUG: Radiation impact: 0.10, Protection factor: 0.90, Radiation accuracy: 85.21, Preservation: 97.99%
    DEBUG: Radiation impact: 0.10, Protection factor: 0.90, Radiation accuracy: 84.70, Preservation: 97.97%
    DEBUG: Radiation impact: 0.10, Protection factor: 0.90, Radiation accuracy: 86.85, Preservation: 98.60%
    DEBUG: Radiation impact: 0.10, Protection factor: 0.90, Radiation accuracy: 87.59, Preservation: 99.33%
    DEBUG: Radiation impact: 0.10, Protection factor: 0.90, Radiation accuracy: 85.76, Preservation: 99.21%
    DEBUG: Radiation impact: 0.10, Protection factor: 0.90, Radiation accuracy: 85.96, Preservation: 98.77%
    DEBUG: Radiation impact: 0.10, Protection factor: 0.90, Radiation accuracy: 86.36, Preservation: 98.50%
    DEBUG: Radiation impact: 0.10, Protection factor: 0.90, Radiation accuracy: 85.33, Preservation: 98.07%
    DEBUG: Radiation impact: 0.10, Protection factor: 0.90, Radiation accuracy: 86.22, Preservation: 99.40%
    DEBUG: Radiation impact: 0.10, Protection factor: 0.90, Radiation accuracy: 85.92, Preservation: 98.83%
    DEBUG: Radiation impact: 0.10, Protection factor: 0.90, Radiation accuracy: 85.46, Preservation: 97.96%
    DEBUG: Radiation impact: 0.10, Protection factor: 0.90, Radiation accuracy: 87.00, Preservation: 100.00%
    DEBUG: Radiation impact: 0.10, Protection factor: 0.90, Radiation accuracy: 86.78, Preservation: 99.48%
    DEBUG: Radiation impact: 0.10, Protection factor: 0.90, Radiation accuracy: 87.17, Preservation: 99.05%
    DEBUG: Radiation impact: 0.10, Protection factor: 0.90, Radiation accuracy: 87.11, Preservation: 99.31%
    DEBUG: Radiation impact: 0.10, Protection factor: 0.90, Radiation accuracy: 86.04, Preservation: 98.41%
    DEBUG: Radiation impact: 0.10, Protection factor: 0.90, Radiation accuracy: 86.51, Preservation: 99.59%
    DEBUG: Radiation impact: 0.10, Protection factor: 0.90, Radiation accuracy: 86.52, Preservation: 99.84%
    DEBUG: Radiation impact: 0.10, Protection factor: 0.90, Radiation accuracy: 87.16, Preservation: 98.67%
    DEBUG: Radiation impact: 0.10, Protection factor: 0.90, Radiation accuracy: 85.46, Preservation: 98.70%
Results: Baseline accuracy = 87.36 ± 0.59, Radiation accuracy = 86.62 ± 0.84, Preservation = 99.15 ± 0.64%
Results: Baseline accuracy = 87.36% ± 0.59%, Radiation accuracy = 86.62% ± 0.84%, Preservation = 99.15% ± 0.64%
Testing configuration:
Architecture: 2-256-2-
Dropout: 0.30
Residual: Yes
Protection: 5
    DEBUG: Radiation impact: 0.10, Protection factor: 0.90, Radiation accuracy: 84.13, Preservation: 99.69%
    DEBUG: Radiation impact: 0.10, Protection factor: 0.90, Radiation accuracy: 83.89, Preservation: 98.20%
    DEBUG: Radiation impact: 0.10, Protection factor: 0.90, Radiation accuracy: 83.55, Preservation: 99.77%
    DEBUG: Radiation impact: 0.10, Protection factor: 0.90, Radiation accuracy: 84.03, Preservation: 98.70%
    DEBUG: Radiation impact: 0.10, Protection factor: 0.90, Radiation accuracy: 83.57, Preservation: 98.49%
    DEBUG: Radiation impact: 0.10, Protection factor: 0.90, Radiation accuracy: 84.30, Preservation: 98.94%
    DEBUG: Radiation impact: 0.10, Protection factor: 0.90, Radiation accuracy: 83.40, Preservation: 98.79%
    DEBUG: Radiation impact: 0.10, Protection factor: 0.90, Radiation accuracy: 84.87, Preservation: 99.92%
    DEBUG: Radiation impact: 0.10, Protection factor: 0.90, Radiation accuracy: 82.20, Preservation: 98.30%
    DEBUG: Radiation impact: 0.10, Protection factor: 0.90, Radiation accuracy: 84.03, Preservation: 98.51%
    DEBUG: Radiation impact: 0.10, Protection factor: 0.90, Radiation accuracy: 84.01, Preservation: 98.33%
    DEBUG: Radiation impact: 0.10, Protection factor: 0.90, Radiation accuracy: 83.77, Preservation: 100.00%
    DEBUG: Radiation impact: 0.10, Protection factor: 0.90, Radiation accuracy: 83.47, Preservation: 99.79%
    DEBUG: Radiation impact: 0.10, Protection factor: 0.90, Radiation accuracy: 82.48, Preservation: 98.74%
    DEBUG: Radiation impact: 0.10, Protection factor: 0.90, Radiation accuracy: 83.13, Preservation: 98.77%
    DEBUG: Radiation impact: 0.10, Protection factor: 0.90, Radiation accuracy: 84.24, Preservation: 99.25%
    DEBUG: Radiation impact: 0.10, Protection factor: 0.90, Radiation accuracy: 84.18, Preservation: 99.61%
    DEBUG: Radiation impact: 0.10, Protection factor: 0.90, Radiation accuracy: 84.64, Preservation: 99.04%
    DEBUG: Radiation impact: 0.10, Protection factor: 0.90, Radiation accuracy: 84.64, Preservation: 99.81%
    DEBUG: Radiation impact: 0.10, Protection factor: 0.90, Radiation accuracy: 82.40, Preservation: 98.42%
    DEBUG: Radiation impact: 0.10, Protection factor: 0.90, Radiation accuracy: 83.81, Preservation: 99.16%
    DEBUG: Radiation impact: 0.10, Protection factor: 0.90, Radiation accuracy: 83.25, Preservation: 99.50%
    DEBUG: Radiation impact: 0.10, Protection factor: 0.90, Radiation accuracy: 85.28, Preservation: 99.96%
    DEBUG: Radiation impact: 0.10, Protection factor: 0.90, Radiation accuracy: 83.52, Preservation: 100.00%
    DEBUG: Radiation impact: 0.10, Protection factor: 0.90, Radiation accuracy: 84.15, Preservation: 98.55%
    DEBUG: Radiation impact: 0.10, Protection factor: 0.90, Radiation accuracy: 84.00, Preservation: 100.00%
    DEBUG: Radiation impact: 0.10, Protection factor: 0.90, Radiation accuracy: 83.09, Preservation: 99.34%
    DEBUG: Radiation impact: 0.10, Protection factor: 0.90, Radiation accuracy: 83.75, Preservation: 98.71%
    DEBUG: Radiation impact: 0.10, Protection factor: 0.90, Radiation accuracy: 82.62, Preservation: 98.76%
    DEBUG: Radiation impact: 0.10, Protection factor: 0.90, Radiation accuracy: 83.17, Preservation: 98.85%
    DEBUG: Radiation impact: 0.10, Protection factor: 0.90, Radiation accuracy: 83.59, Preservation: 98.30%
    DEBUG: Radiation impact: 0.10, Protection factor: 0.90, Radiation accuracy: 83.78, Preservation: 99.37%
    DEBUG: Radiation impact: 0.10, Protection factor: 0.90, Radiation accuracy: 83.40, Preservation: 99.35%
    DEBUG: Radiation impact: 0.10, Protection factor: 0.90, Radiation accuracy: 83.22, Preservation: 98.87%
    DEBUG: Radiation impact: 0.10, Protection factor: 0.90, Radiation accuracy: 82.21, Preservation: 98.18%
    DEBUG: Radiation impact: 0.10, Protection factor: 0.90, Radiation accuracy: 83.32, Preservation: 98.18%
    DEBUG: Radiation impact: 0.10, Protection factor: 0.90, Radiation accuracy: 83.63, Preservation: 98.90%
    DEBUG: Radiation impact: 0.10, Protection factor: 0.90, Radiation accuracy: 84.58, Preservation: 100.00%
    DEBUG: Radiation impact: 0.10, Protection factor: 0.90, Radiation accuracy: 83.18, Preservation: 98.93%
    DEBUG: Radiation impact: 0.10, Protection factor: 0.90, Radiation accuracy: 82.11, Preservation: 97.89%
    DEBUG: Radiation impact: 0.10, Protection factor: 0.90, Radiation accuracy: 83.04, Preservation: 99.38%
    DEBUG: Radiation impact: 0.10, Protection factor: 0.90, Radiation accuracy: 84.51, Preservation: 98.94%
    DEBUG: Radiation impact: 0.10, Protection factor: 0.90, Radiation accuracy: 83.41, Preservation: 98.59%
    DEBUG: Radiation impact: 0.10, Protection factor: 0.90, Radiation accuracy: 85.47, Preservation: 100.00%
    DEBUG: Radiation impact: 0.10, Protection factor: 0.90, Radiation accuracy: 83.82, Preservation: 99.01%
    DEBUG: Radiation impact: 0.10, Protection factor: 0.90, Radiation accuracy: 84.67, Preservation: 99.09%
    DEBUG: Radiation impact: 0.10, Protection factor: 0.90, Radiation accuracy: 83.19, Preservation: 98.48%
    DEBUG: Radiation impact: 0.10, Protection factor: 0.90, Radiation accuracy: 83.07, Preservation: 99.38%
    DEBUG: Radiation impact: 0.10, Protection factor: 0.90, Radiation accuracy: 83.84, Preservation: 100.00%
    DEBUG: Radiation impact: 0.10, Protection factor: 0.90, Radiation accuracy: 83.13, Preservation: 99.26%
Results: Baseline accuracy = 84.43 ± 0.65, Radiation accuracy = 83.65 ± 0.74, Preservation = 99.08 ± 0.60%
Results: Baseline accuracy = 84.43% ± 0.65%, Radiation accuracy = 83.65% ± 0.74%, Preservation = 99.08% ± 0.60%
Testing configuration:
Architecture: 2-128-2-
Dropout: 0.30
Residual: No
Protection: 5
    DEBUG: Radiation impact: 0.10, Protection factor: 0.90, Radiation accuracy: 84.06, Preservation: 99.73%
    DEBUG: Radiation impact: 0.10, Protection factor: 0.90, Radiation accuracy: 83.39, Preservation: 97.87%
    DEBUG: Radiation impact: 0.10, Protection factor: 0.90, Radiation accuracy: 82.23, Preservation: 98.38%
    DEBUG: Radiation impact: 0.10, Protection factor: 0.90, Radiation accuracy: 83.65, Preservation: 99.38%
    DEBUG: Radiation impact: 0.10, Protection factor: 0.90, Radiation accuracy: 82.69, Preservation: 98.68%
    DEBUG: Radiation impact: 0.10, Protection factor: 0.90, Radiation accuracy: 82.84, Preservation: 98.84%
    DEBUG: Radiation impact: 0.10, Protection factor: 0.90, Radiation accuracy: 82.98, Preservation: 98.86%
    DEBUG: Radiation impact: 0.10, Protection factor: 0.90, Radiation accuracy: 82.94, Preservation: 97.86%
    DEBUG: Radiation impact: 0.10, Protection factor: 0.90, Radiation accuracy: 82.75, Preservation: 98.22%
    DEBUG: Radiation impact: 0.10, Protection factor: 0.90, Radiation accuracy: 83.48, Preservation: 97.99%
    DEBUG: Radiation impact: 0.10, Protection factor: 0.90, Radiation accuracy: 82.33, Preservation: 98.26%
    DEBUG: Radiation impact: 0.10, Protection factor: 0.90, Radiation accuracy: 83.09, Preservation: 99.64%
    DEBUG: Radiation impact: 0.10, Protection factor: 0.90, Radiation accuracy: 81.83, Preservation: 98.05%
    DEBUG: Radiation impact: 0.10, Protection factor: 0.90, Radiation accuracy: 83.83, Preservation: 99.94%
    DEBUG: Radiation impact: 0.10, Protection factor: 0.90, Radiation accuracy: 83.16, Preservation: 99.09%
    DEBUG: Radiation impact: 0.10, Protection factor: 0.90, Radiation accuracy: 82.09, Preservation: 98.32%
    DEBUG: Radiation impact: 0.10, Protection factor: 0.90, Radiation accuracy: 83.89, Preservation: 98.36%
    DEBUG: Radiation impact: 0.10, Protection factor: 0.90, Radiation accuracy: 84.62, Preservation: 99.34%
    DEBUG: Radiation impact: 0.10, Protection factor: 0.90, Radiation accuracy: 83.95, Preservation: 100.00%
    DEBUG: Radiation impact: 0.10, Protection factor: 0.90, Radiation accuracy: 83.24, Preservation: 99.21%
    DEBUG: Radiation impact: 0.10, Protection factor: 0.90, Radiation accuracy: 82.61, Preservation: 98.62%
    DEBUG: Radiation impact: 0.10, Protection factor: 0.90, Radiation accuracy: 83.93, Preservation: 99.36%
    DEBUG: Radiation impact: 0.10, Protection factor: 0.90, Radiation accuracy: 82.02, Preservation: 98.29%
    DEBUG: Radiation impact: 0.10, Protection factor: 0.90, Radiation accuracy: 83.96, Preservation: 99.10%
    DEBUG: Radiation impact: 0.10, Protection factor: 0.90, Radiation accuracy: 83.91, Preservation: 98.49%
    DEBUG: Radiation impact: 0.10, Protection factor: 0.90, Radiation accuracy: 83.35, Preservation: 99.27%
    DEBUG: Radiation impact: 0.10, Protection factor: 0.90, Radiation accuracy: 82.45, Preservation: 97.82%
    DEBUG: Radiation impact: 0.10, Protection factor: 0.90, Radiation accuracy: 84.13, Preservation: 100.00%
    DEBUG: Radiation impact: 0.10, Protection factor: 0.90, Radiation accuracy: 83.05, Preservation: 98.20%
    DEBUG: Radiation impact: 0.10, Protection factor: 0.90, Radiation accuracy: 84.47, Preservation: 99.41%
    DEBUG: Radiation impact: 0.10, Protection factor: 0.90, Radiation accuracy: 82.69, Preservation: 98.43%
    DEBUG: Radiation impact: 0.10, Protection factor: 0.90, Radiation accuracy: 84.12, Preservation: 98.91%
    DEBUG: Radiation impact: 0.10, Protection factor: 0.90, Radiation accuracy: 84.25, Preservation: 99.15%
    DEBUG: Radiation impact: 0.10, Protection factor: 0.90, Radiation accuracy: 84.08, Preservation: 99.69%
    DEBUG: Radiation impact: 0.10, Protection factor: 0.90, Radiation accuracy: 84.08, Preservation: 99.97%
    DEBUG: Radiation impact: 0.10, Protection factor: 0.90, Radiation accuracy: 83.61, Preservation: 98.89%
    DEBUG: Radiation impact: 0.10, Protection factor: 0.90, Radiation accuracy: 84.89, Preservation: 99.98%
    DEBUG: Radiation impact: 0.10, Protection factor: 0.90, Radiation accuracy: 83.53, Preservation: 98.81%
    DEBUG: Radiation impact: 0.10, Protection factor: 0.90, Radiation accuracy: 84.52, Preservation: 99.36%
    DEBUG: Radiation impact: 0.10, Protection factor: 0.90, Radiation accuracy: 83.23, Preservation: 98.71%
    DEBUG: Radiation impact: 0.10, Protection factor: 0.90, Radiation accuracy: 82.66, Preservation: 99.17%
    DEBUG: Radiation impact: 0.10, Protection factor: 0.90, Radiation accuracy: 82.73, Preservation: 98.16%
    DEBUG: Radiation impact: 0.10, Protection factor: 0.90, Radiation accuracy: 82.27, Preservation: 98.21%
    DEBUG: Radiation impact: 0.10, Protection factor: 0.90, Radiation accuracy: 82.57, Preservation: 98.08%
    DEBUG: Radiation impact: 0.10, Protection factor: 0.90, Radiation accuracy: 82.09, Preservation: 98.35%
    DEBUG: Radiation impact: 0.10, Protection factor: 0.90, Radiation accuracy: 83.52, Preservation: 99.02%
    DEBUG: Radiation impact: 0.10, Protection factor: 0.90, Radiation accuracy: 84.33, Preservation: 99.98%
    DEBUG: Radiation impact: 0.10, Protection factor: 0.90, Radiation accuracy: 81.78, Preservation: 98.08%
    DEBUG: Radiation impact: 0.10, Protection factor: 0.90, Radiation accuracy: 83.23, Preservation: 97.99%
    DEBUG: Radiation impact: 0.10, Protection factor: 0.90, Radiation accuracy: 84.36, Preservation: 99.63%
Results: Baseline accuracy = 84.27 ± 0.56, Radiation accuracy = 83.31 ± 0.80, Preservation = 98.86 ± 0.67%
Results: Baseline accuracy = 84.27% ± 0.56%, Radiation accuracy = 83.31% ± 0.80%, Preservation = 98.86% ± 0.67%
Testing configuration:
Architecture: 2-256-256-256-2-
Dropout: 0.30
Residual: Yes
Protection: 5
    DEBUG: Radiation impact: 0.10, Protection factor: 0.90, Radiation accuracy: 85.68, Preservation: 99.01%
    DEBUG: Radiation impact: 0.10, Protection factor: 0.90, Radiation accuracy: 86.26, Preservation: 98.87%
    DEBUG: Radiation impact: 0.10, Protection factor: 0.90, Radiation accuracy: 84.98, Preservation: 98.22%
    DEBUG: Radiation impact: 0.10, Protection factor: 0.90, Radiation accuracy: 86.59, Preservation: 99.73%
    DEBUG: Radiation impact: 0.10, Protection factor: 0.90, Radiation accuracy: 85.95, Preservation: 98.03%
    DEBUG: Radiation impact: 0.10, Protection factor: 0.90, Radiation accuracy: 87.86, Preservation: 99.46%
    DEBUG: Radiation impact: 0.10, Protection factor: 0.90, Radiation accuracy: 88.05, Preservation: 99.65%
    DEBUG: Radiation impact: 0.10, Protection factor: 0.90, Radiation accuracy: 87.58, Preservation: 99.30%
    DEBUG: Radiation impact: 0.10, Protection factor: 0.90, Radiation accuracy: 86.35, Preservation: 99.69%
    DEBUG: Radiation impact: 0.10, Protection factor: 0.90, Radiation accuracy: 85.44, Preservation: 98.80%
    DEBUG: Radiation impact: 0.10, Protection factor: 0.90, Radiation accuracy: 84.92, Preservation: 97.91%
    DEBUG: Radiation impact: 0.10, Protection factor: 0.90, Radiation accuracy: 86.47, Preservation: 98.62%
    DEBUG: Radiation impact: 0.10, Protection factor: 0.90, Radiation accuracy: 86.08, Preservation: 99.20%
    DEBUG: Radiation impact: 0.10, Protection factor: 0.90, Radiation accuracy: 87.53, Preservation: 100.00%
    DEBUG: Radiation impact: 0.10, Protection factor: 0.90, Radiation accuracy: 86.50, Preservation: 98.21%
    DEBUG: Radiation impact: 0.10, Protection factor: 0.90, Radiation accuracy: 88.40, Preservation: 99.97%
    DEBUG: Radiation impact: 0.10, Protection factor: 0.90, Radiation accuracy: 84.92, Preservation: 98.17%
    DEBUG: Radiation impact: 0.10, Protection factor: 0.90, Radiation accuracy: 86.76, Preservation: 99.55%
    DEBUG: Radiation impact: 0.10, Protection factor: 0.90, Radiation accuracy: 86.88, Preservation: 99.51%
    DEBUG: Radiation impact: 0.10, Protection factor: 0.90, Radiation accuracy: 86.86, Preservation: 98.84%
    DEBUG: Radiation impact: 0.10, Protection factor: 0.90, Radiation accuracy: 86.71, Preservation: 99.76%
    DEBUG: Radiation impact: 0.10, Protection factor: 0.90, Radiation accuracy: 88.41, Preservation: 99.99%
    DEBUG: Radiation impact: 0.10, Protection factor: 0.90, Radiation accuracy: 85.61, Preservation: 98.67%
    DEBUG: Radiation impact: 0.10, Protection factor: 0.90, Radiation accuracy: 86.94, Preservation: 99.56%
    DEBUG: Radiation impact: 0.10, Protection factor: 0.90, Radiation accuracy: 85.67, Preservation: 98.06%
    DEBUG: Radiation impact: 0.10, Protection factor: 0.90, Radiation accuracy: 86.95, Preservation: 98.74%
    DEBUG: Radiation impact: 0.10, Protection factor: 0.90, Radiation accuracy: 84.90, Preservation: 97.93%
    DEBUG: Radiation impact: 0.10, Protection factor: 0.90, Radiation accuracy: 87.11, Preservation: 99.01%
    DEBUG: Radiation impact: 0.10, Protection factor: 0.90, Radiation accuracy: 86.64, Preservation: 99.65%
    DEBUG: Radiation impact: 0.10, Protection factor: 0.90, Radiation accuracy: 87.26, Preservation: 98.87%
    DEBUG: Radiation impact: 0.10, Protection factor: 0.90, Radiation accuracy: 85.87, Preservation: 98.79%
    DEBUG: Radiation impact: 0.10, Protection factor: 0.90, Radiation accuracy: 87.55, Preservation: 99.75%
    DEBUG: Radiation impact: 0.10, Protection factor: 0.90, Radiation accuracy: 87.77, Preservation: 99.58%
    DEBUG: Radiation impact: 0.10, Protection factor: 0.90, Radiation accuracy: 85.91, Preservation: 98.10%
    DEBUG: Radiation impact: 0.10, Protection factor: 0.90, Radiation accuracy: 87.74, Preservation: 99.80%
    DEBUG: Radiation impact: 0.10, Protection factor: 0.90, Radiation accuracy: 86.90, Preservation: 100.00%
    DEBUG: Radiation impact: 0.10, Protection factor: 0.90, Radiation accuracy: 87.18, Preservation: 99.10%
    DEBUG: Radiation impact: 0.10, Protection factor: 0.90, Radiation accuracy: 87.13, Preservation: 99.95%
    DEBUG: Radiation impact: 0.10, Protection factor: 0.90, Radiation accuracy: 87.48, Preservation: 99.96%
    DEBUG: Radiation impact: 0.10, Protection factor: 0.90, Radiation accuracy: 86.84, Preservation: 98.95%
    DEBUG: Radiation impact: 0.10, Protection factor: 0.90, Radiation accuracy: 86.62, Preservation: 98.27%
    DEBUG: Radiation impact: 0.10, Protection factor: 0.90, Radiation accuracy: 87.66, Preservation: 99.12%
    DEBUG: Radiation impact: 0.10, Protection factor: 0.90, Radiation accuracy: 85.94, Preservation: 99.21%
    DEBUG: Radiation impact: 0.10, Protection factor: 0.90, Radiation accuracy: 87.99, Preservation: 99.99%
    DEBUG: Radiation impact: 0.10, Protection factor: 0.90, Radiation accuracy: 85.87, Preservation: 98.99%
    DEBUG: Radiation impact: 0.10, Protection factor: 0.90, Radiation accuracy: 86.57, Preservation: 98.38%
    DEBUG: Radiation impact: 0.10, Protection factor: 0.90, Radiation accuracy: 86.00, Preservation: 97.96%
    DEBUG: Radiation impact: 0.10, Protection factor: 0.90, Radiation accuracy: 87.89, Preservation: 99.85%
    DEBUG: Radiation impact: 0.10, Protection factor: 0.90, Radiation accuracy: 87.92, Preservation: 99.43%
    DEBUG: Radiation impact: 0.10, Protection factor: 0.90, Radiation accuracy: 86.87, Preservation: 99.33%
Results: Baseline accuracy = 87.50 ± 0.63, Radiation accuracy = 86.72 ± 0.92, Preservation = 99.11 ± 0.66%
Results: Baseline accuracy = 87.50% ± 0.63%, Radiation accuracy = 86.72% ± 0.92%, Preservation = 99.11% ± 0.66%
Testing configuration:
Architecture: 2-64-256-256-2-
Dropout: 0.30
Residual: Yes
Protection: 3
    DEBUG: Radiation impact: 0.10, Protection factor: 0.80, Radiation accuracy: 85.79, Preservation: 98.39%
    DEBUG: Radiation impact: 0.10, Protection factor: 0.80, Radiation accuracy: 86.71, Preservation: 98.75%
    DEBUG: Radiation impact: 0.10, Protection factor: 0.80, Radiation accuracy: 85.52, Preservation: 98.29%
    DEBUG: Radiation impact: 0.10, Protection factor: 0.80, Radiation accuracy: 86.13, Preservation: 98.70%
    DEBUG: Radiation impact: 0.10, Protection factor: 0.80, Radiation accuracy: 85.38, Preservation: 96.91%
    DEBUG: Radiation impact: 0.10, Protection factor: 0.80, Radiation accuracy: 85.43, Preservation: 98.73%
    DEBUG: Radiation impact: 0.10, Protection factor: 0.80, Radiation accuracy: 86.80, Preservation: 98.83%
    DEBUG: Radiation impact: 0.10, Protection factor: 0.80, Radiation accuracy: 86.94, Preservation: 98.59%
    DEBUG: Radiation impact: 0.10, Protection factor: 0.80, Radiation accuracy: 84.60, Preservation: 97.38%
    DEBUG: Radiation impact: 0.10, Protection factor: 0.80, Radiation accuracy: 84.50, Preservation: 97.66%
    DEBUG: Radiation impact: 0.10, Protection factor: 0.80, Radiation accuracy: 85.55, Preservation: 98.68%
    DEBUG: Radiation impact: 0.10, Protection factor: 0.80, Radiation accuracy: 85.23, Preservation: 98.49%
    DEBUG: Radiation impact: 0.10, Protection factor: 0.80, Radiation accuracy: 86.40, Preservation: 97.88%
    DEBUG: Radiation impact: 0.10, Protection factor: 0.80, Radiation accuracy: 87.12, Preservation: 98.65%
    DEBUG: Radiation impact: 0.10, Protection factor: 0.80, Radiation accuracy: 86.02, Preservation: 98.29%
    DEBUG: Radiation impact: 0.10, Protection factor: 0.80, Radiation accuracy: 86.49, Preservation: 99.06%
    DEBUG: Radiation impact: 0.10, Protection factor: 0.80, Radiation accuracy: 85.54, Preservation: 96.95%
    DEBUG: Radiation impact: 0.10, Protection factor: 0.80, Radiation accuracy: 86.45, Preservation: 99.15%
    DEBUG: Radiation impact: 0.10, Protection factor: 0.80, Radiation accuracy: 85.72, Preservation: 97.55%
    DEBUG: Radiation impact: 0.10, Protection factor: 0.80, Radiation accuracy: 85.43, Preservation: 97.09%
    DEBUG: Radiation impact: 0.10, Protection factor: 0.80, Radiation accuracy: 85.28, Preservation: 98.08%
    DEBUG: Radiation impact: 0.10, Protection factor: 0.80, Radiation accuracy: 85.85, Preservation: 98.37%
    DEBUG: Radiation impact: 0.10, Protection factor: 0.80, Radiation accuracy: 86.11, Preservation: 98.24%
    DEBUG: Radiation impact: 0.10, Protection factor: 0.80, Radiation accuracy: 84.08, Preservation: 97.27%
    DEBUG: Radiation impact: 0.10, Protection factor: 0.80, Radiation accuracy: 85.67, Preservation: 97.44%
    DEBUG: Radiation impact: 0.10, Protection factor: 0.80, Radiation accuracy: 86.49, Preservation: 98.42%
    DEBUG: Radiation impact: 0.10, Protection factor: 0.80, Radiation accuracy: 86.21, Preservation: 99.15%
    DEBUG: Radiation impact: 0.10, Protection factor: 0.80, Radiation accuracy: 84.52, Preservation: 97.09%
    DEBUG: Radiation impact: 0.10, Protection factor: 0.80, Radiation accuracy: 85.08, Preservation: 97.84%
    DEBUG: Radiation impact: 0.10, Protection factor: 0.80, Radiation accuracy: 85.33, Preservation: 97.90%
    DEBUG: Radiation impact: 0.10, Protection factor: 0.80, Radiation accuracy: 84.76, Preservation: 97.70%
    DEBUG: Radiation impact: 0.10, Protection factor: 0.80, Radiation accuracy: 86.55, Preservation: 99.06%
    DEBUG: Radiation impact: 0.10, Protection factor: 0.80, Radiation accuracy: 85.64, Preservation: 97.83%
    DEBUG: Radiation impact: 0.10, Protection factor: 0.80, Radiation accuracy: 84.52, Preservation: 97.45%
    DEBUG: Radiation impact: 0.10, Protection factor: 0.80, Radiation accuracy: 85.06, Preservation: 97.51%
    DEBUG: Radiation impact: 0.10, Protection factor: 0.80, Radiation accuracy: 86.61, Preservation: 98.49%
    DEBUG: Radiation impact: 0.10, Protection factor: 0.80, Radiation accuracy: 86.03, Preservation: 98.97%
    DEBUG: Radiation impact: 0.10, Protection factor: 0.80, Radiation accuracy: 85.39, Preservation: 97.92%
    DEBUG: Radiation impact: 0.10, Protection factor: 0.80, Radiation accuracy: 85.42, Preservation: 96.97%
    DEBUG: Radiation impact: 0.10, Protection factor: 0.80, Radiation accuracy: 85.09, Preservation: 97.72%
    DEBUG: Radiation impact: 0.10, Protection factor: 0.80, Radiation accuracy: 85.39, Preservation: 98.51%
    DEBUG: Radiation impact: 0.10, Protection factor: 0.80, Radiation accuracy: 85.56, Preservation: 96.90%
    DEBUG: Radiation impact: 0.10, Protection factor: 0.80, Radiation accuracy: 84.65, Preservation: 97.35%
    DEBUG: Radiation impact: 0.10, Protection factor: 0.80, Radiation accuracy: 86.96, Preservation: 99.00%
    DEBUG: Radiation impact: 0.10, Protection factor: 0.80, Radiation accuracy: 84.42, Preservation: 97.69%
    DEBUG: Radiation impact: 0.10, Protection factor: 0.80, Radiation accuracy: 87.26, Preservation: 98.99%
    DEBUG: Radiation impact: 0.10, Protection factor: 0.80, Radiation accuracy: 86.28, Preservation: 98.33%
    DEBUG: Radiation impact: 0.10, Protection factor: 0.80, Radiation accuracy: 85.53, Preservation: 98.60%
    DEBUG: Radiation impact: 0.10, Protection factor: 0.80, Radiation accuracy: 84.99, Preservation: 98.18%
    DEBUG: Radiation impact: 0.10, Protection factor: 0.80, Radiation accuracy: 85.99, Preservation: 97.29%
Results: Baseline accuracy = 87.36 ± 0.59, Radiation accuracy = 85.69 ± 0.77, Preservation = 98.09 ± 0.67%
Results: Baseline accuracy = 87.36% ± 0.59%, Radiation accuracy = 85.69% ± 0.77%, Preservation = 98.09% ± 0.67%
Testing configuration:
Architecture: 2-128-2-
Dropout: 0.30
Residual: Yes
Protection: 4
    DEBUG: Radiation impact: 0.10, Protection factor: 0.85, Radiation accuracy: 82.86, Preservation: 97.99%
    DEBUG: Radiation impact: 0.10, Protection factor: 0.85, Radiation accuracy: 83.89, Preservation: 99.13%
    DEBUG: Radiation impact: 0.10, Protection factor: 0.85, Radiation accuracy: 82.71, Preservation: 98.65%
    DEBUG: Radiation impact: 0.10, Protection factor: 0.85, Radiation accuracy: 81.36, Preservation: 97.33%
    DEBUG: Radiation impact: 0.10, Protection factor: 0.85, Radiation accuracy: 84.34, Preservation: 99.25%
    DEBUG: Radiation impact: 0.10, Protection factor: 0.85, Radiation accuracy: 82.09, Preservation: 97.63%
    DEBUG: Radiation impact: 0.10, Protection factor: 0.85, Radiation accuracy: 82.97, Preservation: 97.65%
    DEBUG: Radiation impact: 0.10, Protection factor: 0.85, Radiation accuracy: 83.18, Preservation: 97.78%
    DEBUG: Radiation impact: 0.10, Protection factor: 0.85, Radiation accuracy: 83.20, Preservation: 98.34%
    DEBUG: Radiation impact: 0.10, Protection factor: 0.85, Radiation accuracy: 83.64, Preservation: 99.69%
    DEBUG: Radiation impact: 0.10, Protection factor: 0.85, Radiation accuracy: 82.39, Preservation: 97.33%
    DEBUG: Radiation impact: 0.10, Protection factor: 0.85, Radiation accuracy: 83.07, Preservation: 99.49%
    DEBUG: Radiation impact: 0.10, Protection factor: 0.85, Radiation accuracy: 83.99, Preservation: 99.12%
    DEBUG: Radiation impact: 0.10, Protection factor: 0.85, Radiation accuracy: 83.30, Preservation: 97.63%
    DEBUG: Radiation impact: 0.10, Protection factor: 0.85, Radiation accuracy: 82.99, Preservation: 97.76%
    DEBUG: Radiation impact: 0.10, Protection factor: 0.85, Radiation accuracy: 83.96, Preservation: 99.30%
    DEBUG: Radiation impact: 0.10, Protection factor: 0.85, Radiation accuracy: 82.73, Preservation: 98.85%
    DEBUG: Radiation impact: 0.10, Protection factor: 0.85, Radiation accuracy: 83.10, Preservation: 99.00%
    DEBUG: Radiation impact: 0.10, Protection factor: 0.85, Radiation accuracy: 82.04, Preservation: 97.36%
    DEBUG: Radiation impact: 0.10, Protection factor: 0.85, Radiation accuracy: 81.93, Preservation: 97.41%
    DEBUG: Radiation impact: 0.10, Protection factor: 0.85, Radiation accuracy: 82.16, Preservation: 97.35%
    DEBUG: Radiation impact: 0.10, Protection factor: 0.85, Radiation accuracy: 83.66, Preservation: 99.61%
    DEBUG: Radiation impact: 0.10, Protection factor: 0.85, Radiation accuracy: 82.80, Preservation: 97.90%
    DEBUG: Radiation impact: 0.10, Protection factor: 0.85, Radiation accuracy: 83.45, Preservation: 97.97%
    DEBUG: Radiation impact: 0.10, Protection factor: 0.85, Radiation accuracy: 83.25, Preservation: 99.62%
    DEBUG: Radiation impact: 0.10, Protection factor: 0.85, Radiation accuracy: 82.38, Preservation: 97.36%
    DEBUG: Radiation impact: 0.10, Protection factor: 0.85, Radiation accuracy: 82.54, Preservation: 97.78%
    DEBUG: Radiation impact: 0.10, Protection factor: 0.85, Radiation accuracy: 82.98, Preservation: 97.81%
    DEBUG: Radiation impact: 0.10, Protection factor: 0.85, Radiation accuracy: 83.68, Preservation: 99.12%
    DEBUG: Radiation impact: 0.10, Protection factor: 0.85, Radiation accuracy: 83.14, Preservation: 97.92%
    DEBUG: Radiation impact: 0.10, Protection factor: 0.85, Radiation accuracy: 82.71, Preservation: 97.59%
    DEBUG: Radiation impact: 0.10, Protection factor: 0.85, Radiation accuracy: 83.15, Preservation: 98.61%
    DEBUG: Radiation impact: 0.10, Protection factor: 0.85, Radiation accuracy: 84.18, Preservation: 99.30%
    DEBUG: Radiation impact: 0.10, Protection factor: 0.85, Radiation accuracy: 83.03, Preservation: 98.39%
    DEBUG: Radiation impact: 0.10, Protection factor: 0.85, Radiation accuracy: 83.01, Preservation: 98.66%
    DEBUG: Radiation impact: 0.10, Protection factor: 0.85, Radiation accuracy: 83.73, Preservation: 99.31%
    DEBUG: Radiation impact: 0.10, Protection factor: 0.85, Radiation accuracy: 81.91, Preservation: 97.71%
    DEBUG: Radiation impact: 0.10, Protection factor: 0.85, Radiation accuracy: 83.18, Preservation: 97.75%
    DEBUG: Radiation impact: 0.10, Protection factor: 0.85, Radiation accuracy: 81.92, Preservation: 97.68%
    DEBUG: Radiation impact: 0.10, Protection factor: 0.85, Radiation accuracy: 83.15, Preservation: 99.21%
    DEBUG: Radiation impact: 0.10, Protection factor: 0.85, Radiation accuracy: 83.12, Preservation: 98.92%
    DEBUG: Radiation impact: 0.10, Protection factor: 0.85, Radiation accuracy: 81.60, Preservation: 97.65%
    DEBUG: Radiation impact: 0.10, Protection factor: 0.85, Radiation accuracy: 83.18, Preservation: 99.34%
    DEBUG: Radiation impact: 0.10, Protection factor: 0.85, Radiation accuracy: 83.35, Preservation: 98.72%
    DEBUG: Radiation impact: 0.10, Protection factor: 0.85, Radiation accuracy: 83.59, Preservation: 99.11%
    DEBUG: Radiation impact: 0.10, Protection factor: 0.85, Radiation accuracy: 84.27, Preservation: 98.90%
    DEBUG: Radiation impact: 0.10, Protection factor: 0.85, Radiation accuracy: 84.18, Preservation: 99.60%
    DEBUG: Radiation impact: 0.10, Protection factor: 0.85, Radiation accuracy: 82.10, Preservation: 97.71%
    DEBUG: Radiation impact: 0.10, Protection factor: 0.85, Radiation accuracy: 83.99, Preservation: 98.97%
    DEBUG: Radiation impact: 0.10, Protection factor: 0.85, Radiation accuracy: 82.13, Preservation: 98.18%
Results: Baseline accuracy = 84.37 ± 0.49, Radiation accuracy = 83.02 ± 0.72, Preservation = 98.41 ± 0.77%
Results: Baseline accuracy = 84.37% ± 0.49%, Radiation accuracy = 83.02% ± 0.72%, Preservation = 98.41% ± 0.77%
Testing configuration:
Architecture: 2-64-256-256-2-
Dropout: 0.40
Residual: Yes
Protection: 3
    DEBUG: Radiation impact: 0.10, Protection factor: 0.80, Radiation accuracy: 84.88, Preservation: 97.97%
    DEBUG: Radiation impact: 0.10, Protection factor: 0.80, Radiation accuracy: 83.43, Preservation: 97.26%
    DEBUG: Radiation impact: 0.10, Protection factor: 0.80, Radiation accuracy: 85.25, Preservation: 98.72%
    DEBUG: Radiation impact: 0.10, Protection factor: 0.80, Radiation accuracy: 83.95, Preservation: 98.00%
    DEBUG: Radiation impact: 0.10, Protection factor: 0.80, Radiation accuracy: 85.63, Preservation: 98.70%
    DEBUG: Radiation impact: 0.10, Protection factor: 0.80, Radiation accuracy: 83.66, Preservation: 97.35%
    DEBUG: Radiation impact: 0.10, Protection factor: 0.80, Radiation accuracy: 84.52, Preservation: 98.97%
    DEBUG: Radiation impact: 0.10, Protection factor: 0.80, Radiation accuracy: 84.29, Preservation: 97.34%
    DEBUG: Radiation impact: 0.10, Protection factor: 0.80, Radiation accuracy: 84.31, Preservation: 97.45%
    DEBUG: Radiation impact: 0.10, Protection factor: 0.80, Radiation accuracy: 85.02, Preservation: 98.44%
    DEBUG: Radiation impact: 0.10, Protection factor: 0.80, Radiation accuracy: 85.04, Preservation: 98.66%
    DEBUG: Radiation impact: 0.10, Protection factor: 0.80, Radiation accuracy: 84.89, Preservation: 98.80%
    DEBUG: Radiation impact: 0.10, Protection factor: 0.80, Radiation accuracy: 85.27, Preservation: 98.96%
    DEBUG: Radiation impact: 0.10, Protection factor: 0.80, Radiation accuracy: 85.07, Preservation: 98.02%
    DEBUG: Radiation impact: 0.10, Protection factor: 0.80, Radiation accuracy: 83.77, Preservation: 97.14%
    DEBUG: Radiation impact: 0.10, Protection factor: 0.80, Radiation accuracy: 84.99, Preservation: 97.65%
    DEBUG: Radiation impact: 0.10, Protection factor: 0.80, Radiation accuracy: 84.57, Preservation: 98.03%
    DEBUG: Radiation impact: 0.10, Protection factor: 0.80, Radiation accuracy: 85.08, Preservation: 98.00%
    DEBUG: Radiation impact: 0.10, Protection factor: 0.80, Radiation accuracy: 84.88, Preservation: 98.89%
    DEBUG: Radiation impact: 0.10, Protection factor: 0.80, Radiation accuracy: 85.44, Preservation: 98.14%
    DEBUG: Radiation impact: 0.10, Protection factor: 0.80, Radiation accuracy: 85.76, Preservation: 98.82%
    DEBUG: Radiation impact: 0.10, Protection factor: 0.80, Radiation accuracy: 84.87, Preservation: 98.49%
    DEBUG: Radiation impact: 0.10, Protection factor: 0.80, Radiation accuracy: 85.29, Preservation: 98.83%
    DEBUG: Radiation impact: 0.10, Protection factor: 0.80, Radiation accuracy: 84.51, Preservation: 98.65%
    DEBUG: Radiation impact: 0.10, Protection factor: 0.80, Radiation accuracy: 86.03, Preservation: 98.62%
    DEBUG: Radiation impact: 0.10, Protection factor: 0.80, Radiation accuracy: 83.88, Preservation: 97.65%
    DEBUG: Radiation impact: 0.10, Protection factor: 0.80, Radiation accuracy: 85.31, Preservation: 98.56%
    DEBUG: Radiation impact: 0.10, Protection factor: 0.80, Radiation accuracy: 84.16, Preservation: 97.50%
    DEBUG: Radiation impact: 0.10, Protection factor: 0.80, Radiation accuracy: 84.88, Preservation: 98.00%
    DEBUG: Radiation impact: 0.10, Protection factor: 0.80, Radiation accuracy: 83.65, Preservation: 97.11%
    DEBUG: Radiation impact: 0.10, Protection factor: 0.80, Radiation accuracy: 84.61, Preservation: 97.25%
    DEBUG: Radiation impact: 0.10, Protection factor: 0.80, Radiation accuracy: 86.14, Preservation: 99.04%
    DEBUG: Radiation impact: 0.10, Protection factor: 0.80, Radiation accuracy: 83.37, Preservation: 97.15%
    DEBUG: Radiation impact: 0.10, Protection factor: 0.80, Radiation accuracy: 84.11, Preservation: 97.88%
    DEBUG: Radiation impact: 0.10, Protection factor: 0.80, Radiation accuracy: 84.57, Preservation: 97.94%
    DEBUG: Radiation impact: 0.10, Protection factor: 0.80, Radiation accuracy: 84.27, Preservation: 98.62%
    DEBUG: Radiation impact: 0.10, Protection factor: 0.80, Radiation accuracy: 84.74, Preservation: 97.31%
    DEBUG: Radiation impact: 0.10, Protection factor: 0.80, Radiation accuracy: 85.31, Preservation: 99.01%
    DEBUG: Radiation impact: 0.10, Protection factor: 0.80, Radiation accuracy: 84.34, Preservation: 98.77%
    DEBUG: Radiation impact: 0.10, Protection factor: 0.80, Radiation accuracy: 85.75, Preservation: 99.08%
    DEBUG: Radiation impact: 0.10, Protection factor: 0.80, Radiation accuracy: 85.40, Preservation: 99.04%
    DEBUG: Radiation impact: 0.10, Protection factor: 0.80, Radiation accuracy: 84.04, Preservation: 97.09%
    DEBUG: Radiation impact: 0.10, Protection factor: 0.80, Radiation accuracy: 83.54, Preservation: 97.47%
    DEBUG: Radiation impact: 0.10, Protection factor: 0.80, Radiation accuracy: 85.17, Preservation: 98.32%
    DEBUG: Radiation impact: 0.10, Protection factor: 0.80, Radiation accuracy: 84.12, Preservation: 98.25%
    DEBUG: Radiation impact: 0.10, Protection factor: 0.80, Radiation accuracy: 84.71, Preservation: 97.87%
    DEBUG: Radiation impact: 0.10, Protection factor: 0.80, Radiation accuracy: 84.13, Preservation: 98.32%
    DEBUG: Radiation impact: 0.10, Protection factor: 0.80, Radiation accuracy: 83.89, Preservation: 97.44%
    DEBUG: Radiation impact: 0.10, Protection factor: 0.80, Radiation accuracy: 85.18, Preservation: 98.47%
    DEBUG: Radiation impact: 0.10, Protection factor: 0.80, Radiation accuracy: 85.46, Preservation: 98.04%
Results: Baseline accuracy = 86.31 ± 0.49, Radiation accuracy = 84.70 ± 0.69, Preservation = 98.14 ± 0.62%
Results: Baseline accuracy = 86.31% ± 0.49%, Radiation accuracy = 84.70% ± 0.69%, Preservation = 98.14% ± 0.62%
QD coverage: 0.0029% (occupied 29), elites injected: 4
Results exported to auto_arch_search_results.csv
Generation 11/20
Testing configuration:
Architecture: 2-256-256-256-2-
Dropout: 0.3000
Residual: Yes
Protection: 3
    DEBUG: Radiation impact: 0.1000, Protection factor: 0.8000, Radiation accuracy: 84.1668, Preservation: 97.0857%
    DEBUG: Radiation impact: 0.1000, Protection factor: 0.8000, Radiation accuracy: 84.8312, Preservation: 97.3227%
    DEBUG: Radiation impact: 0.1000, Protection factor: 0.8000, Radiation accuracy: 84.8928, Preservation: 97.7313%
    DEBUG: Radiation impact: 0.1000, Protection factor: 0.8000, Radiation accuracy: 85.2341, Preservation: 98.4572%
    DEBUG: Radiation impact: 0.1000, Protection factor: 0.8000, Radiation accuracy: 84.4258, Preservation: 97.3647%
    DEBUG: Radiation impact: 0.1000, Protection factor: 0.8000, Radiation accuracy: 85.4263, Preservation: 98.3861%
    DEBUG: Radiation impact: 0.1000, Protection factor: 0.8000, Radiation accuracy: 84.5443, Preservation: 97.3434%
    DEBUG: Radiation impact: 0.1000, Protection factor: 0.8000, Radiation accuracy: 85.1510, Preservation: 98.2146%
    DEBUG: Radiation impact: 0.1000, Protection factor: 0.8000, Radiation accuracy: 85.2485, Preservation: 97.1419%
    DEBUG: Radiation impact: 0.1000, Protection factor: 0.8000, Radiation accuracy: 84.6635, Preservation: 96.8724%
    DEBUG: Radiation impact: 0.1000, Protection factor: 0.8000, Radiation accuracy: 85.1007, Preservation: 97.6045%
    DEBUG: Radiation impact: 0.1000, Protection factor: 0.8000, Radiation accuracy: 86.7687, Preservation: 98.5705%
    DEBUG: Radiation impact: 0.1000, Protection factor: 0.8000, Radiation accuracy: 85.5760, Preservation: 97.0960%
    DEBUG: Radiation impact: 0.1000, Protection factor: 0.8000, Radiation accuracy: 84.9331, Preservation: 97.5653%
    DEBUG: Radiation impact: 0.1000, Protection factor: 0.8000, Radiation accuracy: 85.8136, Preservation: 98.2590%
    DEBUG: Radiation impact: 0.1000, Protection factor: 0.8000, Radiation accuracy: 85.1712, Preservation: 98.1677%
    DEBUG: Radiation impact: 0.1000, Protection factor: 0.8000, Radiation accuracy: 85.3569, Preservation: 98.1402%
    DEBUG: Radiation impact: 0.1000, Protection factor: 0.8000, Radiation accuracy: 84.4594, Preservation: 97.2062%
    DEBUG: Radiation impact: 0.1000, Protection factor: 0.8000, Radiation accuracy: 84.9141, Preservation: 97.9522%
    DEBUG: Radiation impact: 0.1000, Protection factor: 0.8000, Radiation accuracy: 85.8317, Preservation: 97.5580%
    DEBUG: Radiation impact: 0.1000, Protection factor: 0.8000, Radiation accuracy: 85.4899, Preservation: 98.3139%
    DEBUG: Radiation impact: 0.1000, Protection factor: 0.8000, Radiation accuracy: 86.9994, Preservation: 98.6951%
    DEBUG: Radiation impact: 0.1000, Protection factor: 0.8000, Radiation accuracy: 86.3151, Preservation: 98.3204%
    DEBUG: Radiation impact: 0.1000, Protection factor: 0.8000, Radiation accuracy: 84.4321, Preservation: 97.1029%
    DEBUG: Radiation impact: 0.1000, Protection factor: 0.8000, Radiation accuracy: 85.2780, Preservation: 97.3171%
    DEBUG: Radiation impact: 0.1000, Protection factor: 0.8000, Radiation accuracy: 85.6825, Preservation: 98.0470%
    DEBUG: Radiation impact: 0.1000, Protection factor: 0.8000, Radiation accuracy: 86.2537, Preservation: 98.7776%
    DEBUG: Radiation impact: 0.1000, Protection factor: 0.8000, Radiation accuracy: 84.8144, Preservation: 97.6179%
    DEBUG: Radiation impact: 0.1000, Protection factor: 0.8000, Radiation accuracy: 87.1400, Preservation: 99.0678%
    DEBUG: Radiation impact: 0.1000, Protection factor: 0.8000, Radiation accuracy: 85.8225, Preservation: 98.6273%
    DEBUG: Radiation impact: 0.1000, Protection factor: 0.8000, Radiation accuracy: 84.3881, Preservation: 97.1439%
    DEBUG: Radiation impact: 0.1000, Protection factor: 0.8000, Radiation accuracy: 87.5428, Preservation: 98.9908%
    DEBUG: Radiation impact: 0.1000, Protection factor: 0.8000, Radiation accuracy: 85.2686, Preservation: 97.3113%
    DEBUG: Radiation impact: 0.1000, Protection factor: 0.8000, Radiation accuracy: 86.7309, Preservation: 99.0781%
    DEBUG: Radiation impact: 0.1000, Protection factor: 0.8000, Radiation accuracy: 85.4495, Preservation: 97.2492%
    DEBUG: Radiation impact: 0.1000, Protection factor: 0.8000, Radiation accuracy: 85.4326, Preservation: 98.0073%
    DEBUG: Radiation impact: 0.1000, Protection factor: 0.8000, Radiation accuracy: 86.7615, Preservation: 98.4264%
    DEBUG: Radiation impact: 0.1000, Protection factor: 0.8000, Radiation accuracy: 85.6152, Preservation: 98.9165%
    DEBUG: Radiation impact: 0.1000, Protection factor: 0.8000, Radiation accuracy: 85.3501, Preservation: 98.2314%
    DEBUG: Radiation impact: 0.1000, Protection factor: 0.8000, Radiation accuracy: 86.8400, Preservation: 98.3836%
    DEBUG: Radiation impact: 0.1000, Protection factor: 0.8000, Radiation accuracy: 84.9556, Preservation: 98.1529%
    DEBUG: Radiation impact: 0.1000, Protection factor: 0.8000, Radiation accuracy: 84.9731, Preservation: 98.1777%
    DEBUG: Radiation impact: 0.1000, Protection factor: 0.8000, Radiation accuracy: 85.2635, Preservation: 96.9876%
    DEBUG: Radiation impact: 0.1000, Protection factor: 0.8000, Radiation accuracy: 86.2693, Preservation: 97.9129%
    DEBUG: Radiation impact: 0.1000, Protection factor: 0.8000, Radiation accuracy: 85.8743, Preservation: 97.6998%
    DEBUG: Radiation impact: 0.1000, Protection factor: 0.8000, Radiation accuracy: 86.2393, Preservation: 97.5538%
    DEBUG: Radiation impact: 0.1000, Protection factor: 0.8000, Radiation accuracy: 86.0108, Preservation: 97.9021%
    DEBUG: Radiation impact: 0.1000, Protection factor: 0.8000, Radiation accuracy: 86.5354, Preservation: 98.4877%
    DEBUG: Radiation impact: 0.1000, Protection factor: 0.8000, Radiation accuracy: 86.3472, Preservation: 98.0692%
    DEBUG: Radiation impact: 0.1000, Protection factor: 0.8000, Radiation accuracy: 85.9544, Preservation: 98.2498%
Results: Baseline accuracy = 87.3728 ± 0.5692, Radiation accuracy = 85.5708 ± 0.7971, Preservation = 97.9372 ± 0.5986%
Results: Baseline accuracy = 87.37% ± 0.57%, Radiation accuracy = 85.57% ± 0.80%, Preservation = 97.94% ± 0.60%
Testing configuration:
Architecture: 2-256-2-
Dropout: 0.30
Residual: Yes
Protection: 4
    DEBUG: Radiation impact: 0.10, Protection factor: 0.85, Radiation accuracy: 83.27, Preservation: 99.06%
    DEBUG: Radiation impact: 0.10, Protection factor: 0.85, Radiation accuracy: 81.58, Preservation: 97.43%
    DEBUG: Radiation impact: 0.10, Protection factor: 0.85, Radiation accuracy: 83.38, Preservation: 98.33%
    DEBUG: Radiation impact: 0.10, Protection factor: 0.85, Radiation accuracy: 82.21, Preservation: 97.72%
    DEBUG: Radiation impact: 0.10, Protection factor: 0.85, Radiation accuracy: 84.38, Preservation: 99.52%
    DEBUG: Radiation impact: 0.10, Protection factor: 0.85, Radiation accuracy: 81.88, Preservation: 97.54%
    DEBUG: Radiation impact: 0.10, Protection factor: 0.85, Radiation accuracy: 82.76, Preservation: 97.60%
    DEBUG: Radiation impact: 0.10, Protection factor: 0.85, Radiation accuracy: 82.62, Preservation: 98.36%
    DEBUG: Radiation impact: 0.10, Protection factor: 0.85, Radiation accuracy: 83.99, Preservation: 99.15%
    DEBUG: Radiation impact: 0.10, Protection factor: 0.85, Radiation accuracy: 84.13, Preservation: 98.44%
    DEBUG: Radiation impact: 0.10, Protection factor: 0.85, Radiation accuracy: 83.00, Preservation: 97.42%
    DEBUG: Radiation impact: 0.10, Protection factor: 0.85, Radiation accuracy: 83.12, Preservation: 98.05%
    DEBUG: Radiation impact: 0.10, Protection factor: 0.85, Radiation accuracy: 81.26, Preservation: 97.31%
    DEBUG: Radiation impact: 0.10, Protection factor: 0.85, Radiation accuracy: 82.68, Preservation: 98.33%
    DEBUG: Radiation impact: 0.10, Protection factor: 0.85, Radiation accuracy: 83.51, Preservation: 99.35%
    DEBUG: Radiation impact: 0.10, Protection factor: 0.85, Radiation accuracy: 83.74, Preservation: 98.40%
    DEBUG: Radiation impact: 0.10, Protection factor: 0.85, Radiation accuracy: 83.62, Preservation: 98.34%
    DEBUG: Radiation impact: 0.10, Protection factor: 0.85, Radiation accuracy: 83.56, Preservation: 98.83%
    DEBUG: Radiation impact: 0.10, Protection factor: 0.85, Radiation accuracy: 83.83, Preservation: 98.13%
    DEBUG: Radiation impact: 0.10, Protection factor: 0.85, Radiation accuracy: 82.25, Preservation: 97.81%
    DEBUG: Radiation impact: 0.10, Protection factor: 0.85, Radiation accuracy: 83.18, Preservation: 97.34%
    DEBUG: Radiation impact: 0.10, Protection factor: 0.85, Radiation accuracy: 81.96, Preservation: 97.46%
    DEBUG: Radiation impact: 0.10, Protection factor: 0.85, Radiation accuracy: 83.72, Preservation: 99.31%
    DEBUG: Radiation impact: 0.10, Protection factor: 0.85, Radiation accuracy: 81.67, Preservation: 97.72%
    DEBUG: Radiation impact: 0.10, Protection factor: 0.85, Radiation accuracy: 83.02, Preservation: 98.90%
    DEBUG: Radiation impact: 0.10, Protection factor: 0.85, Radiation accuracy: 82.55, Preservation: 97.75%
    DEBUG: Radiation impact: 0.10, Protection factor: 0.85, Radiation accuracy: 82.84, Preservation: 97.68%
    DEBUG: Radiation impact: 0.10, Protection factor: 0.85, Radiation accuracy: 82.02, Preservation: 97.56%
    DEBUG: Radiation impact: 0.10, Protection factor: 0.85, Radiation accuracy: 82.95, Preservation: 98.10%
    DEBUG: Radiation impact: 0.10, Protection factor: 0.85, Radiation accuracy: 82.67, Preservation: 98.94%
    DEBUG: Radiation impact: 0.10, Protection factor: 0.85, Radiation accuracy: 83.39, Preservation: 97.70%
    DEBUG: Radiation impact: 0.10, Protection factor: 0.85, Radiation accuracy: 82.44, Preservation: 97.99%
    DEBUG: Radiation impact: 0.10, Protection factor: 0.85, Radiation accuracy: 83.71, Preservation: 98.35%
    DEBUG: Radiation impact: 0.10, Protection factor: 0.85, Radiation accuracy: 82.36, Preservation: 98.12%
    DEBUG: Radiation impact: 0.10, Protection factor: 0.85, Radiation accuracy: 83.57, Preservation: 99.27%
    DEBUG: Radiation impact: 0.10, Protection factor: 0.85, Radiation accuracy: 83.93, Preservation: 99.68%
    DEBUG: Radiation impact: 0.10, Protection factor: 0.85, Radiation accuracy: 82.36, Preservation: 98.37%
    DEBUG: Radiation impact: 0.10, Protection factor: 0.85, Radiation accuracy: 82.96, Preservation: 98.09%
    DEBUG: Radiation impact: 0.10, Protection factor: 0.85, Radiation accuracy: 84.48, Preservation: 99.41%
    DEBUG: Radiation impact: 0.10, Protection factor: 0.85, Radiation accuracy: 83.64, Preservation: 99.41%
    DEBUG: Radiation impact: 0.10, Protection factor: 0.85, Radiation accuracy: 84.00, Preservation: 98.79%
    DEBUG: Radiation impact: 0.10, Protection factor: 0.85, Radiation accuracy: 81.82, Preservation: 97.97%
    DEBUG: Radiation impact: 0.10, Protection factor: 0.85, Radiation accuracy: 83.66, Preservation: 99.24%
    DEBUG: Radiation impact: 0.10, Protection factor: 0.85, Radiation accuracy: 81.78, Preservation: 97.64%
    DEBUG: Radiation impact: 0.10, Protection factor: 0.85, Radiation accuracy: 81.68, Preservation: 97.63%
    DEBUG: Radiation impact: 0.10, Protection factor: 0.85, Radiation accuracy: 83.74, Preservation: 98.77%
    DEBUG: Radiation impact: 0.10, Protection factor: 0.85, Radiation accuracy: 82.02, Preservation: 97.34%
    DEBUG: Radiation impact: 0.10, Protection factor: 0.85, Radiation accuracy: 83.48, Preservation: 99.21%
    DEBUG: Radiation impact: 0.10, Protection factor: 0.85, Radiation accuracy: 84.45, Preservation: 99.47%
    DEBUG: Radiation impact: 0.10, Protection factor: 0.85, Radiation accuracy: 83.84, Preservation: 99.10%
Results: Baseline accuracy = 84.41 ± 0.55, Radiation accuracy = 83.01 ± 0.84, Preservation = 98.35 ± 0.71%
Results: Baseline accuracy = 84.41% ± 0.55%, Radiation accuracy = 83.01% ± 0.84%, Preservation = 98.35% ± 0.71%
Testing configuration:
Architecture: 2-64-256-32-2-
Dropout: 0.30
Residual: Yes
Protection: 1
    DEBUG: Radiation impact: 0.10, Protection factor: 0.20, Radiation accuracy: 81.21, Preservation: 92.42%
    DEBUG: Radiation impact: 0.10, Protection factor: 0.20, Radiation accuracy: 78.89, Preservation: 91.47%
    DEBUG: Radiation impact: 0.10, Protection factor: 0.20, Radiation accuracy: 81.56, Preservation: 92.60%
    DEBUG: Radiation impact: 0.10, Protection factor: 0.20, Radiation accuracy: 80.29, Preservation: 92.96%
    DEBUG: Radiation impact: 0.10, Protection factor: 0.20, Radiation accuracy: 80.71, Preservation: 92.50%
    DEBUG: Radiation impact: 0.10, Protection factor: 0.20, Radiation accuracy: 79.94, Preservation: 92.65%
    DEBUG: Radiation impact: 0.10, Protection factor: 0.20, Radiation accuracy: 80.35, Preservation: 92.00%
    DEBUG: Radiation impact: 0.10, Protection factor: 0.20, Radiation accuracy: 80.55, Preservation: 92.35%
    DEBUG: Radiation impact: 0.10, Protection factor: 0.20, Radiation accuracy: 79.11, Preservation: 91.28%
    DEBUG: Radiation impact: 0.10, Protection factor: 0.20, Radiation accuracy: 79.43, Preservation: 91.94%
    DEBUG: Radiation impact: 0.10, Protection factor: 0.20, Radiation accuracy: 81.13, Preservation: 92.88%
    DEBUG: Radiation impact: 0.10, Protection factor: 0.20, Radiation accuracy: 81.49, Preservation: 92.68%
    DEBUG: Radiation impact: 0.10, Protection factor: 0.20, Radiation accuracy: 81.91, Preservation: 93.07%
    DEBUG: Radiation impact: 0.10, Protection factor: 0.20, Radiation accuracy: 80.99, Preservation: 92.10%
    DEBUG: Radiation impact: 0.10, Protection factor: 0.20, Radiation accuracy: 81.41, Preservation: 93.06%
    DEBUG: Radiation impact: 0.10, Protection factor: 0.20, Radiation accuracy: 80.75, Preservation: 92.11%
    DEBUG: Radiation impact: 0.10, Protection factor: 0.20, Radiation accuracy: 80.77, Preservation: 92.97%
    DEBUG: Radiation impact: 0.10, Protection factor: 0.20, Radiation accuracy: 80.47, Preservation: 93.03%
    DEBUG: Radiation impact: 0.10, Protection factor: 0.20, Radiation accuracy: 80.41, Preservation: 91.28%
    DEBUG: Radiation impact: 0.10, Protection factor: 0.20, Radiation accuracy: 79.95, Preservation: 90.94%
    DEBUG: Radiation impact: 0.10, Protection factor: 0.20, Radiation accuracy: 80.47, Preservation: 92.10%
    DEBUG: Radiation impact: 0.10, Protection factor: 0.20, Radiation accuracy: 79.65, Preservation: 90.87%
    DEBUG: Radiation impact: 0.10, Protection factor: 0.20, Radiation accuracy: 80.83, Preservation: 92.99%
    DEBUG: Radiation impact: 0.10, Protection factor: 0.20, Radiation accuracy: 79.53, Preservation: 90.91%
    DEBUG: Radiation impact: 0.10, Protection factor: 0.20, Radiation accuracy: 81.28, Preservation: 92.20%
    DEBUG: Radiation impact: 0.10, Protection factor: 0.20, Radiation accuracy: 80.25, Preservation: 91.24%
    DEBUG: Radiation impact: 0.10, Protection factor: 0.20, Radiation accuracy: 79.35, Preservation: 91.90%
    DEBUG: Radiation impact: 0.10, Protection factor: 0.20, Radiation accuracy: 80.90, Preservation: 92.70%
    DEBUG: Radiation impact: 0.10, Protection factor: 0.20, Radiation accuracy: 80.05, Preservation: 92.44%
    DEBUG: Radiation impact: 0.10, Protection factor: 0.20, Radiation accuracy: 79.70, Preservation: 92.45%
    DEBUG: Radiation impact: 0.10, Protection factor: 0.20, Radiation accuracy: 79.56, Preservation: 91.52%
    DEBUG: Radiation impact: 0.10, Protection factor: 0.20, Radiation accuracy: 80.16, Preservation: 91.46%
    DEBUG: Radiation impact: 0.10, Protection factor: 0.20, Radiation accuracy: 81.36, Preservation: 92.45%
    DEBUG: Radiation impact: 0.10, Protection factor: 0.20, Radiation accuracy: 79.66, Preservation: 91.89%
    DEBUG: Radiation impact: 0.10, Protection factor: 0.20, Radiation accuracy: 80.12, Preservation: 92.82%
    DEBUG: Radiation impact: 0.10, Protection factor: 0.20, Radiation accuracy: 80.32, Preservation: 92.15%
    DEBUG: Radiation impact: 0.10, Protection factor: 0.20, Radiation accuracy: 79.71, Preservation: 92.03%
    DEBUG: Radiation impact: 0.10, Protection factor: 0.20, Radiation accuracy: 80.55, Preservation: 92.97%
    DEBUG: Radiation impact: 0.10, Protection factor: 0.20, Radiation accuracy: 81.11, Preservation: 92.38%
    DEBUG: Radiation impact: 0.10, Protection factor: 0.20, Radiation accuracy: 79.82, Preservation: 91.40%
    DEBUG: Radiation impact: 0.10, Protection factor: 0.20, Radiation accuracy: 79.70, Preservation: 91.04%
    DEBUG: Radiation impact: 0.10, Protection factor: 0.20, Radiation accuracy: 79.57, Preservation: 90.93%
    DEBUG: Radiation impact: 0.10, Protection factor: 0.20, Radiation accuracy: 81.10, Preservation: 92.65%
    DEBUG: Radiation impact: 0.10, Protection factor: 0.20, Radiation accuracy: 80.55, Preservation: 92.39%
    DEBUG: Radiation impact: 0.10, Protection factor: 0.20, Radiation accuracy: 80.55, Preservation: 92.06%
    DEBUG: Radiation impact: 0.10, Protection factor: 0.20, Radiation accuracy: 79.68, Preservation: 92.18%
    DEBUG: Radiation impact: 0.10, Protection factor: 0.20, Radiation accuracy: 79.28, Preservation: 91.15%
    DEBUG: Radiation impact: 0.10, Protection factor: 0.20, Radiation accuracy: 80.60, Preservation: 93.06%
    DEBUG: Radiation impact: 0.10, Protection factor: 0.20, Radiation accuracy: 79.98, Preservation: 91.58%
    DEBUG: Radiation impact: 0.10, Protection factor: 0.20, Radiation accuracy: 79.79, Preservation: 90.90%
Results: Baseline accuracy = 87.22 ± 0.59, Radiation accuracy = 80.33 ± 0.70, Preservation = 92.10 ± 0.69%
Results: Baseline accuracy = 87.22% ± 0.59%, Radiation accuracy = 80.33% ± 0.70%, Preservation = 92.10% ± 0.69%
QD coverage: 0.0030% (occupied 30), elites injected: 4
Results exported to auto_arch_search_results.csv
Generation 12/20
Testing configuration:
Architecture: 2-512-256-256-2-
Dropout: 0.3000
Residual: No
Protection: 5
    DEBUG: Radiation impact: 0.1000, Protection factor: 0.9000, Radiation accuracy: 84.2783, Preservation: 99.0115%
    DEBUG: Radiation impact: 0.1000, Protection factor: 0.9000, Radiation accuracy: 83.3493, Preservation: 98.4875%
    DEBUG: Radiation impact: 0.1000, Protection factor: 0.9000, Radiation accuracy: 85.5621, Preservation: 99.4873%
    DEBUG: Radiation impact: 0.1000, Protection factor: 0.9000, Radiation accuracy: 84.5363, Preservation: 99.4880%
    DEBUG: Radiation impact: 0.1000, Protection factor: 0.9000, Radiation accuracy: 86.2946, Preservation: 100.0000%
    DEBUG: Radiation impact: 0.1000, Protection factor: 0.9000, Radiation accuracy: 85.1213, Preservation: 98.4800%
    DEBUG: Radiation impact: 0.1000, Protection factor: 0.9000, Radiation accuracy: 84.9771, Preservation: 100.0000%
    DEBUG: Radiation impact: 0.1000, Protection factor: 0.9000, Radiation accuracy: 85.3965, Preservation: 98.8953%
    DEBUG: Radiation impact: 0.1000, Protection factor: 0.9000, Radiation accuracy: 84.8911, Preservation: 99.6220%
    DEBUG: Radiation impact: 0.1000, Protection factor: 0.9000, Radiation accuracy: 83.6820, Preservation: 98.1354%
    DEBUG: Radiation impact: 0.1000, Protection factor: 0.9000, Radiation accuracy: 82.8191, Preservation: 97.9109%
    DEBUG: Radiation impact: 0.1000, Protection factor: 0.9000, Radiation accuracy: 84.4937, Preservation: 98.0134%
    DEBUG: Radiation impact: 0.1000, Protection factor: 0.9000, Radiation accuracy: 83.7015, Preservation: 98.3296%
    DEBUG: Radiation impact: 0.1000, Protection factor: 0.9000, Radiation accuracy: 84.1143, Preservation: 99.4968%
    DEBUG: Radiation impact: 0.1000, Protection factor: 0.9000, Radiation accuracy: 86.2057, Preservation: 99.9362%
    DEBUG: Radiation impact: 0.1000, Protection factor: 0.9000, Radiation accuracy: 83.6999, Preservation: 98.8605%
    DEBUG: Radiation impact: 0.1000, Protection factor: 0.9000, Radiation accuracy: 85.4102, Preservation: 99.6439%
    DEBUG: Radiation impact: 0.1000, Protection factor: 0.9000, Radiation accuracy: 85.1298, Preservation: 99.4815%
    DEBUG: Radiation impact: 0.1000, Protection factor: 0.9000, Radiation accuracy: 85.1682, Preservation: 98.4425%
    DEBUG: Radiation impact: 0.1000, Protection factor: 0.9000, Radiation accuracy: 84.4881, Preservation: 99.7972%
    DEBUG: Radiation impact: 0.1000, Protection factor: 0.9000, Radiation accuracy: 85.5087, Preservation: 99.0524%
    DEBUG: Radiation impact: 0.1000, Protection factor: 0.9000, Radiation accuracy: 83.0646, Preservation: 98.1616%
    DEBUG: Radiation impact: 0.1000, Protection factor: 0.9000, Radiation accuracy: 85.5512, Preservation: 99.8552%
    DEBUG: Radiation impact: 0.1000, Protection factor: 0.9000, Radiation accuracy: 84.2784, Preservation: 99.2399%
    DEBUG: Radiation impact: 0.1000, Protection factor: 0.9000, Radiation accuracy: 85.4874, Preservation: 99.6180%
    DEBUG: Radiation impact: 0.1000, Protection factor: 0.9000, Radiation accuracy: 83.9215, Preservation: 98.6917%
    DEBUG: Radiation impact: 0.1000, Protection factor: 0.9000, Radiation accuracy: 83.8652, Preservation: 98.5625%
    DEBUG: Radiation impact: 0.1000, Protection factor: 0.9000, Radiation accuracy: 85.0746, Preservation: 99.2739%
    DEBUG: Radiation impact: 0.1000, Protection factor: 0.9000, Radiation accuracy: 84.0350, Preservation: 98.9773%
    DEBUG: Radiation impact: 0.1000, Protection factor: 0.9000, Radiation accuracy: 84.3851, Preservation: 99.3657%
    DEBUG: Radiation impact: 0.1000, Protection factor: 0.9000, Radiation accuracy: 83.9541, Preservation: 98.0902%
    DEBUG: Radiation impact: 0.1000, Protection factor: 0.9000, Radiation accuracy: 84.3175, Preservation: 98.7477%
    DEBUG: Radiation impact: 0.1000, Protection factor: 0.9000, Radiation accuracy: 86.1807, Preservation: 99.7953%
    DEBUG: Radiation impact: 0.1000, Protection factor: 0.9000, Radiation accuracy: 84.5941, Preservation: 99.1984%
    DEBUG: Radiation impact: 0.1000, Protection factor: 0.9000, Radiation accuracy: 83.8243, Preservation: 98.0557%
    DEBUG: Radiation impact: 0.1000, Protection factor: 0.9000, Radiation accuracy: 84.3200, Preservation: 99.7086%
    DEBUG: Radiation impact: 0.1000, Protection factor: 0.9000, Radiation accuracy: 83.1257, Preservation: 97.9326%
    DEBUG: Radiation impact: 0.1000, Protection factor: 0.9000, Radiation accuracy: 84.8837, Preservation: 99.5379%
    DEBUG: Radiation impact: 0.1000, Protection factor: 0.9000, Radiation accuracy: 85.2960, Preservation: 99.4264%
    DEBUG: Radiation impact: 0.1000, Protection factor: 0.9000, Radiation accuracy: 84.8148, Preservation: 99.1863%
    DEBUG: Radiation impact: 0.1000, Protection factor: 0.9000, Radiation accuracy: 83.4723, Preservation: 97.9818%
    DEBUG: Radiation impact: 0.1000, Protection factor: 0.9000, Radiation accuracy: 86.2126, Preservation: 100.0000%
    DEBUG: Radiation impact: 0.1000, Protection factor: 0.9000, Radiation accuracy: 85.0809, Preservation: 98.8799%
    DEBUG: Radiation impact: 0.1000, Protection factor: 0.9000, Radiation accuracy: 82.9389, Preservation: 98.0083%
    DEBUG: Radiation impact: 0.1000, Protection factor: 0.9000, Radiation accuracy: 84.5363, Preservation: 99.6629%
    DEBUG: Radiation impact: 0.1000, Protection factor: 0.9000, Radiation accuracy: 84.2666, Preservation: 98.2875%
    DEBUG: Radiation impact: 0.1000, Protection factor: 0.9000, Radiation accuracy: 85.9243, Preservation: 99.7663%
    DEBUG: Radiation impact: 0.1000, Protection factor: 0.9000, Radiation accuracy: 83.4462, Preservation: 98.0433%
    DEBUG: Radiation impact: 0.1000, Protection factor: 0.9000, Radiation accuracy: 84.8353, Preservation: 99.2056%
    DEBUG: Radiation impact: 0.1000, Protection factor: 0.9000, Radiation accuracy: 85.5441, Preservation: 99.0363%
Results: Baseline accuracy = 85.4400 ± 0.6012, Radiation accuracy = 84.6012 ± 0.8986, Preservation = 99.0174 ± 0.6631%
Results: Baseline accuracy = 85.44% ± 0.60%, Radiation accuracy = 84.60% ± 0.90%, Preservation = 99.02% ± 0.66%
Testing configuration:
Architecture: 2-512-256-256-2-
Dropout: 0.30
Residual: Yes
Protection: 0
    DEBUG: Radiation impact: 0.10, Protection factor: 0.00, Radiation accuracy: 79.01, Preservation: 90.67%
    DEBUG: Radiation impact: 0.10, Protection factor: 0.00, Radiation accuracy: 78.17, Preservation: 89.91%
    DEBUG: Radiation impact: 0.10, Protection factor: 0.00, Radiation accuracy: 77.72, Preservation: 89.01%
    DEBUG: Radiation impact: 0.10, Protection factor: 0.00, Radiation accuracy: 79.60, Preservation: 90.07%
    DEBUG: Radiation impact: 0.10, Protection factor: 0.00, Radiation accuracy: 78.38, Preservation: 89.76%
    DEBUG: Radiation impact: 0.10, Protection factor: 0.00, Radiation accuracy: 78.64, Preservation: 88.93%
    DEBUG: Radiation impact: 0.10, Protection factor: 0.00, Radiation accuracy: 78.55, Preservation: 89.21%
    DEBUG: Radiation impact: 0.10, Protection factor: 0.00, Radiation accuracy: 78.66, Preservation: 89.01%
    DEBUG: Radiation impact: 0.10, Protection factor: 0.00, Radiation accuracy: 78.80, Preservation: 89.82%
    DEBUG: Radiation impact: 0.10, Protection factor: 0.00, Radiation accuracy: 79.99, Preservation: 90.68%
    DEBUG: Radiation impact: 0.10, Protection factor: 0.00, Radiation accuracy: 78.61, Preservation: 89.20%
    DEBUG: Radiation impact: 0.10, Protection factor: 0.00, Radiation accuracy: 78.36, Preservation: 90.34%
    DEBUG: Radiation impact: 0.10, Protection factor: 0.00, Radiation accuracy: 77.77, Preservation: 89.44%
    DEBUG: Radiation impact: 0.10, Protection factor: 0.00, Radiation accuracy: 79.09, Preservation: 89.93%
    DEBUG: Radiation impact: 0.10, Protection factor: 0.00, Radiation accuracy: 79.15, Preservation: 89.68%
    DEBUG: Radiation impact: 0.10, Protection factor: 0.00, Radiation accuracy: 77.26, Preservation: 88.86%
    DEBUG: Radiation impact: 0.10, Protection factor: 0.00, Radiation accuracy: 78.27, Preservation: 89.36%
    DEBUG: Radiation impact: 0.10, Protection factor: 0.00, Radiation accuracy: 79.06, Preservation: 90.47%
    DEBUG: Radiation impact: 0.10, Protection factor: 0.00, Radiation accuracy: 78.61, Preservation: 90.50%
    DEBUG: Radiation impact: 0.10, Protection factor: 0.00, Radiation accuracy: 79.87, Preservation: 90.35%
    DEBUG: Radiation impact: 0.10, Protection factor: 0.00, Radiation accuracy: 79.19, Preservation: 90.63%
    DEBUG: Radiation impact: 0.10, Protection factor: 0.00, Radiation accuracy: 78.60, Preservation: 89.16%
    DEBUG: Radiation impact: 0.10, Protection factor: 0.00, Radiation accuracy: 79.05, Preservation: 90.09%
    DEBUG: Radiation impact: 0.10, Protection factor: 0.00, Radiation accuracy: 77.42, Preservation: 88.92%
    DEBUG: Radiation impact: 0.10, Protection factor: 0.00, Radiation accuracy: 78.50, Preservation: 88.94%
    DEBUG: Radiation impact: 0.10, Protection factor: 0.00, Radiation accuracy: 77.89, Preservation: 89.23%
    DEBUG: Radiation impact: 0.10, Protection factor: 0.00, Radiation accuracy: 79.45, Preservation: 90.78%
    DEBUG: Radiation impact: 0.10, Protection factor: 0.00, Radiation accuracy: 77.97, Preservation: 88.93%
    DEBUG: Radiation impact: 0.10, Protection factor: 0.00, Radiation accuracy: 79.99, Preservation: 90.51%
    DEBUG: Radiation impact: 0.10, Protection factor: 0.00, Radiation accuracy: 78.06, Preservation: 89.96%
    DEBUG: Radiation impact: 0.10, Protection factor: 0.00, Radiation accuracy: 78.63, Preservation: 89.54%
    DEBUG: Radiation impact: 0.10, Protection factor: 0.00, Radiation accuracy: 78.91, Preservation: 89.83%
    DEBUG: Radiation impact: 0.10, Protection factor: 0.00, Radiation accuracy: 79.18, Preservation: 90.28%
    DEBUG: Radiation impact: 0.10, Protection factor: 0.00, Radiation accuracy: 77.65, Preservation: 89.41%
    DEBUG: Radiation impact: 0.10, Protection factor: 0.00, Radiation accuracy: 80.09, Preservation: 91.02%
    DEBUG: Radiation impact: 0.10, Protection factor: 0.00, Radiation accuracy: 80.01, Preservation: 90.50%
    DEBUG: Radiation impact: 0.10, Protection factor: 0.00, Radiation accuracy: 79.81, Preservation: 91.00%
    DEBUG: Radiation impact: 0.10, Protection factor: 0.00, Radiation accuracy: 78.55, Preservation: 90.18%
    DEBUG: Radiation impact: 0.10, Protection factor: 0.00, Radiation accuracy: 79.51, Preservation: 90.68%
    DEBUG: Radiation impact: 0.10, Protection factor: 0.00, Radiation accuracy: 77.90, Preservation: 89.97%
    DEBUG: Radiation impact: 0.10, Protection factor: 0.00, Radiation accuracy: 79.30, Preservation: 89.74%
    DEBUG: Radiation impact: 0.10, Protection factor: 0.00, Radiation accuracy: 77.54, Preservation: 89.48%
    DEBUG: Radiation impact: 0.10, Protection factor: 0.00, Radiation accuracy: 79.16, Preservation: 90.47%
    DEBUG: Radiation impact: 0.10, Protection factor: 0.00, Radiation accuracy: 79.04, Preservation: 90.14%
    DEBUG: Radiation impact: 0.10, Protection factor: 0.00, Radiation accuracy: 79.01, Preservation: 90.52%
    DEBUG: Radiation impact: 0.10, Protection factor: 0.00, Radiation accuracy: 79.30, Preservation: 89.76%
    DEBUG: Radiation impact: 0.10, Protection factor: 0.00, Radiation accuracy: 78.04, Preservation: 89.06%
    DEBUG: Radiation impact: 0.10, Protection factor: 0.00, Radiation accuracy: 79.69, Preservation: 90.99%
    DEBUG: Radiation impact: 0.10, Protection factor: 0.00, Radiation accuracy: 77.88, Preservation: 89.00%
    DEBUG: Radiation impact: 0.10, Protection factor: 0.00, Radiation accuracy: 78.45, Preservation: 89.08%
Results: Baseline accuracy = 87.63 ± 0.54, Radiation accuracy = 78.75 ± 0.74, Preservation = 89.86 ± 0.65%
Results: Baseline accuracy = 87.63% ± 0.54%, Radiation accuracy = 78.75% ± 0.74%, Preservation = 89.86% ± 0.65%
Testing configuration:
Architecture: 2-32-256-2-
Dropout: 0.30
Residual: No
Protection: 5
    DEBUG: Radiation impact: 0.10, Protection factor: 0.90, Radiation accuracy: 83.80, Preservation: 98.51%
    DEBUG: Radiation impact: 0.10, Protection factor: 0.90, Radiation accuracy: 83.95, Preservation: 99.42%
    DEBUG: Radiation impact: 0.10, Protection factor: 0.90, Radiation accuracy: 84.63, Preservation: 99.76%
    DEBUG: Radiation impact: 0.10, Protection factor: 0.90, Radiation accuracy: 85.17, Preservation: 99.39%
    DEBUG: Radiation impact: 0.10, Protection factor: 0.90, Radiation accuracy: 85.02, Preservation: 100.00%
    DEBUG: Radiation impact: 0.10, Protection factor: 0.90, Radiation accuracy: 83.82, Preservation: 98.90%
    DEBUG: Radiation impact: 0.10, Protection factor: 0.90, Radiation accuracy: 83.29, Preservation: 98.96%
    DEBUG: Radiation impact: 0.10, Protection factor: 0.90, Radiation accuracy: 84.41, Preservation: 99.52%
    DEBUG: Radiation impact: 0.10, Protection factor: 0.90, Radiation accuracy: 84.77, Preservation: 99.69%
    DEBUG: Radiation impact: 0.10, Protection factor: 0.90, Radiation accuracy: 84.64, Preservation: 100.00%
    DEBUG: Radiation impact: 0.10, Protection factor: 0.90, Radiation accuracy: 83.95, Preservation: 99.11%
    DEBUG: Radiation impact: 0.10, Protection factor: 0.90, Radiation accuracy: 85.75, Preservation: 100.00%
    DEBUG: Radiation impact: 0.10, Protection factor: 0.90, Radiation accuracy: 84.26, Preservation: 99.86%
    DEBUG: Radiation impact: 0.10, Protection factor: 0.90, Radiation accuracy: 82.96, Preservation: 97.97%
    DEBUG: Radiation impact: 0.10, Protection factor: 0.90, Radiation accuracy: 84.89, Preservation: 99.68%
    DEBUG: Radiation impact: 0.10, Protection factor: 0.90, Radiation accuracy: 84.07, Preservation: 99.41%
    DEBUG: Radiation impact: 0.10, Protection factor: 0.90, Radiation accuracy: 82.59, Preservation: 97.85%
    DEBUG: Radiation impact: 0.10, Protection factor: 0.90, Radiation accuracy: 84.77, Preservation: 99.05%
    DEBUG: Radiation impact: 0.10, Protection factor: 0.90, Radiation accuracy: 83.59, Preservation: 98.22%
    DEBUG: Radiation impact: 0.10, Protection factor: 0.90, Radiation accuracy: 83.22, Preservation: 98.78%
    DEBUG: Radiation impact: 0.10, Protection factor: 0.90, Radiation accuracy: 84.67, Preservation: 98.70%
    DEBUG: Radiation impact: 0.10, Protection factor: 0.90, Radiation accuracy: 85.20, Preservation: 99.51%
    DEBUG: Radiation impact: 0.10, Protection factor: 0.90, Radiation accuracy: 84.57, Preservation: 98.48%
    DEBUG: Radiation impact: 0.10, Protection factor: 0.90, Radiation accuracy: 84.34, Preservation: 99.46%
    DEBUG: Radiation impact: 0.10, Protection factor: 0.90, Radiation accuracy: 85.08, Preservation: 99.14%
    DEBUG: Radiation impact: 0.10, Protection factor: 0.90, Radiation accuracy: 84.92, Preservation: 99.82%
    DEBUG: Radiation impact: 0.10, Protection factor: 0.90, Radiation accuracy: 84.25, Preservation: 100.00%
    DEBUG: Radiation impact: 0.10, Protection factor: 0.90, Radiation accuracy: 83.05, Preservation: 98.17%
    DEBUG: Radiation impact: 0.10, Protection factor: 0.90, Radiation accuracy: 83.11, Preservation: 98.51%
    DEBUG: Radiation impact: 0.10, Protection factor: 0.90, Radiation accuracy: 84.22, Preservation: 99.03%
    DEBUG: Radiation impact: 0.10, Protection factor: 0.90, Radiation accuracy: 83.46, Preservation: 98.78%
    DEBUG: Radiation impact: 0.10, Protection factor: 0.90, Radiation accuracy: 83.88, Preservation: 99.61%
    DEBUG: Radiation impact: 0.10, Protection factor: 0.90, Radiation accuracy: 83.81, Preservation: 98.30%
    DEBUG: Radiation impact: 0.10, Protection factor: 0.90, Radiation accuracy: 83.90, Preservation: 99.75%
    DEBUG: Radiation impact: 0.10, Protection factor: 0.90, Radiation accuracy: 85.51, Preservation: 100.00%
    DEBUG: Radiation impact: 0.10, Protection factor: 0.90, Radiation accuracy: 84.54, Preservation: 98.69%
    DEBUG: Radiation impact: 0.10, Protection factor: 0.90, Radiation accuracy: 85.21, Preservation: 99.36%
    DEBUG: Radiation impact: 0.10, Protection factor: 0.90, Radiation accuracy: 83.11, Preservation: 98.48%
    DEBUG: Radiation impact: 0.10, Protection factor: 0.90, Radiation accuracy: 84.39, Preservation: 98.62%
    DEBUG: Radiation impact: 0.10, Protection factor: 0.90, Radiation accuracy: 83.50, Preservation: 98.48%
    DEBUG: Radiation impact: 0.10, Protection factor: 0.90, Radiation accuracy: 85.14, Preservation: 99.04%
    DEBUG: Radiation impact: 0.10, Protection factor: 0.90, Radiation accuracy: 82.89, Preservation: 98.65%
    DEBUG: Radiation impact: 0.10, Protection factor: 0.90, Radiation accuracy: 82.99, Preservation: 97.89%
    DEBUG: Radiation impact: 0.10, Protection factor: 0.90, Radiation accuracy: 84.09, Preservation: 98.74%
    DEBUG: Radiation impact: 0.10, Protection factor: 0.90, Radiation accuracy: 83.83, Preservation: 98.89%
    DEBUG: Radiation impact: 0.10, Protection factor: 0.90, Radiation accuracy: 84.71, Preservation: 98.85%
    DEBUG: Radiation impact: 0.10, Protection factor: 0.90, Radiation accuracy: 84.66, Preservation: 99.84%
    DEBUG: Radiation impact: 0.10, Protection factor: 0.90, Radiation accuracy: 84.01, Preservation: 99.74%
    DEBUG: Radiation impact: 0.10, Protection factor: 0.90, Radiation accuracy: 83.42, Preservation: 98.75%
    DEBUG: Radiation impact: 0.10, Protection factor: 0.90, Radiation accuracy: 84.47, Preservation: 98.72%
Results: Baseline accuracy = 84.95 ± 0.55, Radiation accuracy = 84.17 ± 0.75, Preservation = 99.08 ± 0.61%
Results: Baseline accuracy = 84.95% ± 0.55%, Radiation accuracy = 84.17% ± 0.75%, Preservation = 99.08% ± 0.61%
Testing configuration:
Architecture: 2-512-256-256-2-
Dropout: 0.60
Residual: Yes
Protection: 5
    DEBUG: Radiation impact: 0.10, Protection factor: 0.90, Radiation accuracy: 83.40, Preservation: 98.29%
    DEBUG: Radiation impact: 0.10, Protection factor: 0.90, Radiation accuracy: 83.10, Preservation: 99.36%
    DEBUG: Radiation impact: 0.10, Protection factor: 0.90, Radiation accuracy: 83.18, Preservation: 99.12%
    DEBUG: Radiation impact: 0.10, Protection factor: 0.90, Radiation accuracy: 83.57, Preservation: 99.58%
    DEBUG: Radiation impact: 0.10, Protection factor: 0.90, Radiation accuracy: 84.51, Preservation: 98.97%
    DEBUG: Radiation impact: 0.10, Protection factor: 0.90, Radiation accuracy: 84.60, Preservation: 99.37%
    DEBUG: Radiation impact: 0.10, Protection factor: 0.90, Radiation accuracy: 82.09, Preservation: 98.02%
    DEBUG: Radiation impact: 0.10, Protection factor: 0.90, Radiation accuracy: 84.10, Preservation: 98.97%
    DEBUG: Radiation impact: 0.10, Protection factor: 0.90, Radiation accuracy: 83.51, Preservation: 98.37%
    DEBUG: Radiation impact: 0.10, Protection factor: 0.90, Radiation accuracy: 83.88, Preservation: 100.00%
    DEBUG: Radiation impact: 0.10, Protection factor: 0.90, Radiation accuracy: 83.35, Preservation: 98.39%
    DEBUG: Radiation impact: 0.10, Protection factor: 0.90, Radiation accuracy: 84.91, Preservation: 99.57%
    DEBUG: Radiation impact: 0.10, Protection factor: 0.90, Radiation accuracy: 82.98, Preservation: 97.96%
    DEBUG: Radiation impact: 0.10, Protection factor: 0.90, Radiation accuracy: 83.76, Preservation: 98.46%
    DEBUG: Radiation impact: 0.10, Protection factor: 0.90, Radiation accuracy: 82.58, Preservation: 98.85%
    DEBUG: Radiation impact: 0.10, Protection factor: 0.90, Radiation accuracy: 83.82, Preservation: 100.00%
    DEBUG: Radiation impact: 0.10, Protection factor: 0.90, Radiation accuracy: 84.00, Preservation: 99.88%
    DEBUG: Radiation impact: 0.10, Protection factor: 0.90, Radiation accuracy: 83.92, Preservation: 98.18%
    DEBUG: Radiation impact: 0.10, Protection factor: 0.90, Radiation accuracy: 84.06, Preservation: 99.24%
    DEBUG: Radiation impact: 0.10, Protection factor: 0.90, Radiation accuracy: 82.32, Preservation: 98.41%
    DEBUG: Radiation impact: 0.10, Protection factor: 0.90, Radiation accuracy: 82.57, Preservation: 98.72%
    DEBUG: Radiation impact: 0.10, Protection factor: 0.90, Radiation accuracy: 83.80, Preservation: 99.28%
    DEBUG: Radiation impact: 0.10, Protection factor: 0.90, Radiation accuracy: 82.43, Preservation: 97.93%
    DEBUG: Radiation impact: 0.10, Protection factor: 0.90, Radiation accuracy: 82.14, Preservation: 98.08%
    DEBUG: Radiation impact: 0.10, Protection factor: 0.90, Radiation accuracy: 83.89, Preservation: 99.71%
    DEBUG: Radiation impact: 0.10, Protection factor: 0.90, Radiation accuracy: 84.12, Preservation: 99.10%
    DEBUG: Radiation impact: 0.10, Protection factor: 0.90, Radiation accuracy: 83.02, Preservation: 98.59%
    DEBUG: Radiation impact: 0.10, Protection factor: 0.90, Radiation accuracy: 84.06, Preservation: 99.78%
    DEBUG: Radiation impact: 0.10, Protection factor: 0.90, Radiation accuracy: 83.65, Preservation: 98.11%
    DEBUG: Radiation impact: 0.10, Protection factor: 0.90, Radiation accuracy: 83.54, Preservation: 99.56%
    DEBUG: Radiation impact: 0.10, Protection factor: 0.90, Radiation accuracy: 83.16, Preservation: 98.72%
    DEBUG: Radiation impact: 0.10, Protection factor: 0.90, Radiation accuracy: 83.69, Preservation: 99.83%
    DEBUG: Radiation impact: 0.10, Protection factor: 0.90, Radiation accuracy: 83.01, Preservation: 99.15%
    DEBUG: Radiation impact: 0.10, Protection factor: 0.90, Radiation accuracy: 82.33, Preservation: 98.18%
    DEBUG: Radiation impact: 0.10, Protection factor: 0.90, Radiation accuracy: 82.88, Preservation: 98.02%
    DEBUG: Radiation impact: 0.10, Protection factor: 0.90, Radiation accuracy: 84.97, Preservation: 99.71%
    DEBUG: Radiation impact: 0.10, Protection factor: 0.90, Radiation accuracy: 83.52, Preservation: 99.38%
    DEBUG: Radiation impact: 0.10, Protection factor: 0.90, Radiation accuracy: 82.50, Preservation: 98.65%
    DEBUG: Radiation impact: 0.10, Protection factor: 0.90, Radiation accuracy: 84.15, Preservation: 99.00%
    DEBUG: Radiation impact: 0.10, Protection factor: 0.90, Radiation accuracy: 82.88, Preservation: 98.89%
    DEBUG: Radiation impact: 0.10, Protection factor: 0.90, Radiation accuracy: 83.34, Preservation: 98.46%
    DEBUG: Radiation impact: 0.10, Protection factor: 0.90, Radiation accuracy: 84.25, Preservation: 98.82%
    DEBUG: Radiation impact: 0.10, Protection factor: 0.90, Radiation accuracy: 83.96, Preservation: 98.34%
    DEBUG: Radiation impact: 0.10, Protection factor: 0.90, Radiation accuracy: 84.51, Preservation: 100.00%
    DEBUG: Radiation impact: 0.10, Protection factor: 0.90, Radiation accuracy: 84.06, Preservation: 100.00%
    DEBUG: Radiation impact: 0.10, Protection factor: 0.90, Radiation accuracy: 84.98, Preservation: 100.00%
    DEBUG: Radiation impact: 0.10, Protection factor: 0.90, Radiation accuracy: 82.98, Preservation: 98.75%
    DEBUG: Radiation impact: 0.10, Protection factor: 0.90, Radiation accuracy: 82.88, Preservation: 98.12%
    DEBUG: Radiation impact: 0.10, Protection factor: 0.90, Radiation accuracy: 83.61, Preservation: 99.59%
    DEBUG: Radiation impact: 0.10, Protection factor: 0.90, Radiation accuracy: 84.22, Preservation: 99.49%
Results: Baseline accuracy = 84.40 ± 0.58, Radiation accuracy = 83.53 ± 0.74, Preservation = 98.98 ± 0.65%
Results: Baseline accuracy = 84.40% ± 0.58%, Radiation accuracy = 83.53% ± 0.74%, Preservation = 98.98% ± 0.65%
QD coverage: 0.0030% (occupied 30), elites injected: 4
Results exported to auto_arch_search_results.csv
Generation 13/20
Testing configuration:
Architecture: 2-32-2-
Dropout: 0.3000
Residual: No
Protection: 5
    DEBUG: Radiation impact: 0.1000, Protection factor: 0.9000, Radiation accuracy: 82.3528, Preservation: 98.0424%
    DEBUG: Radiation impact: 0.1000, Protection factor: 0.9000, Radiation accuracy: 83.7853, Preservation: 99.8043%
    DEBUG: Radiation impact: 0.1000, Protection factor: 0.9000, Radiation accuracy: 82.2671, Preservation: 98.1857%
    DEBUG: Radiation impact: 0.1000, Protection factor: 0.9000, Radiation accuracy: 83.7724, Preservation: 98.8314%
    DEBUG: Radiation impact: 0.1000, Protection factor: 0.9000, Radiation accuracy: 84.3630, Preservation: 99.5777%
    DEBUG: Radiation impact: 0.1000, Protection factor: 0.9000, Radiation accuracy: 83.5885, Preservation: 99.8091%
    DEBUG: Radiation impact: 0.1000, Protection factor: 0.9000, Radiation accuracy: 81.7788, Preservation: 98.0278%
    DEBUG: Radiation impact: 0.1000, Protection factor: 0.9000, Radiation accuracy: 83.1974, Preservation: 98.9787%
    DEBUG: Radiation impact: 0.1000, Protection factor: 0.9000, Radiation accuracy: 84.3277, Preservation: 99.3461%
    DEBUG: Radiation impact: 0.1000, Protection factor: 0.9000, Radiation accuracy: 81.8225, Preservation: 98.2595%
    DEBUG: Radiation impact: 0.1000, Protection factor: 0.9000, Radiation accuracy: 83.3393, Preservation: 98.6924%
    DEBUG: Radiation impact: 0.1000, Protection factor: 0.9000, Radiation accuracy: 82.4943, Preservation: 98.2105%
    DEBUG: Radiation impact: 0.1000, Protection factor: 0.9000, Radiation accuracy: 82.6057, Preservation: 98.3966%
    DEBUG: Radiation impact: 0.1000, Protection factor: 0.9000, Radiation accuracy: 83.0522, Preservation: 97.8242%
    DEBUG: Radiation impact: 0.1000, Protection factor: 0.9000, Radiation accuracy: 84.0066, Preservation: 100.0000%
    DEBUG: Radiation impact: 0.1000, Protection factor: 0.9000, Radiation accuracy: 83.3946, Preservation: 99.3572%
    DEBUG: Radiation impact: 0.1000, Protection factor: 0.9000, Radiation accuracy: 84.2322, Preservation: 99.6928%
    DEBUG: Radiation impact: 0.1000, Protection factor: 0.9000, Radiation accuracy: 83.4179, Preservation: 98.6901%
    DEBUG: Radiation impact: 0.1000, Protection factor: 0.9000, Radiation accuracy: 83.4094, Preservation: 98.8517%
    DEBUG: Radiation impact: 0.1000, Protection factor: 0.9000, Radiation accuracy: 83.9850, Preservation: 99.3889%
    DEBUG: Radiation impact: 0.1000, Protection factor: 0.9000, Radiation accuracy: 83.4790, Preservation: 99.7201%
    DEBUG: Radiation impact: 0.1000, Protection factor: 0.9000, Radiation accuracy: 83.2866, Preservation: 99.2953%
    DEBUG: Radiation impact: 0.1000, Protection factor: 0.9000, Radiation accuracy: 83.0074, Preservation: 98.8358%
    DEBUG: Radiation impact: 0.1000, Protection factor: 0.9000, Radiation accuracy: 84.3759, Preservation: 99.9495%
    DEBUG: Radiation impact: 0.1000, Protection factor: 0.9000, Radiation accuracy: 83.6334, Preservation: 99.3323%
    DEBUG: Radiation impact: 0.1000, Protection factor: 0.9000, Radiation accuracy: 81.8459, Preservation: 98.4735%
    DEBUG: Radiation impact: 0.1000, Protection factor: 0.9000, Radiation accuracy: 82.5054, Preservation: 98.0158%
    DEBUG: Radiation impact: 0.1000, Protection factor: 0.9000, Radiation accuracy: 83.1624, Preservation: 99.8313%
    DEBUG: Radiation impact: 0.1000, Protection factor: 0.9000, Radiation accuracy: 84.4284, Preservation: 100.0000%
    DEBUG: Radiation impact: 0.1000, Protection factor: 0.9000, Radiation accuracy: 84.7632, Preservation: 100.0000%
    DEBUG: Radiation impact: 0.1000, Protection factor: 0.9000, Radiation accuracy: 82.5051, Preservation: 98.1397%
    DEBUG: Radiation impact: 0.1000, Protection factor: 0.9000, Radiation accuracy: 83.2487, Preservation: 98.2647%
    DEBUG: Radiation impact: 0.1000, Protection factor: 0.9000, Radiation accuracy: 83.0297, Preservation: 99.4356%
    DEBUG: Radiation impact: 0.1000, Protection factor: 0.9000, Radiation accuracy: 83.4521, Preservation: 99.3151%
    DEBUG: Radiation impact: 0.1000, Protection factor: 0.9000, Radiation accuracy: 84.4272, Preservation: 100.0000%
    DEBUG: Radiation impact: 0.1000, Protection factor: 0.9000, Radiation accuracy: 82.4555, Preservation: 98.0938%
    DEBUG: Radiation impact: 0.1000, Protection factor: 0.9000, Radiation accuracy: 82.5938, Preservation: 99.1998%
    DEBUG: Radiation impact: 0.1000, Protection factor: 0.9000, Radiation accuracy: 83.8209, Preservation: 99.6934%
    DEBUG: Radiation impact: 0.1000, Protection factor: 0.9000, Radiation accuracy: 84.2419, Preservation: 99.8901%
    DEBUG: Radiation impact: 0.1000, Protection factor: 0.9000, Radiation accuracy: 81.8366, Preservation: 98.0101%
    DEBUG: Radiation impact: 0.1000, Protection factor: 0.9000, Radiation accuracy: 82.1832, Preservation: 99.0927%
    DEBUG: Radiation impact: 0.1000, Protection factor: 0.9000, Radiation accuracy: 84.9206, Preservation: 100.0000%
    DEBUG: Radiation impact: 0.1000, Protection factor: 0.9000, Radiation accuracy: 82.5170, Preservation: 98.2589%
    DEBUG: Radiation impact: 0.1000, Protection factor: 0.9000, Radiation accuracy: 84.2262, Preservation: 100.0000%
    DEBUG: Radiation impact: 0.1000, Protection factor: 0.9000, Radiation accuracy: 82.6823, Preservation: 99.6939%
    DEBUG: Radiation impact: 0.1000, Protection factor: 0.9000, Radiation accuracy: 83.7096, Preservation: 99.6985%
    DEBUG: Radiation impact: 0.1000, Protection factor: 0.9000, Radiation accuracy: 83.2835, Preservation: 99.3041%
    DEBUG: Radiation impact: 0.1000, Protection factor: 0.9000, Radiation accuracy: 83.7432, Preservation: 99.7598%
    DEBUG: Radiation impact: 0.1000, Protection factor: 0.9000, Radiation accuracy: 83.4355, Preservation: 98.6971%
    DEBUG: Radiation impact: 0.1000, Protection factor: 0.9000, Radiation accuracy: 84.5890, Preservation: 99.8471%
Results: Baseline accuracy = 84.0741 ± 0.5050, Radiation accuracy = 83.3316 ± 0.8254, Preservation = 99.1163 ± 0.7042%
Results: Baseline accuracy = 84.07% ± 0.50%, Radiation accuracy = 83.33% ± 0.83%, Preservation = 99.12% ± 0.70%
Testing configuration:
Architecture: 2-512-256-2-
Dropout: 0.60
Residual: No
Protection: 4
    DEBUG: Radiation impact: 0.10, Protection factor: 0.85, Radiation accuracy: 80.19, Preservation: 97.79%
    DEBUG: Radiation impact: 0.10, Protection factor: 0.85, Radiation accuracy: 81.45, Preservation: 99.09%
    DEBUG: Radiation impact: 0.10, Protection factor: 0.85, Radiation accuracy: 81.20, Preservation: 97.92%
    DEBUG: Radiation impact: 0.10, Protection factor: 0.85, Radiation accuracy: 80.07, Preservation: 97.75%
    DEBUG: Radiation impact: 0.10, Protection factor: 0.85, Radiation accuracy: 80.36, Preservation: 98.50%
    DEBUG: Radiation impact: 0.10, Protection factor: 0.85, Radiation accuracy: 80.56, Preservation: 97.56%
    DEBUG: Radiation impact: 0.10, Protection factor: 0.85, Radiation accuracy: 81.45, Preservation: 97.80%
    DEBUG: Radiation impact: 0.10, Protection factor: 0.85, Radiation accuracy: 81.19, Preservation: 98.72%
    DEBUG: Radiation impact: 0.10, Protection factor: 0.85, Radiation accuracy: 80.75, Preservation: 97.59%
    DEBUG: Radiation impact: 0.10, Protection factor: 0.85, Radiation accuracy: 79.97, Preservation: 97.85%
    DEBUG: Radiation impact: 0.10, Protection factor: 0.85, Radiation accuracy: 80.76, Preservation: 97.66%
    DEBUG: Radiation impact: 0.10, Protection factor: 0.85, Radiation accuracy: 80.98, Preservation: 97.73%
    DEBUG: Radiation impact: 0.10, Protection factor: 0.85, Radiation accuracy: 81.23, Preservation: 99.43%
    DEBUG: Radiation impact: 0.10, Protection factor: 0.85, Radiation accuracy: 79.76, Preservation: 97.52%
    DEBUG: Radiation impact: 0.10, Protection factor: 0.85, Radiation accuracy: 80.19, Preservation: 97.59%
    DEBUG: Radiation impact: 0.10, Protection factor: 0.85, Radiation accuracy: 81.32, Preservation: 98.26%
    DEBUG: Radiation impact: 0.10, Protection factor: 0.85, Radiation accuracy: 82.89, Preservation: 99.51%
    DEBUG: Radiation impact: 0.10, Protection factor: 0.85, Radiation accuracy: 81.89, Preservation: 98.83%
    DEBUG: Radiation impact: 0.10, Protection factor: 0.85, Radiation accuracy: 80.88, Preservation: 98.00%
    DEBUG: Radiation impact: 0.10, Protection factor: 0.85, Radiation accuracy: 81.12, Preservation: 98.92%
    DEBUG: Radiation impact: 0.10, Protection factor: 0.85, Radiation accuracy: 81.54, Preservation: 99.20%
    DEBUG: Radiation impact: 0.10, Protection factor: 0.85, Radiation accuracy: 80.41, Preservation: 98.45%
    DEBUG: Radiation impact: 0.10, Protection factor: 0.85, Radiation accuracy: 80.14, Preservation: 98.18%
    DEBUG: Radiation impact: 0.10, Protection factor: 0.85, Radiation accuracy: 82.45, Preservation: 99.52%
    DEBUG: Radiation impact: 0.10, Protection factor: 0.85, Radiation accuracy: 80.46, Preservation: 97.47%
    DEBUG: Radiation impact: 0.10, Protection factor: 0.85, Radiation accuracy: 81.50, Preservation: 98.88%
    DEBUG: Radiation impact: 0.10, Protection factor: 0.85, Radiation accuracy: 79.65, Preservation: 97.60%
    DEBUG: Radiation impact: 0.10, Protection factor: 0.85, Radiation accuracy: 81.49, Preservation: 98.25%
    DEBUG: Radiation impact: 0.10, Protection factor: 0.85, Radiation accuracy: 81.03, Preservation: 97.97%
    DEBUG: Radiation impact: 0.10, Protection factor: 0.85, Radiation accuracy: 81.93, Preservation: 98.59%
    DEBUG: Radiation impact: 0.10, Protection factor: 0.85, Radiation accuracy: 81.95, Preservation: 99.57%
    DEBUG: Radiation impact: 0.10, Protection factor: 0.85, Radiation accuracy: 80.95, Preservation: 98.27%
    DEBUG: Radiation impact: 0.10, Protection factor: 0.85, Radiation accuracy: 81.46, Preservation: 98.75%
    DEBUG: Radiation impact: 0.10, Protection factor: 0.85, Radiation accuracy: 80.39, Preservation: 97.49%
    DEBUG: Radiation impact: 0.10, Protection factor: 0.85, Radiation accuracy: 81.27, Preservation: 98.42%
    DEBUG: Radiation impact: 0.10, Protection factor: 0.85, Radiation accuracy: 80.62, Preservation: 98.76%
    DEBUG: Radiation impact: 0.10, Protection factor: 0.85, Radiation accuracy: 81.24, Preservation: 98.66%
    DEBUG: Radiation impact: 0.10, Protection factor: 0.85, Radiation accuracy: 82.24, Preservation: 98.57%
    DEBUG: Radiation impact: 0.10, Protection factor: 0.85, Radiation accuracy: 80.04, Preservation: 98.21%
    DEBUG: Radiation impact: 0.10, Protection factor: 0.85, Radiation accuracy: 80.93, Preservation: 98.98%
    DEBUG: Radiation impact: 0.10, Protection factor: 0.85, Radiation accuracy: 81.96, Preservation: 99.62%
    DEBUG: Radiation impact: 0.10, Protection factor: 0.85, Radiation accuracy: 81.42, Preservation: 99.24%
    DEBUG: Radiation impact: 0.10, Protection factor: 0.85, Radiation accuracy: 81.90, Preservation: 99.01%
    DEBUG: Radiation impact: 0.10, Protection factor: 0.85, Radiation accuracy: 81.02, Preservation: 99.28%
    DEBUG: Radiation impact: 0.10, Protection factor: 0.85, Radiation accuracy: 80.99, Preservation: 97.36%
    DEBUG: Radiation impact: 0.10, Protection factor: 0.85, Radiation accuracy: 81.20, Preservation: 99.64%
    DEBUG: Radiation impact: 0.10, Protection factor: 0.85, Radiation accuracy: 81.42, Preservation: 99.64%
    DEBUG: Radiation impact: 0.10, Protection factor: 0.85, Radiation accuracy: 80.50, Preservation: 97.33%
    DEBUG: Radiation impact: 0.10, Protection factor: 0.85, Radiation accuracy: 81.48, Preservation: 98.99%
    DEBUG: Radiation impact: 0.10, Protection factor: 0.85, Radiation accuracy: 80.18, Preservation: 98.10%
Results: Baseline accuracy = 82.33 ± 0.53, Radiation accuracy = 81.04 ± 0.71, Preservation = 98.44 ± 0.70%
Results: Baseline accuracy = 82.33% ± 0.53%, Radiation accuracy = 81.04% ± 0.71%, Preservation = 98.44% ± 0.70%
Testing configuration:
Architecture: 2-256-2-
Dropout: 0.30
Residual: Yes
Protection: 1
    DEBUG: Radiation impact: 0.10, Protection factor: 0.20, Radiation accuracy: 78.97, Preservation: 92.73%
    DEBUG: Radiation impact: 0.10, Protection factor: 0.20, Radiation accuracy: 76.94, Preservation: 91.94%
    DEBUG: Radiation impact: 0.10, Protection factor: 0.20, Radiation accuracy: 78.10, Preservation: 92.92%
    DEBUG: Radiation impact: 0.10, Protection factor: 0.20, Radiation accuracy: 78.70, Preservation: 92.52%
    DEBUG: Radiation impact: 0.10, Protection factor: 0.20, Radiation accuracy: 77.56, Preservation: 91.15%
    DEBUG: Radiation impact: 0.10, Protection factor: 0.20, Radiation accuracy: 76.48, Preservation: 91.31%
    DEBUG: Radiation impact: 0.10, Protection factor: 0.20, Radiation accuracy: 76.14, Preservation: 91.18%
    DEBUG: Radiation impact: 0.10, Protection factor: 0.20, Radiation accuracy: 77.61, Preservation: 92.38%
    DEBUG: Radiation impact: 0.10, Protection factor: 0.20, Radiation accuracy: 77.15, Preservation: 91.89%
    DEBUG: Radiation impact: 0.10, Protection factor: 0.20, Radiation accuracy: 78.26, Preservation: 91.92%
    DEBUG: Radiation impact: 0.10, Protection factor: 0.20, Radiation accuracy: 77.22, Preservation: 90.98%
    DEBUG: Radiation impact: 0.10, Protection factor: 0.20, Radiation accuracy: 77.34, Preservation: 91.26%
    DEBUG: Radiation impact: 0.10, Protection factor: 0.20, Radiation accuracy: 79.00, Preservation: 92.99%
    DEBUG: Radiation impact: 0.10, Protection factor: 0.20, Radiation accuracy: 79.12, Preservation: 92.78%
    DEBUG: Radiation impact: 0.10, Protection factor: 0.20, Radiation accuracy: 76.85, Preservation: 91.03%
    DEBUG: Radiation impact: 0.10, Protection factor: 0.20, Radiation accuracy: 78.00, Preservation: 93.05%
    DEBUG: Radiation impact: 0.10, Protection factor: 0.20, Radiation accuracy: 78.75, Preservation: 92.47%
    DEBUG: Radiation impact: 0.10, Protection factor: 0.20, Radiation accuracy: 78.38, Preservation: 92.28%
    DEBUG: Radiation impact: 0.10, Protection factor: 0.20, Radiation accuracy: 79.02, Preservation: 92.93%
    DEBUG: Radiation impact: 0.10, Protection factor: 0.20, Radiation accuracy: 79.01, Preservation: 93.06%
    DEBUG: Radiation impact: 0.10, Protection factor: 0.20, Radiation accuracy: 77.54, Preservation: 90.86%
    DEBUG: Radiation impact: 0.10, Protection factor: 0.20, Radiation accuracy: 76.83, Preservation: 91.25%
    DEBUG: Radiation impact: 0.10, Protection factor: 0.20, Radiation accuracy: 78.36, Preservation: 92.56%
    DEBUG: Radiation impact: 0.10, Protection factor: 0.20, Radiation accuracy: 76.56, Preservation: 91.09%
    DEBUG: Radiation impact: 0.10, Protection factor: 0.20, Radiation accuracy: 77.63, Preservation: 91.87%
    DEBUG: Radiation impact: 0.10, Protection factor: 0.20, Radiation accuracy: 76.88, Preservation: 91.64%
    DEBUG: Radiation impact: 0.10, Protection factor: 0.20, Radiation accuracy: 78.64, Preservation: 92.45%
    DEBUG: Radiation impact: 0.10, Protection factor: 0.20, Radiation accuracy: 77.21, Preservation: 91.48%
    DEBUG: Radiation impact: 0.10, Protection factor: 0.20, Radiation accuracy: 76.58, Preservation: 91.67%
    DEBUG: Radiation impact: 0.10, Protection factor: 0.20, Radiation accuracy: 76.90, Preservation: 91.01%
    DEBUG: Radiation impact: 0.10, Protection factor: 0.20, Radiation accuracy: 77.77, Preservation: 91.27%
    DEBUG: Radiation impact: 0.10, Protection factor: 0.20, Radiation accuracy: 77.17, Preservation: 91.10%
    DEBUG: Radiation impact: 0.10, Protection factor: 0.20, Radiation accuracy: 77.19, Preservation: 92.10%
    DEBUG: Radiation impact: 0.10, Protection factor: 0.20, Radiation accuracy: 77.39, Preservation: 92.34%
    DEBUG: Radiation impact: 0.10, Protection factor: 0.20, Radiation accuracy: 77.88, Preservation: 91.47%
    DEBUG: Radiation impact: 0.10, Protection factor: 0.20, Radiation accuracy: 78.54, Preservation: 93.12%
    DEBUG: Radiation impact: 0.10, Protection factor: 0.20, Radiation accuracy: 76.15, Preservation: 91.07%
    DEBUG: Radiation impact: 0.10, Protection factor: 0.20, Radiation accuracy: 78.33, Preservation: 91.83%
    DEBUG: Radiation impact: 0.10, Protection factor: 0.20, Radiation accuracy: 76.97, Preservation: 91.10%
    DEBUG: Radiation impact: 0.10, Protection factor: 0.20, Radiation accuracy: 77.80, Preservation: 92.28%
    DEBUG: Radiation impact: 0.10, Protection factor: 0.20, Radiation accuracy: 78.21, Preservation: 92.67%
    DEBUG: Radiation impact: 0.10, Protection factor: 0.20, Radiation accuracy: 77.66, Preservation: 91.60%
    DEBUG: Radiation impact: 0.10, Protection factor: 0.20, Radiation accuracy: 77.99, Preservation: 92.92%
    DEBUG: Radiation impact: 0.10, Protection factor: 0.20, Radiation accuracy: 78.47, Preservation: 92.93%
    DEBUG: Radiation impact: 0.10, Protection factor: 0.20, Radiation accuracy: 77.94, Preservation: 91.45%
    DEBUG: Radiation impact: 0.10, Protection factor: 0.20, Radiation accuracy: 77.84, Preservation: 93.05%
    DEBUG: Radiation impact: 0.10, Protection factor: 0.20, Radiation accuracy: 77.44, Preservation: 92.02%
    DEBUG: Radiation impact: 0.10, Protection factor: 0.20, Radiation accuracy: 78.70, Preservation: 92.88%
    DEBUG: Radiation impact: 0.10, Protection factor: 0.20, Radiation accuracy: 78.46, Preservation: 92.67%
    DEBUG: Radiation impact: 0.10, Protection factor: 0.20, Radiation accuracy: 78.65, Preservation: 92.74%
Results: Baseline accuracy = 84.50 ± 0.55, Radiation accuracy = 77.76 ± 0.80, Preservation = 92.02 ± 0.72%
Results: Baseline accuracy = 84.50% ± 0.55%, Radiation accuracy = 77.76% ± 0.80%, Preservation = 92.02% ± 0.72%
Testing configuration:
Architecture: 2-64-256-32-2-
Dropout: 0.30
Residual: Yes
Protection: 5
    DEBUG: Radiation impact: 0.10, Protection factor: 0.90, Radiation accuracy: 86.58, Preservation: 98.80%
    DEBUG: Radiation impact: 0.10, Protection factor: 0.90, Radiation accuracy: 86.49, Preservation: 99.52%
    DEBUG: Radiation impact: 0.10, Protection factor: 0.90, Radiation accuracy: 86.61, Preservation: 100.00%
    DEBUG: Radiation impact: 0.10, Protection factor: 0.90, Radiation accuracy: 87.87, Preservation: 100.00%
    DEBUG: Radiation impact: 0.10, Protection factor: 0.90, Radiation accuracy: 86.45, Preservation: 98.77%
    DEBUG: Radiation impact: 0.10, Protection factor: 0.90, Radiation accuracy: 84.58, Preservation: 97.90%
    DEBUG: Radiation impact: 0.10, Protection factor: 0.90, Radiation accuracy: 84.99, Preservation: 97.86%
    DEBUG: Radiation impact: 0.10, Protection factor: 0.90, Radiation accuracy: 86.20, Preservation: 98.30%
    DEBUG: Radiation impact: 0.10, Protection factor: 0.90, Radiation accuracy: 87.27, Preservation: 99.83%
    DEBUG: Radiation impact: 0.10, Protection factor: 0.90, Radiation accuracy: 86.11, Preservation: 98.96%
    DEBUG: Radiation impact: 0.10, Protection factor: 0.90, Radiation accuracy: 86.12, Preservation: 99.61%
    DEBUG: Radiation impact: 0.10, Protection factor: 0.90, Radiation accuracy: 86.47, Preservation: 99.48%
    DEBUG: Radiation impact: 0.10, Protection factor: 0.90, Radiation accuracy: 85.76, Preservation: 98.78%
    DEBUG: Radiation impact: 0.10, Protection factor: 0.90, Radiation accuracy: 86.24, Preservation: 99.70%
    DEBUG: Radiation impact: 0.10, Protection factor: 0.90, Radiation accuracy: 85.97, Preservation: 98.88%
    DEBUG: Radiation impact: 0.10, Protection factor: 0.90, Radiation accuracy: 86.59, Preservation: 98.99%
    DEBUG: Radiation impact: 0.10, Protection factor: 0.90, Radiation accuracy: 85.93, Preservation: 99.05%
    DEBUG: Radiation impact: 0.10, Protection factor: 0.90, Radiation accuracy: 86.11, Preservation: 98.09%
    DEBUG: Radiation impact: 0.10, Protection factor: 0.90, Radiation accuracy: 86.50, Preservation: 100.00%
    DEBUG: Radiation impact: 0.10, Protection factor: 0.90, Radiation accuracy: 87.93, Preservation: 99.74%
    DEBUG: Radiation impact: 0.10, Protection factor: 0.90, Radiation accuracy: 87.63, Preservation: 99.79%
    DEBUG: Radiation impact: 0.10, Protection factor: 0.90, Radiation accuracy: 87.01, Preservation: 98.86%
    DEBUG: Radiation impact: 0.10, Protection factor: 0.90, Radiation accuracy: 87.03, Preservation: 98.94%
    DEBUG: Radiation impact: 0.10, Protection factor: 0.90, Radiation accuracy: 87.70, Preservation: 99.96%
    DEBUG: Radiation impact: 0.10, Protection factor: 0.90, Radiation accuracy: 85.57, Preservation: 98.07%
    DEBUG: Radiation impact: 0.10, Protection factor: 0.90, Radiation accuracy: 85.90, Preservation: 99.65%
    DEBUG: Radiation impact: 0.10, Protection factor: 0.90, Radiation accuracy: 86.38, Preservation: 98.12%
    DEBUG: Radiation impact: 0.10, Protection factor: 0.90, Radiation accuracy: 87.39, Preservation: 100.00%
    DEBUG: Radiation impact: 0.10, Protection factor: 0.90, Radiation accuracy: 87.82, Preservation: 100.00%
    DEBUG: Radiation impact: 0.10, Protection factor: 0.90, Radiation accuracy: 85.51, Preservation: 98.70%
    DEBUG: Radiation impact: 0.10, Protection factor: 0.90, Radiation accuracy: 86.68, Preservation: 98.56%
    DEBUG: Radiation impact: 0.10, Protection factor: 0.90, Radiation accuracy: 86.87, Preservation: 99.15%
    DEBUG: Radiation impact: 0.10, Protection factor: 0.90, Radiation accuracy: 86.36, Preservation: 99.59%
    DEBUG: Radiation impact: 0.10, Protection factor: 0.90, Radiation accuracy: 87.76, Preservation: 99.63%
    DEBUG: Radiation impact: 0.10, Protection factor: 0.90, Radiation accuracy: 85.75, Preservation: 98.03%
    DEBUG: Radiation impact: 0.10, Protection factor: 0.90, Radiation accuracy: 86.96, Preservation: 99.16%
    DEBUG: Radiation impact: 0.10, Protection factor: 0.90, Radiation accuracy: 86.33, Preservation: 100.00%
    DEBUG: Radiation impact: 0.10, Protection factor: 0.90, Radiation accuracy: 87.10, Preservation: 99.89%
    DEBUG: Radiation impact: 0.10, Protection factor: 0.90, Radiation accuracy: 85.53, Preservation: 98.18%
    DEBUG: Radiation impact: 0.10, Protection factor: 0.90, Radiation accuracy: 86.65, Preservation: 99.20%
    DEBUG: Radiation impact: 0.10, Protection factor: 0.90, Radiation accuracy: 86.70, Preservation: 99.62%
    DEBUG: Radiation impact: 0.10, Protection factor: 0.90, Radiation accuracy: 86.52, Preservation: 99.96%
    DEBUG: Radiation impact: 0.10, Protection factor: 0.90, Radiation accuracy: 85.20, Preservation: 98.62%
    DEBUG: Radiation impact: 0.10, Protection factor: 0.90, Radiation accuracy: 87.12, Preservation: 99.55%
    DEBUG: Radiation impact: 0.10, Protection factor: 0.90, Radiation accuracy: 86.45, Preservation: 100.00%
    DEBUG: Radiation impact: 0.10, Protection factor: 0.90, Radiation accuracy: 85.87, Preservation: 98.38%
    DEBUG: Radiation impact: 0.10, Protection factor: 0.90, Radiation accuracy: 85.91, Preservation: 99.33%
    DEBUG: Radiation impact: 0.10, Protection factor: 0.90, Radiation accuracy: 85.73, Preservation: 98.72%
    DEBUG: Radiation impact: 0.10, Protection factor: 0.90, Radiation accuracy: 86.54, Preservation: 99.59%
    DEBUG: Radiation impact: 0.10, Protection factor: 0.90, Radiation accuracy: 86.55, Preservation: 99.07%
Results: Baseline accuracy = 87.19 ± 0.55, Radiation accuracy = 86.47 ± 0.74, Preservation = 99.17 ± 0.66%
Results: Baseline accuracy = 87.19% ± 0.55%, Radiation accuracy = 86.47% ± 0.74%, Preservation = 99.17% ± 0.66%
QD coverage: 0.0030% (occupied 30), elites injected: 4
Results exported to auto_arch_search_results.csv
Generation 14/20
Testing configuration:
Architecture: 2-64-256-32-2-
Dropout: 0.5000
Residual: Yes
Protection: 5
    DEBUG: Radiation impact: 0.1000, Protection factor: 0.9000, Radiation accuracy: 83.2584, Preservation: 98.0525%
    DEBUG: Radiation impact: 0.1000, Protection factor: 0.9000, Radiation accuracy: 85.5866, Preservation: 99.6896%
    DEBUG: Radiation impact: 0.1000, Protection factor: 0.9000, Radiation accuracy: 82.8828, Preservation: 97.9465%
    DEBUG: Radiation impact: 0.1000, Protection factor: 0.9000, Radiation accuracy: 84.2475, Preservation: 98.7266%
    DEBUG: Radiation impact: 0.1000, Protection factor: 0.9000, Radiation accuracy: 84.1263, Preservation: 99.8479%
    DEBUG: Radiation impact: 0.1000, Protection factor: 0.9000, Radiation accuracy: 84.6082, Preservation: 99.0144%
    DEBUG: Radiation impact: 0.1000, Protection factor: 0.9000, Radiation accuracy: 84.6207, Preservation: 100.0000%
    DEBUG: Radiation impact: 0.1000, Protection factor: 0.9000, Radiation accuracy: 84.1310, Preservation: 99.3475%
    DEBUG: Radiation impact: 0.1000, Protection factor: 0.9000, Radiation accuracy: 83.0439, Preservation: 98.2546%
    DEBUG: Radiation impact: 0.1000, Protection factor: 0.9000, Radiation accuracy: 83.4004, Preservation: 97.8442%
    DEBUG: Radiation impact: 0.1000, Protection factor: 0.9000, Radiation accuracy: 85.3310, Preservation: 99.0784%
    DEBUG: Radiation impact: 0.1000, Protection factor: 0.9000, Radiation accuracy: 83.7874, Preservation: 98.3037%
    DEBUG: Radiation impact: 0.1000, Protection factor: 0.9000, Radiation accuracy: 84.1886, Preservation: 98.7007%
    DEBUG: Radiation impact: 0.1000, Protection factor: 0.9000, Radiation accuracy: 84.3001, Preservation: 99.8522%
    DEBUG: Radiation impact: 0.1000, Protection factor: 0.9000, Radiation accuracy: 83.4670, Preservation: 98.2572%
    DEBUG: Radiation impact: 0.1000, Protection factor: 0.9000, Radiation accuracy: 84.4837, Preservation: 98.0897%
    DEBUG: Radiation impact: 0.1000, Protection factor: 0.9000, Radiation accuracy: 84.2479, Preservation: 98.1283%
    DEBUG: Radiation impact: 0.1000, Protection factor: 0.9000, Radiation accuracy: 84.6961, Preservation: 98.7895%
    DEBUG: Radiation impact: 0.1000, Protection factor: 0.9000, Radiation accuracy: 83.1995, Preservation: 98.8270%
    DEBUG: Radiation impact: 0.1000, Protection factor: 0.9000, Radiation accuracy: 84.2371, Preservation: 99.9551%
    DEBUG: Radiation impact: 0.1000, Protection factor: 0.9000, Radiation accuracy: 84.1143, Preservation: 99.4561%
    DEBUG: Radiation impact: 0.1000, Protection factor: 0.9000, Radiation accuracy: 84.1340, Preservation: 98.1211%
    DEBUG: Radiation impact: 0.1000, Protection factor: 0.9000, Radiation accuracy: 85.2250, Preservation: 99.9433%
    DEBUG: Radiation impact: 0.1000, Protection factor: 0.9000, Radiation accuracy: 84.9854, Preservation: 100.0000%
    DEBUG: Radiation impact: 0.1000, Protection factor: 0.9000, Radiation accuracy: 84.6437, Preservation: 100.0000%
    DEBUG: Radiation impact: 0.1000, Protection factor: 0.9000, Radiation accuracy: 85.6064, Preservation: 99.5450%
    DEBUG: Radiation impact: 0.1000, Protection factor: 0.9000, Radiation accuracy: 85.4370, Preservation: 99.2840%
    DEBUG: Radiation impact: 0.1000, Protection factor: 0.9000, Radiation accuracy: 83.5718, Preservation: 98.8022%
    DEBUG: Radiation impact: 0.1000, Protection factor: 0.9000, Radiation accuracy: 83.1126, Preservation: 98.3847%
    DEBUG: Radiation impact: 0.1000, Protection factor: 0.9000, Radiation accuracy: 83.1012, Preservation: 98.4209%
    DEBUG: Radiation impact: 0.1000, Protection factor: 0.9000, Radiation accuracy: 82.9566, Preservation: 97.9111%
    DEBUG: Radiation impact: 0.1000, Protection factor: 0.9000, Radiation accuracy: 84.6833, Preservation: 99.4306%
    DEBUG: Radiation impact: 0.1000, Protection factor: 0.9000, Radiation accuracy: 84.5404, Preservation: 98.2769%
    DEBUG: Radiation impact: 0.1000, Protection factor: 0.9000, Radiation accuracy: 84.7440, Preservation: 98.4164%
    DEBUG: Radiation impact: 0.1000, Protection factor: 0.9000, Radiation accuracy: 83.5195, Preservation: 98.6724%
    DEBUG: Radiation impact: 0.1000, Protection factor: 0.9000, Radiation accuracy: 85.3534, Preservation: 99.9102%
    DEBUG: Radiation impact: 0.1000, Protection factor: 0.9000, Radiation accuracy: 84.1147, Preservation: 99.1171%
    DEBUG: Radiation impact: 0.1000, Protection factor: 0.9000, Radiation accuracy: 84.1703, Preservation: 98.7564%
    DEBUG: Radiation impact: 0.1000, Protection factor: 0.9000, Radiation accuracy: 85.5026, Preservation: 99.8159%
    DEBUG: Radiation impact: 0.1000, Protection factor: 0.9000, Radiation accuracy: 82.7728, Preservation: 98.0643%
    DEBUG: Radiation impact: 0.1000, Protection factor: 0.9000, Radiation accuracy: 84.9913, Preservation: 98.8529%
    DEBUG: Radiation impact: 0.1000, Protection factor: 0.9000, Radiation accuracy: 83.9538, Preservation: 98.0741%
    DEBUG: Radiation impact: 0.1000, Protection factor: 0.9000, Radiation accuracy: 84.3598, Preservation: 98.3856%
    DEBUG: Radiation impact: 0.1000, Protection factor: 0.9000, Radiation accuracy: 84.2400, Preservation: 100.0000%
    DEBUG: Radiation impact: 0.1000, Protection factor: 0.9000, Radiation accuracy: 86.0519, Preservation: 100.0000%
    DEBUG: Radiation impact: 0.1000, Protection factor: 0.9000, Radiation accuracy: 84.3332, Preservation: 99.3323%
    DEBUG: Radiation impact: 0.1000, Protection factor: 0.9000, Radiation accuracy: 85.6360, Preservation: 99.4494%
    DEBUG: Radiation impact: 0.1000, Protection factor: 0.9000, Radiation accuracy: 85.9837, Preservation: 99.9295%
    DEBUG: Radiation impact: 0.1000, Protection factor: 0.9000, Radiation accuracy: 83.6122, Preservation: 98.2309%
    DEBUG: Radiation impact: 0.1000, Protection factor: 0.9000, Radiation accuracy: 83.2593, Preservation: 97.9549%
Results: Baseline accuracy = 85.1901 ± 0.6198, Radiation accuracy = 84.2911 ± 0.8523, Preservation = 98.9449 ± 0.7276%
Results: Baseline accuracy = 85.19% ± 0.62%, Radiation accuracy = 84.29% ± 0.85%, Preservation = 98.94% ± 0.73%
Testing configuration:
Architecture: 2-32-2-
Dropout: 0.50
Residual: No
Protection: 5
    DEBUG: Radiation impact: 0.10, Protection factor: 0.90, Radiation accuracy: 82.72, Preservation: 99.97%
    DEBUG: Radiation impact: 0.10, Protection factor: 0.90, Radiation accuracy: 81.01, Preservation: 100.00%
    DEBUG: Radiation impact: 0.10, Protection factor: 0.90, Radiation accuracy: 82.82, Preservation: 100.00%
    DEBUG: Radiation impact: 0.10, Protection factor: 0.90, Radiation accuracy: 81.29, Preservation: 99.15%
    DEBUG: Radiation impact: 0.10, Protection factor: 0.90, Radiation accuracy: 81.20, Preservation: 97.99%
    DEBUG: Radiation impact: 0.10, Protection factor: 0.90, Radiation accuracy: 79.57, Preservation: 98.00%
    DEBUG: Radiation impact: 0.10, Protection factor: 0.90, Radiation accuracy: 80.71, Preservation: 97.90%
    DEBUG: Radiation impact: 0.10, Protection factor: 0.90, Radiation accuracy: 81.89, Preservation: 99.00%
    DEBUG: Radiation impact: 0.10, Protection factor: 0.90, Radiation accuracy: 82.47, Preservation: 99.85%
    DEBUG: Radiation impact: 0.10, Protection factor: 0.90, Radiation accuracy: 81.12, Preservation: 99.31%
    DEBUG: Radiation impact: 0.10, Protection factor: 0.90, Radiation accuracy: 81.81, Preservation: 99.02%
    DEBUG: Radiation impact: 0.10, Protection factor: 0.90, Radiation accuracy: 80.03, Preservation: 97.85%
    DEBUG: Radiation impact: 0.10, Protection factor: 0.90, Radiation accuracy: 80.87, Preservation: 99.59%
    DEBUG: Radiation impact: 0.10, Protection factor: 0.90, Radiation accuracy: 82.74, Preservation: 99.92%
    DEBUG: Radiation impact: 0.10, Protection factor: 0.90, Radiation accuracy: 80.98, Preservation: 98.38%
    DEBUG: Radiation impact: 0.10, Protection factor: 0.90, Radiation accuracy: 80.05, Preservation: 97.79%
    DEBUG: Radiation impact: 0.10, Protection factor: 0.90, Radiation accuracy: 81.73, Preservation: 99.00%
    DEBUG: Radiation impact: 0.10, Protection factor: 0.90, Radiation accuracy: 79.77, Preservation: 98.45%
    DEBUG: Radiation impact: 0.10, Protection factor: 0.90, Radiation accuracy: 80.87, Preservation: 97.82%
    DEBUG: Radiation impact: 0.10, Protection factor: 0.90, Radiation accuracy: 80.64, Preservation: 98.66%
    DEBUG: Radiation impact: 0.10, Protection factor: 0.90, Radiation accuracy: 82.07, Preservation: 99.10%
    DEBUG: Radiation impact: 0.10, Protection factor: 0.90, Radiation accuracy: 81.69, Preservation: 99.91%
    DEBUG: Radiation impact: 0.10, Protection factor: 0.90, Radiation accuracy: 81.56, Preservation: 99.52%
    DEBUG: Radiation impact: 0.10, Protection factor: 0.90, Radiation accuracy: 81.16, Preservation: 99.81%
    DEBUG: Radiation impact: 0.10, Protection factor: 0.90, Radiation accuracy: 82.06, Preservation: 100.00%
    DEBUG: Radiation impact: 0.10, Protection factor: 0.90, Radiation accuracy: 81.55, Preservation: 99.32%
    DEBUG: Radiation impact: 0.10, Protection factor: 0.90, Radiation accuracy: 80.64, Preservation: 99.13%
    DEBUG: Radiation impact: 0.10, Protection factor: 0.90, Radiation accuracy: 79.64, Preservation: 98.40%
    DEBUG: Radiation impact: 0.10, Protection factor: 0.90, Radiation accuracy: 79.64, Preservation: 98.04%
    DEBUG: Radiation impact: 0.10, Protection factor: 0.90, Radiation accuracy: 79.62, Preservation: 97.92%
    DEBUG: Radiation impact: 0.10, Protection factor: 0.90, Radiation accuracy: 80.78, Preservation: 98.77%
    DEBUG: Radiation impact: 0.10, Protection factor: 0.90, Radiation accuracy: 80.17, Preservation: 98.31%
    DEBUG: Radiation impact: 0.10, Protection factor: 0.90, Radiation accuracy: 81.39, Preservation: 98.95%
    DEBUG: Radiation impact: 0.10, Protection factor: 0.90, Radiation accuracy: 80.28, Preservation: 98.07%
    DEBUG: Radiation impact: 0.10, Protection factor: 0.90, Radiation accuracy: 79.75, Preservation: 98.06%
    DEBUG: Radiation impact: 0.10, Protection factor: 0.90, Radiation accuracy: 81.24, Preservation: 100.00%
    DEBUG: Radiation impact: 0.10, Protection factor: 0.90, Radiation accuracy: 81.12, Preservation: 98.49%
    DEBUG: Radiation impact: 0.10, Protection factor: 0.90, Radiation accuracy: 80.77, Preservation: 98.58%
    DEBUG: Radiation impact: 0.10, Protection factor: 0.90, Radiation accuracy: 80.78, Preservation: 99.63%
    DEBUG: Radiation impact: 0.10, Protection factor: 0.90, Radiation accuracy: 80.63, Preservation: 98.51%
    DEBUG: Radiation impact: 0.10, Protection factor: 0.90, Radiation accuracy: 81.44, Preservation: 99.52%
    DEBUG: Radiation impact: 0.10, Protection factor: 0.90, Radiation accuracy: 81.27, Preservation: 99.47%
    DEBUG: Radiation impact: 0.10, Protection factor: 0.90, Radiation accuracy: 82.16, Preservation: 99.18%
    DEBUG: Radiation impact: 0.10, Protection factor: 0.90, Radiation accuracy: 80.98, Preservation: 100.00%
    DEBUG: Radiation impact: 0.10, Protection factor: 0.90, Radiation accuracy: 81.31, Preservation: 99.20%
    DEBUG: Radiation impact: 0.10, Protection factor: 0.90, Radiation accuracy: 80.75, Preservation: 99.04%
    DEBUG: Radiation impact: 0.10, Protection factor: 0.90, Radiation accuracy: 80.47, Preservation: 99.08%
    DEBUG: Radiation impact: 0.10, Protection factor: 0.90, Radiation accuracy: 79.94, Preservation: 98.33%
    DEBUG: Radiation impact: 0.10, Protection factor: 0.90, Radiation accuracy: 80.81, Preservation: 98.04%
    DEBUG: Radiation impact: 0.10, Protection factor: 0.90, Radiation accuracy: 82.67, Preservation: 100.00%
Results: Baseline accuracy = 81.90 ± 0.60, Radiation accuracy = 81.05 ± 0.87, Preservation = 98.96 ± 0.73%
Results: Baseline accuracy = 81.90% ± 0.60%, Radiation accuracy = 81.05% ± 0.87%, Preservation = 98.96% ± 0.73%
Testing configuration:
Architecture: 2-64-256-32-2-
Dropout: 0.60
Residual: Yes
Protection: 5
    DEBUG: Radiation impact: 0.10, Protection factor: 0.90, Radiation accuracy: 83.77, Preservation: 99.68%
    DEBUG: Radiation impact: 0.10, Protection factor: 0.90, Radiation accuracy: 82.47, Preservation: 98.61%
    DEBUG: Radiation impact: 0.10, Protection factor: 0.90, Radiation accuracy: 83.50, Preservation: 98.33%
    DEBUG: Radiation impact: 0.10, Protection factor: 0.90, Radiation accuracy: 81.61, Preservation: 97.82%
    DEBUG: Radiation impact: 0.10, Protection factor: 0.90, Radiation accuracy: 83.06, Preservation: 98.51%
    DEBUG: Radiation impact: 0.10, Protection factor: 0.90, Radiation accuracy: 84.02, Preservation: 99.02%
    DEBUG: Radiation impact: 0.10, Protection factor: 0.90, Radiation accuracy: 83.45, Preservation: 98.81%
    DEBUG: Radiation impact: 0.10, Protection factor: 0.90, Radiation accuracy: 82.95, Preservation: 98.02%
    DEBUG: Radiation impact: 0.10, Protection factor: 0.90, Radiation accuracy: 81.60, Preservation: 97.87%
    DEBUG: Radiation impact: 0.10, Protection factor: 0.90, Radiation accuracy: 83.17, Preservation: 98.85%
    DEBUG: Radiation impact: 0.10, Protection factor: 0.90, Radiation accuracy: 83.75, Preservation: 99.27%
    DEBUG: Radiation impact: 0.10, Protection factor: 0.90, Radiation accuracy: 84.61, Preservation: 99.43%
    DEBUG: Radiation impact: 0.10, Protection factor: 0.90, Radiation accuracy: 84.14, Preservation: 99.20%
    DEBUG: Radiation impact: 0.10, Protection factor: 0.90, Radiation accuracy: 82.77, Preservation: 99.03%
    DEBUG: Radiation impact: 0.10, Protection factor: 0.90, Radiation accuracy: 84.91, Preservation: 99.73%
    DEBUG: Radiation impact: 0.10, Protection factor: 0.90, Radiation accuracy: 81.95, Preservation: 98.16%
    DEBUG: Radiation impact: 0.10, Protection factor: 0.90, Radiation accuracy: 83.66, Preservation: 98.38%
    DEBUG: Radiation impact: 0.10, Protection factor: 0.90, Radiation accuracy: 82.67, Preservation: 98.00%
    DEBUG: Radiation impact: 0.10, Protection factor: 0.90, Radiation accuracy: 82.48, Preservation: 98.50%
    DEBUG: Radiation impact: 0.10, Protection factor: 0.90, Radiation accuracy: 84.45, Preservation: 99.60%
    DEBUG: Radiation impact: 0.10, Protection factor: 0.90, Radiation accuracy: 84.65, Preservation: 99.82%
    DEBUG: Radiation impact: 0.10, Protection factor: 0.90, Radiation accuracy: 83.27, Preservation: 99.20%
    DEBUG: Radiation impact: 0.10, Protection factor: 0.90, Radiation accuracy: 83.10, Preservation: 97.88%
    DEBUG: Radiation impact: 0.10, Protection factor: 0.90, Radiation accuracy: 83.66, Preservation: 98.98%
    DEBUG: Radiation impact: 0.10, Protection factor: 0.90, Radiation accuracy: 82.30, Preservation: 98.23%
    DEBUG: Radiation impact: 0.10, Protection factor: 0.90, Radiation accuracy: 83.53, Preservation: 99.39%
    DEBUG: Radiation impact: 0.10, Protection factor: 0.90, Radiation accuracy: 83.32, Preservation: 99.66%
    DEBUG: Radiation impact: 0.10, Protection factor: 0.90, Radiation accuracy: 83.20, Preservation: 99.92%
    DEBUG: Radiation impact: 0.10, Protection factor: 0.90, Radiation accuracy: 83.87, Preservation: 99.24%
    DEBUG: Radiation impact: 0.10, Protection factor: 0.90, Radiation accuracy: 83.78, Preservation: 100.00%
    DEBUG: Radiation impact: 0.10, Protection factor: 0.90, Radiation accuracy: 84.66, Preservation: 99.84%
    DEBUG: Radiation impact: 0.10, Protection factor: 0.90, Radiation accuracy: 83.86, Preservation: 98.77%
    DEBUG: Radiation impact: 0.10, Protection factor: 0.90, Radiation accuracy: 84.06, Preservation: 100.00%
    DEBUG: Radiation impact: 0.10, Protection factor: 0.90, Radiation accuracy: 84.89, Preservation: 99.82%
    DEBUG: Radiation impact: 0.10, Protection factor: 0.90, Radiation accuracy: 82.53, Preservation: 97.97%
    DEBUG: Radiation impact: 0.10, Protection factor: 0.90, Radiation accuracy: 84.66, Preservation: 100.00%
    DEBUG: Radiation impact: 0.10, Protection factor: 0.90, Radiation accuracy: 82.82, Preservation: 99.29%
    DEBUG: Radiation impact: 0.10, Protection factor: 0.90, Radiation accuracy: 84.66, Preservation: 99.91%
    DEBUG: Radiation impact: 0.10, Protection factor: 0.90, Radiation accuracy: 82.69, Preservation: 99.25%
    DEBUG: Radiation impact: 0.10, Protection factor: 0.90, Radiation accuracy: 83.25, Preservation: 98.81%
    DEBUG: Radiation impact: 0.10, Protection factor: 0.90, Radiation accuracy: 83.30, Preservation: 99.13%
    DEBUG: Radiation impact: 0.10, Protection factor: 0.90, Radiation accuracy: 83.68, Preservation: 98.78%
    DEBUG: Radiation impact: 0.10, Protection factor: 0.90, Radiation accuracy: 81.79, Preservation: 98.03%
    DEBUG: Radiation impact: 0.10, Protection factor: 0.90, Radiation accuracy: 83.89, Preservation: 98.59%
    DEBUG: Radiation impact: 0.10, Protection factor: 0.90, Radiation accuracy: 83.12, Preservation: 99.05%
    DEBUG: Radiation impact: 0.10, Protection factor: 0.90, Radiation accuracy: 84.24, Preservation: 98.98%
    DEBUG: Radiation impact: 0.10, Protection factor: 0.90, Radiation accuracy: 83.19, Preservation: 99.70%
    DEBUG: Radiation impact: 0.10, Protection factor: 0.90, Radiation accuracy: 83.32, Preservation: 99.48%
    DEBUG: Radiation impact: 0.10, Protection factor: 0.90, Radiation accuracy: 82.59, Preservation: 97.96%
    DEBUG: Radiation impact: 0.10, Protection factor: 0.90, Radiation accuracy: 83.85, Preservation: 100.00%
Results: Baseline accuracy = 84.25 ± 0.58, Radiation accuracy = 83.41 ± 0.84, Preservation = 99.01 ± 0.68%
Results: Baseline accuracy = 84.25% ± 0.58%, Radiation accuracy = 83.41% ± 0.84%, Preservation = 99.01% ± 0.68%
Testing configuration:
Architecture: 2-32-256-2-
Dropout: 0.30
Residual: No
Protection: 4
    DEBUG: Radiation impact: 0.10, Protection factor: 0.85, Radiation accuracy: 82.03, Preservation: 97.51%
    DEBUG: Radiation impact: 0.10, Protection factor: 0.85, Radiation accuracy: 84.11, Preservation: 99.20%
    DEBUG: Radiation impact: 0.10, Protection factor: 0.85, Radiation accuracy: 82.68, Preservation: 98.30%
    DEBUG: Radiation impact: 0.10, Protection factor: 0.85, Radiation accuracy: 85.03, Preservation: 99.66%
    DEBUG: Radiation impact: 0.10, Protection factor: 0.85, Radiation accuracy: 84.46, Preservation: 98.47%
    DEBUG: Radiation impact: 0.10, Protection factor: 0.85, Radiation accuracy: 85.15, Preservation: 99.33%
    DEBUG: Radiation impact: 0.10, Protection factor: 0.85, Radiation accuracy: 84.31, Preservation: 99.27%
    DEBUG: Radiation impact: 0.10, Protection factor: 0.85, Radiation accuracy: 82.91, Preservation: 98.17%
    DEBUG: Radiation impact: 0.10, Protection factor: 0.85, Radiation accuracy: 83.45, Preservation: 97.37%
    DEBUG: Radiation impact: 0.10, Protection factor: 0.85, Radiation accuracy: 83.12, Preservation: 97.58%
    DEBUG: Radiation impact: 0.10, Protection factor: 0.85, Radiation accuracy: 83.69, Preservation: 97.86%
    DEBUG: Radiation impact: 0.10, Protection factor: 0.85, Radiation accuracy: 84.42, Preservation: 99.07%
    DEBUG: Radiation impact: 0.10, Protection factor: 0.85, Radiation accuracy: 84.74, Preservation: 98.69%
    DEBUG: Radiation impact: 0.10, Protection factor: 0.85, Radiation accuracy: 83.82, Preservation: 97.53%
    DEBUG: Radiation impact: 0.10, Protection factor: 0.85, Radiation accuracy: 84.18, Preservation: 98.55%
    DEBUG: Radiation impact: 0.10, Protection factor: 0.85, Radiation accuracy: 82.71, Preservation: 97.96%
    DEBUG: Radiation impact: 0.10, Protection factor: 0.85, Radiation accuracy: 84.44, Preservation: 98.22%
    DEBUG: Radiation impact: 0.10, Protection factor: 0.85, Radiation accuracy: 83.15, Preservation: 98.91%
    DEBUG: Radiation impact: 0.10, Protection factor: 0.85, Radiation accuracy: 83.69, Preservation: 99.33%
    DEBUG: Radiation impact: 0.10, Protection factor: 0.85, Radiation accuracy: 83.18, Preservation: 98.58%
    DEBUG: Radiation impact: 0.10, Protection factor: 0.85, Radiation accuracy: 83.70, Preservation: 98.60%
    DEBUG: Radiation impact: 0.10, Protection factor: 0.85, Radiation accuracy: 83.87, Preservation: 97.72%
    DEBUG: Radiation impact: 0.10, Protection factor: 0.85, Radiation accuracy: 83.90, Preservation: 97.80%
    DEBUG: Radiation impact: 0.10, Protection factor: 0.85, Radiation accuracy: 84.41, Preservation: 98.84%
    DEBUG: Radiation impact: 0.10, Protection factor: 0.85, Radiation accuracy: 82.77, Preservation: 98.42%
    DEBUG: Radiation impact: 0.10, Protection factor: 0.85, Radiation accuracy: 83.46, Preservation: 98.02%
    DEBUG: Radiation impact: 0.10, Protection factor: 0.85, Radiation accuracy: 84.35, Preservation: 98.92%
    DEBUG: Radiation impact: 0.10, Protection factor: 0.85, Radiation accuracy: 83.47, Preservation: 99.20%
    DEBUG: Radiation impact: 0.10, Protection factor: 0.85, Radiation accuracy: 81.91, Preservation: 97.42%
    DEBUG: Radiation impact: 0.10, Protection factor: 0.85, Radiation accuracy: 83.71, Preservation: 99.13%
    DEBUG: Radiation impact: 0.10, Protection factor: 0.85, Radiation accuracy: 84.20, Preservation: 99.27%
    DEBUG: Radiation impact: 0.10, Protection factor: 0.85, Radiation accuracy: 83.21, Preservation: 98.86%
    DEBUG: Radiation impact: 0.10, Protection factor: 0.85, Radiation accuracy: 82.23, Preservation: 97.87%
    DEBUG: Radiation impact: 0.10, Protection factor: 0.85, Radiation accuracy: 83.18, Preservation: 97.43%
    DEBUG: Radiation impact: 0.10, Protection factor: 0.85, Radiation accuracy: 83.06, Preservation: 97.34%
    DEBUG: Radiation impact: 0.10, Protection factor: 0.85, Radiation accuracy: 83.06, Preservation: 97.42%
    DEBUG: Radiation impact: 0.10, Protection factor: 0.85, Radiation accuracy: 84.08, Preservation: 99.30%
    DEBUG: Radiation impact: 0.10, Protection factor: 0.85, Radiation accuracy: 83.54, Preservation: 97.48%
    DEBUG: Radiation impact: 0.10, Protection factor: 0.85, Radiation accuracy: 83.59, Preservation: 97.69%
    DEBUG: Radiation impact: 0.10, Protection factor: 0.85, Radiation accuracy: 82.74, Preservation: 97.97%
    DEBUG: Radiation impact: 0.10, Protection factor: 0.85, Radiation accuracy: 82.60, Preservation: 98.02%
    DEBUG: Radiation impact: 0.10, Protection factor: 0.85, Radiation accuracy: 83.95, Preservation: 99.52%
    DEBUG: Radiation impact: 0.10, Protection factor: 0.85, Radiation accuracy: 83.83, Preservation: 97.67%
    DEBUG: Radiation impact: 0.10, Protection factor: 0.85, Radiation accuracy: 83.36, Preservation: 98.80%
    DEBUG: Radiation impact: 0.10, Protection factor: 0.85, Radiation accuracy: 83.24, Preservation: 97.53%
    DEBUG: Radiation impact: 0.10, Protection factor: 0.85, Radiation accuracy: 84.51, Preservation: 99.07%
    DEBUG: Radiation impact: 0.10, Protection factor: 0.85, Radiation accuracy: 84.76, Preservation: 99.37%
    DEBUG: Radiation impact: 0.10, Protection factor: 0.85, Radiation accuracy: 83.92, Preservation: 99.28%
    DEBUG: Radiation impact: 0.10, Protection factor: 0.85, Radiation accuracy: 83.26, Preservation: 97.77%
    DEBUG: Radiation impact: 0.10, Protection factor: 0.85, Radiation accuracy: 84.65, Preservation: 98.68%
Results: Baseline accuracy = 85.00 ± 0.63, Radiation accuracy = 83.64 ± 0.75, Preservation = 98.40 ± 0.71%
Results: Baseline accuracy = 85.00% ± 0.63%, Radiation accuracy = 83.64% ± 0.75%, Preservation = 98.40% ± 0.71%
QD coverage: 0.0030% (occupied 30), elites injected: 4
Results exported to auto_arch_search_results.csv
Generation 15/20
Testing configuration:
Architecture: 2-32-256-2-
Dropout: 0.3000
Residual: Yes
Protection: 5
    DEBUG: Radiation impact: 0.1000, Protection factor: 0.9000, Radiation accuracy: 86.2573, Preservation: 99.9611%
    DEBUG: Radiation impact: 0.1000, Protection factor: 0.9000, Radiation accuracy: 87.1772, Preservation: 99.4957%
    DEBUG: Radiation impact: 0.1000, Protection factor: 0.9000, Radiation accuracy: 86.2622, Preservation: 98.0481%
    DEBUG: Radiation impact: 0.1000, Protection factor: 0.9000, Radiation accuracy: 86.2094, Preservation: 99.5931%
    DEBUG: Radiation impact: 0.1000, Protection factor: 0.9000, Radiation accuracy: 87.0152, Preservation: 99.4436%
    DEBUG: Radiation impact: 0.1000, Protection factor: 0.9000, Radiation accuracy: 85.7806, Preservation: 98.4401%
    DEBUG: Radiation impact: 0.1000, Protection factor: 0.9000, Radiation accuracy: 87.1438, Preservation: 99.1086%
    DEBUG: Radiation impact: 0.1000, Protection factor: 0.9000, Radiation accuracy: 86.0633, Preservation: 99.7912%
    DEBUG: Radiation impact: 0.1000, Protection factor: 0.9000, Radiation accuracy: 86.2396, Preservation: 98.7620%
    DEBUG: Radiation impact: 0.1000, Protection factor: 0.9000, Radiation accuracy: 87.5494, Preservation: 99.7236%
    DEBUG: Radiation impact: 0.1000, Protection factor: 0.9000, Radiation accuracy: 85.5679, Preservation: 98.4385%
    DEBUG: Radiation impact: 0.1000, Protection factor: 0.9000, Radiation accuracy: 87.3570, Preservation: 100.0000%
    DEBUG: Radiation impact: 0.1000, Protection factor: 0.9000, Radiation accuracy: 85.8707, Preservation: 98.3788%
    DEBUG: Radiation impact: 0.1000, Protection factor: 0.9000, Radiation accuracy: 86.7569, Preservation: 99.8798%
    DEBUG: Radiation impact: 0.1000, Protection factor: 0.9000, Radiation accuracy: 86.3666, Preservation: 99.5133%
    DEBUG: Radiation impact: 0.1000, Protection factor: 0.9000, Radiation accuracy: 86.6488, Preservation: 98.6848%
    DEBUG: Radiation impact: 0.1000, Protection factor: 0.9000, Radiation accuracy: 86.5370, Preservation: 99.4685%
    DEBUG: Radiation impact: 0.1000, Protection factor: 0.9000, Radiation accuracy: 87.5304, Preservation: 99.7545%
    DEBUG: Radiation impact: 0.1000, Protection factor: 0.9000, Radiation accuracy: 86.2549, Preservation: 99.2856%
    DEBUG: Radiation impact: 0.1000, Protection factor: 0.9000, Radiation accuracy: 86.5169, Preservation: 98.8246%
    DEBUG: Radiation impact: 0.1000, Protection factor: 0.9000, Radiation accuracy: 87.0466, Preservation: 100.0000%
    DEBUG: Radiation impact: 0.1000, Protection factor: 0.9000, Radiation accuracy: 86.1508, Preservation: 99.4900%
    DEBUG: Radiation impact: 0.1000, Protection factor: 0.9000, Radiation accuracy: 86.4118, Preservation: 98.8347%
    DEBUG: Radiation impact: 0.1000, Protection factor: 0.9000, Radiation accuracy: 86.0490, Preservation: 97.9212%
    DEBUG: Radiation impact: 0.1000, Protection factor: 0.9000, Radiation accuracy: 87.1115, Preservation: 99.1216%
    DEBUG: Radiation impact: 0.1000, Protection factor: 0.9000, Radiation accuracy: 85.3500, Preservation: 98.6394%
    DEBUG: Radiation impact: 0.1000, Protection factor: 0.9000, Radiation accuracy: 86.2075, Preservation: 99.9448%
    DEBUG: Radiation impact: 0.1000, Protection factor: 0.9000, Radiation accuracy: 87.0015, Preservation: 98.9955%
    DEBUG: Radiation impact: 0.1000, Protection factor: 0.9000, Radiation accuracy: 85.7988, Preservation: 97.9220%
    DEBUG: Radiation impact: 0.1000, Protection factor: 0.9000, Radiation accuracy: 85.8012, Preservation: 99.4207%
    DEBUG: Radiation impact: 0.1000, Protection factor: 0.9000, Radiation accuracy: 86.8497, Preservation: 98.9810%
    DEBUG: Radiation impact: 0.1000, Protection factor: 0.9000, Radiation accuracy: 85.8636, Preservation: 98.8047%
    DEBUG: Radiation impact: 0.1000, Protection factor: 0.9000, Radiation accuracy: 86.1840, Preservation: 98.1476%
    DEBUG: Radiation impact: 0.1000, Protection factor: 0.9000, Radiation accuracy: 84.6710, Preservation: 98.3333%
    DEBUG: Radiation impact: 0.1000, Protection factor: 0.9000, Radiation accuracy: 85.6385, Preservation: 99.3891%
    DEBUG: Radiation impact: 0.1000, Protection factor: 0.9000, Radiation accuracy: 84.7680, Preservation: 98.4022%
    DEBUG: Radiation impact: 0.1000, Protection factor: 0.9000, Radiation accuracy: 86.4310, Preservation: 98.6968%
    DEBUG: Radiation impact: 0.1000, Protection factor: 0.9000, Radiation accuracy: 86.0914, Preservation: 98.8824%
    DEBUG: Radiation impact: 0.1000, Protection factor: 0.9000, Radiation accuracy: 86.4107, Preservation: 98.4076%
    DEBUG: Radiation impact: 0.1000, Protection factor: 0.9000, Radiation accuracy: 86.0294, Preservation: 98.5578%
    DEBUG: Radiation impact: 0.1000, Protection factor: 0.9000, Radiation accuracy: 85.6426, Preservation: 98.8501%
    DEBUG: Radiation impact: 0.1000, Protection factor: 0.9000, Radiation accuracy: 86.4758, Preservation: 98.9721%
    DEBUG: Radiation impact: 0.1000, Protection factor: 0.9000, Radiation accuracy: 84.8414, Preservation: 98.1967%
    DEBUG: Radiation impact: 0.1000, Protection factor: 0.9000, Radiation accuracy: 84.6100, Preservation: 98.2132%
    DEBUG: Radiation impact: 0.1000, Protection factor: 0.9000, Radiation accuracy: 86.7496, Preservation: 100.0000%
    DEBUG: Radiation impact: 0.1000, Protection factor: 0.9000, Radiation accuracy: 85.7189, Preservation: 99.3640%
    DEBUG: Radiation impact: 0.1000, Protection factor: 0.9000, Radiation accuracy: 86.4047, Preservation: 99.7762%
    DEBUG: Radiation impact: 0.1000, Protection factor: 0.9000, Radiation accuracy: 84.8469, Preservation: 98.4912%
    DEBUG: Radiation impact: 0.1000, Protection factor: 0.9000, Radiation accuracy: 85.7817, Preservation: 98.7362%
    DEBUG: Radiation impact: 0.1000, Protection factor: 0.9000, Radiation accuracy: 86.0047, Preservation: 99.0978%
Results: Baseline accuracy = 87.0516 ± 0.5981, Radiation accuracy = 86.2010 ± 0.7067, Preservation = 99.0237 ± 0.6067%
Results: Baseline accuracy = 87.05% ± 0.60%, Radiation accuracy = 86.20% ± 0.71%, Preservation = 99.02% ± 0.61%
Testing configuration:
Architecture: 2-32-2-
Dropout: 0.30
Residual: Yes
Protection: 2
    DEBUG: Radiation impact: 0.10, Protection factor: 0.60, Radiation accuracy: 79.53, Preservation: 94.87%
    DEBUG: Radiation impact: 0.10, Protection factor: 0.60, Radiation accuracy: 82.06, Preservation: 97.13%
    DEBUG: Radiation impact: 0.10, Protection factor: 0.60, Radiation accuracy: 81.73, Preservation: 96.84%
    DEBUG: Radiation impact: 0.10, Protection factor: 0.60, Radiation accuracy: 80.35, Preservation: 94.92%
    DEBUG: Radiation impact: 0.10, Protection factor: 0.60, Radiation accuracy: 81.72, Preservation: 96.83%
    DEBUG: Radiation impact: 0.10, Protection factor: 0.60, Radiation accuracy: 80.04, Preservation: 95.89%
    DEBUG: Radiation impact: 0.10, Protection factor: 0.60, Radiation accuracy: 81.37, Preservation: 97.10%
    DEBUG: Radiation impact: 0.10, Protection factor: 0.60, Radiation accuracy: 80.35, Preservation: 95.39%
    DEBUG: Radiation impact: 0.10, Protection factor: 0.60, Radiation accuracy: 78.67, Preservation: 94.80%
    DEBUG: Radiation impact: 0.10, Protection factor: 0.60, Radiation accuracy: 81.27, Preservation: 95.81%
    DEBUG: Radiation impact: 0.10, Protection factor: 0.60, Radiation accuracy: 82.39, Preservation: 97.13%
    DEBUG: Radiation impact: 0.10, Protection factor: 0.60, Radiation accuracy: 81.63, Preservation: 96.99%
    DEBUG: Radiation impact: 0.10, Protection factor: 0.60, Radiation accuracy: 80.21, Preservation: 95.91%
    DEBUG: Radiation impact: 0.10, Protection factor: 0.60, Radiation accuracy: 81.57, Preservation: 96.54%
    DEBUG: Radiation impact: 0.10, Protection factor: 0.60, Radiation accuracy: 81.63, Preservation: 96.84%
    DEBUG: Radiation impact: 0.10, Protection factor: 0.60, Radiation accuracy: 81.83, Preservation: 96.95%
    DEBUG: Radiation impact: 0.10, Protection factor: 0.60, Radiation accuracy: 79.75, Preservation: 95.04%
    DEBUG: Radiation impact: 0.10, Protection factor: 0.60, Radiation accuracy: 80.67, Preservation: 96.69%
    DEBUG: Radiation impact: 0.10, Protection factor: 0.60, Radiation accuracy: 79.34, Preservation: 95.17%
    DEBUG: Radiation impact: 0.10, Protection factor: 0.60, Radiation accuracy: 81.59, Preservation: 96.74%
    DEBUG: Radiation impact: 0.10, Protection factor: 0.60, Radiation accuracy: 81.16, Preservation: 96.26%
    DEBUG: Radiation impact: 0.10, Protection factor: 0.60, Radiation accuracy: 79.39, Preservation: 95.31%
    DEBUG: Radiation impact: 0.10, Protection factor: 0.60, Radiation accuracy: 80.27, Preservation: 95.89%
    DEBUG: Radiation impact: 0.10, Protection factor: 0.60, Radiation accuracy: 80.36, Preservation: 96.85%
    DEBUG: Radiation impact: 0.10, Protection factor: 0.60, Radiation accuracy: 80.07, Preservation: 96.02%
    DEBUG: Radiation impact: 0.10, Protection factor: 0.60, Radiation accuracy: 81.87, Preservation: 96.46%
    DEBUG: Radiation impact: 0.10, Protection factor: 0.60, Radiation accuracy: 80.27, Preservation: 96.41%
    DEBUG: Radiation impact: 0.10, Protection factor: 0.60, Radiation accuracy: 79.46, Preservation: 95.27%
    DEBUG: Radiation impact: 0.10, Protection factor: 0.60, Radiation accuracy: 79.93, Preservation: 95.03%
    DEBUG: Radiation impact: 0.10, Protection factor: 0.60, Radiation accuracy: 81.97, Preservation: 97.01%
    DEBUG: Radiation impact: 0.10, Protection factor: 0.60, Radiation accuracy: 80.38, Preservation: 96.49%
    DEBUG: Radiation impact: 0.10, Protection factor: 0.60, Radiation accuracy: 82.12, Preservation: 97.07%
    DEBUG: Radiation impact: 0.10, Protection factor: 0.60, Radiation accuracy: 79.73, Preservation: 95.96%
    DEBUG: Radiation impact: 0.10, Protection factor: 0.60, Radiation accuracy: 82.08, Preservation: 96.98%
    DEBUG: Radiation impact: 0.10, Protection factor: 0.60, Radiation accuracy: 80.17, Preservation: 95.86%
    DEBUG: Radiation impact: 0.10, Protection factor: 0.60, Radiation accuracy: 81.44, Preservation: 97.14%
    DEBUG: Radiation impact: 0.10, Protection factor: 0.60, Radiation accuracy: 80.19, Preservation: 95.54%
    DEBUG: Radiation impact: 0.10, Protection factor: 0.60, Radiation accuracy: 81.80, Preservation: 96.77%
    DEBUG: Radiation impact: 0.10, Protection factor: 0.60, Radiation accuracy: 80.12, Preservation: 95.37%
    DEBUG: Radiation impact: 0.10, Protection factor: 0.60, Radiation accuracy: 79.77, Preservation: 95.03%
    DEBUG: Radiation impact: 0.10, Protection factor: 0.60, Radiation accuracy: 81.39, Preservation: 96.34%
    DEBUG: Radiation impact: 0.10, Protection factor: 0.60, Radiation accuracy: 80.21, Preservation: 95.74%
    DEBUG: Radiation impact: 0.10, Protection factor: 0.60, Radiation accuracy: 81.85, Preservation: 96.76%
    DEBUG: Radiation impact: 0.10, Protection factor: 0.60, Radiation accuracy: 81.25, Preservation: 95.93%
    DEBUG: Radiation impact: 0.10, Protection factor: 0.60, Radiation accuracy: 79.82, Preservation: 95.80%
    DEBUG: Radiation impact: 0.10, Protection factor: 0.60, Radiation accuracy: 81.88, Preservation: 96.94%
    DEBUG: Radiation impact: 0.10, Protection factor: 0.60, Radiation accuracy: 81.61, Preservation: 97.14%
    DEBUG: Radiation impact: 0.10, Protection factor: 0.60, Radiation accuracy: 80.01, Preservation: 96.11%
    DEBUG: Radiation impact: 0.10, Protection factor: 0.60, Radiation accuracy: 80.71, Preservation: 96.30%
    DEBUG: Radiation impact: 0.10, Protection factor: 0.60, Radiation accuracy: 80.72, Preservation: 97.09%
Results: Baseline accuracy = 83.98 ± 0.55, Radiation accuracy = 80.79 ± 0.93, Preservation = 96.21 ± 0.74%
Results: Baseline accuracy = 83.98% ± 0.55%, Radiation accuracy = 80.79% ± 0.93%, Preservation = 96.21% ± 0.74%
Testing configuration:
Architecture: 2-64-256-32-2-
Dropout: 0.30
Residual: Yes
Protection: 2
    DEBUG: Radiation impact: 0.10, Protection factor: 0.60, Radiation accuracy: 83.57, Preservation: 95.89%
    DEBUG: Radiation impact: 0.10, Protection factor: 0.60, Radiation accuracy: 84.34, Preservation: 95.85%
    DEBUG: Radiation impact: 0.10, Protection factor: 0.60, Radiation accuracy: 83.50, Preservation: 96.00%
    DEBUG: Radiation impact: 0.10, Protection factor: 0.60, Radiation accuracy: 81.97, Preservation: 95.04%
    DEBUG: Radiation impact: 0.10, Protection factor: 0.60, Radiation accuracy: 84.41, Preservation: 96.73%
    DEBUG: Radiation impact: 0.10, Protection factor: 0.60, Radiation accuracy: 83.42, Preservation: 95.40%
    DEBUG: Radiation impact: 0.10, Protection factor: 0.60, Radiation accuracy: 84.23, Preservation: 96.79%
    DEBUG: Radiation impact: 0.10, Protection factor: 0.60, Radiation accuracy: 82.36, Preservation: 94.97%
    DEBUG: Radiation impact: 0.10, Protection factor: 0.60, Radiation accuracy: 83.33, Preservation: 95.61%
    DEBUG: Radiation impact: 0.10, Protection factor: 0.60, Radiation accuracy: 82.03, Preservation: 94.97%
    DEBUG: Radiation impact: 0.10, Protection factor: 0.60, Radiation accuracy: 83.42, Preservation: 95.84%
    DEBUG: Radiation impact: 0.10, Protection factor: 0.60, Radiation accuracy: 83.15, Preservation: 95.04%
    DEBUG: Radiation impact: 0.10, Protection factor: 0.60, Radiation accuracy: 85.03, Preservation: 97.02%
    DEBUG: Radiation impact: 0.10, Protection factor: 0.60, Radiation accuracy: 84.63, Preservation: 96.38%
    DEBUG: Radiation impact: 0.10, Protection factor: 0.60, Radiation accuracy: 84.06, Preservation: 96.21%
    DEBUG: Radiation impact: 0.10, Protection factor: 0.60, Radiation accuracy: 82.40, Preservation: 95.57%
    DEBUG: Radiation impact: 0.10, Protection factor: 0.60, Radiation accuracy: 82.72, Preservation: 95.30%
    DEBUG: Radiation impact: 0.10, Protection factor: 0.60, Radiation accuracy: 84.73, Preservation: 96.11%
    DEBUG: Radiation impact: 0.10, Protection factor: 0.60, Radiation accuracy: 83.50, Preservation: 95.72%
    DEBUG: Radiation impact: 0.10, Protection factor: 0.60, Radiation accuracy: 84.13, Preservation: 96.38%
    DEBUG: Radiation impact: 0.10, Protection factor: 0.60, Radiation accuracy: 84.44, Preservation: 96.13%
    DEBUG: Radiation impact: 0.10, Protection factor: 0.60, Radiation accuracy: 83.57, Preservation: 96.29%
    DEBUG: Radiation impact: 0.10, Protection factor: 0.60, Radiation accuracy: 84.41, Preservation: 96.27%
    DEBUG: Radiation impact: 0.10, Protection factor: 0.60, Radiation accuracy: 83.48, Preservation: 96.14%
    DEBUG: Radiation impact: 0.10, Protection factor: 0.60, Radiation accuracy: 82.94, Preservation: 95.74%
    DEBUG: Radiation impact: 0.10, Protection factor: 0.60, Radiation accuracy: 84.16, Preservation: 96.16%
    DEBUG: Radiation impact: 0.10, Protection factor: 0.60, Radiation accuracy: 83.26, Preservation: 95.26%
    DEBUG: Radiation impact: 0.10, Protection factor: 0.60, Radiation accuracy: 84.62, Preservation: 97.10%
    DEBUG: Radiation impact: 0.10, Protection factor: 0.60, Radiation accuracy: 82.70, Preservation: 95.32%
    DEBUG: Radiation impact: 0.10, Protection factor: 0.60, Radiation accuracy: 83.64, Preservation: 96.10%
    DEBUG: Radiation impact: 0.10, Protection factor: 0.60, Radiation accuracy: 84.55, Preservation: 96.30%
    DEBUG: Radiation impact: 0.10, Protection factor: 0.60, Radiation accuracy: 84.55, Preservation: 96.46%
    DEBUG: Radiation impact: 0.10, Protection factor: 0.60, Radiation accuracy: 83.12, Preservation: 95.44%
    DEBUG: Radiation impact: 0.10, Protection factor: 0.60, Radiation accuracy: 84.18, Preservation: 95.62%
    DEBUG: Radiation impact: 0.10, Protection factor: 0.60, Radiation accuracy: 83.16, Preservation: 96.47%
    DEBUG: Radiation impact: 0.10, Protection factor: 0.60, Radiation accuracy: 84.05, Preservation: 95.32%
    DEBUG: Radiation impact: 0.10, Protection factor: 0.60, Radiation accuracy: 82.60, Preservation: 95.24%
    DEBUG: Radiation impact: 0.10, Protection factor: 0.60, Radiation accuracy: 84.54, Preservation: 96.77%
    DEBUG: Radiation impact: 0.10, Protection factor: 0.60, Radiation accuracy: 83.42, Preservation: 95.42%
    DEBUG: Radiation impact: 0.10, Protection factor: 0.60, Radiation accuracy: 83.56, Preservation: 94.88%
    DEBUG: Radiation impact: 0.10, Protection factor: 0.60, Radiation accuracy: 84.63, Preservation: 96.48%
    DEBUG: Radiation impact: 0.10, Protection factor: 0.60, Radiation accuracy: 83.95, Preservation: 96.66%
    DEBUG: Radiation impact: 0.10, Protection factor: 0.60, Radiation accuracy: 84.13, Preservation: 96.01%
    DEBUG: Radiation impact: 0.10, Protection factor: 0.60, Radiation accuracy: 83.90, Preservation: 95.65%
    DEBUG: Radiation impact: 0.10, Protection factor: 0.60, Radiation accuracy: 83.46, Preservation: 96.84%
    DEBUG: Radiation impact: 0.10, Protection factor: 0.60, Radiation accuracy: 84.29, Preservation: 97.14%
    DEBUG: Radiation impact: 0.10, Protection factor: 0.60, Radiation accuracy: 83.91, Preservation: 96.94%
    DEBUG: Radiation impact: 0.10, Protection factor: 0.60, Radiation accuracy: 84.52, Preservation: 96.82%
    DEBUG: Radiation impact: 0.10, Protection factor: 0.60, Radiation accuracy: 84.59, Preservation: 96.04%
    DEBUG: Radiation impact: 0.10, Protection factor: 0.60, Radiation accuracy: 82.66, Preservation: 95.65%
Results: Baseline accuracy = 87.22 ± 0.55, Radiation accuracy = 83.72 ± 0.76, Preservation = 95.99 ± 0.62%
Results: Baseline accuracy = 87.22% ± 0.55%, Radiation accuracy = 83.72% ± 0.76%, Preservation = 95.99% ± 0.62%
Testing configuration:
Architecture: 2-512-2-
Dropout: 0.30
Residual: No
Protection: 5
    DEBUG: Radiation impact: 0.10, Protection factor: 0.90, Radiation accuracy: 82.57, Preservation: 98.59%
    DEBUG: Radiation impact: 0.10, Protection factor: 0.90, Radiation accuracy: 84.45, Preservation: 99.11%
    DEBUG: Radiation impact: 0.10, Protection factor: 0.90, Radiation accuracy: 82.93, Preservation: 98.46%
    DEBUG: Radiation impact: 0.10, Protection factor: 0.90, Radiation accuracy: 84.70, Preservation: 99.97%
    DEBUG: Radiation impact: 0.10, Protection factor: 0.90, Radiation accuracy: 83.70, Preservation: 99.19%
    DEBUG: Radiation impact: 0.10, Protection factor: 0.90, Radiation accuracy: 84.69, Preservation: 98.87%
    DEBUG: Radiation impact: 0.10, Protection factor: 0.90, Radiation accuracy: 82.86, Preservation: 97.88%
    DEBUG: Radiation impact: 0.10, Protection factor: 0.90, Radiation accuracy: 82.43, Preservation: 97.97%
    DEBUG: Radiation impact: 0.10, Protection factor: 0.90, Radiation accuracy: 83.52, Preservation: 98.74%
    DEBUG: Radiation impact: 0.10, Protection factor: 0.90, Radiation accuracy: 84.95, Preservation: 99.97%
    DEBUG: Radiation impact: 0.10, Protection factor: 0.90, Radiation accuracy: 82.56, Preservation: 98.68%
    DEBUG: Radiation impact: 0.10, Protection factor: 0.90, Radiation accuracy: 83.74, Preservation: 99.11%
    DEBUG: Radiation impact: 0.10, Protection factor: 0.90, Radiation accuracy: 84.82, Preservation: 100.00%
    DEBUG: Radiation impact: 0.10, Protection factor: 0.90, Radiation accuracy: 82.64, Preservation: 98.02%
    DEBUG: Radiation impact: 0.10, Protection factor: 0.90, Radiation accuracy: 84.39, Preservation: 98.70%
    DEBUG: Radiation impact: 0.10, Protection factor: 0.90, Radiation accuracy: 83.89, Preservation: 100.00%
    DEBUG: Radiation impact: 0.10, Protection factor: 0.90, Radiation accuracy: 82.72, Preservation: 98.56%
    DEBUG: Radiation impact: 0.10, Protection factor: 0.90, Radiation accuracy: 83.62, Preservation: 99.23%
    DEBUG: Radiation impact: 0.10, Protection factor: 0.90, Radiation accuracy: 84.40, Preservation: 99.18%
    DEBUG: Radiation impact: 0.10, Protection factor: 0.90, Radiation accuracy: 83.08, Preservation: 98.06%
    DEBUG: Radiation impact: 0.10, Protection factor: 0.90, Radiation accuracy: 84.38, Preservation: 99.84%
    DEBUG: Radiation impact: 0.10, Protection factor: 0.90, Radiation accuracy: 83.49, Preservation: 98.10%
    DEBUG: Radiation impact: 0.10, Protection factor: 0.90, Radiation accuracy: 84.34, Preservation: 98.67%
    DEBUG: Radiation impact: 0.10, Protection factor: 0.90, Radiation accuracy: 83.62, Preservation: 98.11%
    DEBUG: Radiation impact: 0.10, Protection factor: 0.90, Radiation accuracy: 82.26, Preservation: 98.23%
    DEBUG: Radiation impact: 0.10, Protection factor: 0.90, Radiation accuracy: 84.70, Preservation: 99.26%
    DEBUG: Radiation impact: 0.10, Protection factor: 0.90, Radiation accuracy: 84.50, Preservation: 98.83%
    DEBUG: Radiation impact: 0.10, Protection factor: 0.90, Radiation accuracy: 82.57, Preservation: 98.44%
    DEBUG: Radiation impact: 0.10, Protection factor: 0.90, Radiation accuracy: 83.36, Preservation: 99.44%
    DEBUG: Radiation impact: 0.10, Protection factor: 0.90, Radiation accuracy: 84.39, Preservation: 99.61%
    DEBUG: Radiation impact: 0.10, Protection factor: 0.90, Radiation accuracy: 84.92, Preservation: 100.00%
    DEBUG: Radiation impact: 0.10, Protection factor: 0.90, Radiation accuracy: 83.82, Preservation: 100.00%
    DEBUG: Radiation impact: 0.10, Protection factor: 0.90, Radiation accuracy: 82.06, Preservation: 97.98%
    DEBUG: Radiation impact: 0.10, Protection factor: 0.90, Radiation accuracy: 85.18, Preservation: 99.86%
    DEBUG: Radiation impact: 0.10, Protection factor: 0.90, Radiation accuracy: 83.69, Preservation: 99.06%
    DEBUG: Radiation impact: 0.10, Protection factor: 0.90, Radiation accuracy: 84.12, Preservation: 99.20%
    DEBUG: Radiation impact: 0.10, Protection factor: 0.90, Radiation accuracy: 84.73, Preservation: 99.98%
    DEBUG: Radiation impact: 0.10, Protection factor: 0.90, Radiation accuracy: 84.61, Preservation: 99.27%
    DEBUG: Radiation impact: 0.10, Protection factor: 0.90, Radiation accuracy: 83.53, Preservation: 98.16%
    DEBUG: Radiation impact: 0.10, Protection factor: 0.90, Radiation accuracy: 83.32, Preservation: 99.00%
    DEBUG: Radiation impact: 0.10, Protection factor: 0.90, Radiation accuracy: 84.23, Preservation: 98.98%
    DEBUG: Radiation impact: 0.10, Protection factor: 0.90, Radiation accuracy: 83.25, Preservation: 98.25%
    DEBUG: Radiation impact: 0.10, Protection factor: 0.90, Radiation accuracy: 83.82, Preservation: 99.27%
    DEBUG: Radiation impact: 0.10, Protection factor: 0.90, Radiation accuracy: 83.63, Preservation: 98.85%
    DEBUG: Radiation impact: 0.10, Protection factor: 0.90, Radiation accuracy: 84.79, Preservation: 100.00%
    DEBUG: Radiation impact: 0.10, Protection factor: 0.90, Radiation accuracy: 85.07, Preservation: 99.97%
    DEBUG: Radiation impact: 0.10, Protection factor: 0.90, Radiation accuracy: 85.28, Preservation: 99.92%
    DEBUG: Radiation impact: 0.10, Protection factor: 0.90, Radiation accuracy: 82.80, Preservation: 98.42%
    DEBUG: Radiation impact: 0.10, Protection factor: 0.90, Radiation accuracy: 83.73, Preservation: 99.40%
    DEBUG: Radiation impact: 0.10, Protection factor: 0.90, Radiation accuracy: 83.35, Preservation: 98.38%
Results: Baseline accuracy = 84.64 ± 0.54, Radiation accuracy = 83.80 ± 0.85, Preservation = 99.02 ± 0.68%
Results: Baseline accuracy = 84.64% ± 0.54%, Radiation accuracy = 83.80% ± 0.85%, Preservation = 99.02% ± 0.68%
Testing configuration:
Architecture: 2-32-2-
Dropout: 0.30
Residual: Yes
Protection: 5
    DEBUG: Radiation impact: 0.10, Protection factor: 0.90, Radiation accuracy: 83.80, Preservation: 99.52%
    DEBUG: Radiation impact: 0.10, Protection factor: 0.90, Radiation accuracy: 83.30, Preservation: 99.55%
    DEBUG: Radiation impact: 0.10, Protection factor: 0.90, Radiation accuracy: 83.47, Preservation: 98.83%
    DEBUG: Radiation impact: 0.10, Protection factor: 0.90, Radiation accuracy: 83.20, Preservation: 100.00%
    DEBUG: Radiation impact: 0.10, Protection factor: 0.90, Radiation accuracy: 84.17, Preservation: 100.00%
    DEBUG: Radiation impact: 0.10, Protection factor: 0.90, Radiation accuracy: 81.78, Preservation: 98.02%
    DEBUG: Radiation impact: 0.10, Protection factor: 0.90, Radiation accuracy: 81.81, Preservation: 98.17%
    DEBUG: Radiation impact: 0.10, Protection factor: 0.90, Radiation accuracy: 82.86, Preservation: 99.07%
    DEBUG: Radiation impact: 0.10, Protection factor: 0.90, Radiation accuracy: 83.42, Preservation: 99.71%
    DEBUG: Radiation impact: 0.10, Protection factor: 0.90, Radiation accuracy: 83.34, Preservation: 99.78%
    DEBUG: Radiation impact: 0.10, Protection factor: 0.90, Radiation accuracy: 83.96, Preservation: 99.71%
    DEBUG: Radiation impact: 0.10, Protection factor: 0.90, Radiation accuracy: 82.49, Preservation: 98.31%
    DEBUG: Radiation impact: 0.10, Protection factor: 0.90, Radiation accuracy: 84.65, Preservation: 100.00%
    DEBUG: Radiation impact: 0.10, Protection factor: 0.90, Radiation accuracy: 81.31, Preservation: 97.99%
    DEBUG: Radiation impact: 0.10, Protection factor: 0.90, Radiation accuracy: 83.85, Preservation: 99.24%
    DEBUG: Radiation impact: 0.10, Protection factor: 0.90, Radiation accuracy: 83.64, Preservation: 99.82%
    DEBUG: Radiation impact: 0.10, Protection factor: 0.90, Radiation accuracy: 82.67, Preservation: 98.53%
    DEBUG: Radiation impact: 0.10, Protection factor: 0.90, Radiation accuracy: 82.21, Preservation: 98.64%
    DEBUG: Radiation impact: 0.10, Protection factor: 0.90, Radiation accuracy: 82.93, Preservation: 98.17%
    DEBUG: Radiation impact: 0.10, Protection factor: 0.90, Radiation accuracy: 83.60, Preservation: 99.67%
    DEBUG: Radiation impact: 0.10, Protection factor: 0.90, Radiation accuracy: 82.42, Preservation: 97.89%
    DEBUG: Radiation impact: 0.10, Protection factor: 0.90, Radiation accuracy: 82.87, Preservation: 99.26%
    DEBUG: Radiation impact: 0.10, Protection factor: 0.90, Radiation accuracy: 82.25, Preservation: 98.88%
    DEBUG: Radiation impact: 0.10, Protection factor: 0.90, Radiation accuracy: 83.24, Preservation: 100.00%
    DEBUG: Radiation impact: 0.10, Protection factor: 0.90, Radiation accuracy: 83.60, Preservation: 99.75%
    DEBUG: Radiation impact: 0.10, Protection factor: 0.90, Radiation accuracy: 81.46, Preservation: 97.88%
    DEBUG: Radiation impact: 0.10, Protection factor: 0.90, Radiation accuracy: 84.85, Preservation: 100.00%
    DEBUG: Radiation impact: 0.10, Protection factor: 0.90, Radiation accuracy: 81.77, Preservation: 98.27%
    DEBUG: Radiation impact: 0.10, Protection factor: 0.90, Radiation accuracy: 82.57, Preservation: 98.94%
    DEBUG: Radiation impact: 0.10, Protection factor: 0.90, Radiation accuracy: 82.34, Preservation: 98.88%
    DEBUG: Radiation impact: 0.10, Protection factor: 0.90, Radiation accuracy: 82.13, Preservation: 98.57%
    DEBUG: Radiation impact: 0.10, Protection factor: 0.90, Radiation accuracy: 83.55, Preservation: 99.36%
    DEBUG: Radiation impact: 0.10, Protection factor: 0.90, Radiation accuracy: 83.28, Preservation: 98.45%
    DEBUG: Radiation impact: 0.10, Protection factor: 0.90, Radiation accuracy: 82.01, Preservation: 98.35%
    DEBUG: Radiation impact: 0.10, Protection factor: 0.90, Radiation accuracy: 83.48, Preservation: 98.56%
    DEBUG: Radiation impact: 0.10, Protection factor: 0.90, Radiation accuracy: 82.59, Preservation: 99.14%
    DEBUG: Radiation impact: 0.10, Protection factor: 0.90, Radiation accuracy: 82.93, Preservation: 97.90%
    DEBUG: Radiation impact: 0.10, Protection factor: 0.90, Radiation accuracy: 82.06, Preservation: 98.01%
    DEBUG: Radiation impact: 0.10, Protection factor: 0.90, Radiation accuracy: 82.71, Preservation: 99.29%
    DEBUG: Radiation impact: 0.10, Protection factor: 0.90, Radiation accuracy: 83.98, Preservation: 99.02%
    DEBUG: Radiation impact: 0.10, Protection factor: 0.90, Radiation accuracy: 82.18, Preservation: 97.93%
    DEBUG: Radiation impact: 0.10, Protection factor: 0.90, Radiation accuracy: 83.53, Preservation: 98.61%
    DEBUG: Radiation impact: 0.10, Protection factor: 0.90, Radiation accuracy: 84.73, Preservation: 99.94%
    DEBUG: Radiation impact: 0.10, Protection factor: 0.90, Radiation accuracy: 83.93, Preservation: 98.86%
    DEBUG: Radiation impact: 0.10, Protection factor: 0.90, Radiation accuracy: 84.15, Preservation: 100.00%
    DEBUG: Radiation impact: 0.10, Protection factor: 0.90, Radiation accuracy: 81.93, Preservation: 98.79%
    DEBUG: Radiation impact: 0.10, Protection factor: 0.90, Radiation accuracy: 81.52, Preservation: 98.15%
    DEBUG: Radiation impact: 0.10, Protection factor: 0.90, Radiation accuracy: 82.79, Preservation: 98.13%
    DEBUG: Radiation impact: 0.10, Protection factor: 0.90, Radiation accuracy: 81.96, Preservation: 98.16%
    DEBUG: Radiation impact: 0.10, Protection factor: 0.90, Radiation accuracy: 84.90, Preservation: 100.00%
Results: Baseline accuracy = 83.88 ± 0.59, Radiation accuracy = 83.00 ± 0.92, Preservation = 98.95 ± 0.72%
Results: Baseline accuracy = 83.88% ± 0.59%, Radiation accuracy = 83.00% ± 0.92%, Preservation = 98.95% ± 0.72%
QD coverage: 0.0031% (occupied 31), elites injected: 4
Results exported to auto_arch_search_results.csv
Generation 16/20
Testing configuration:
Architecture: 2-256-2-
Dropout: 0.4000
Residual: No
Protection: 5
    DEBUG: Radiation impact: 0.1000, Protection factor: 0.9000, Radiation accuracy: 81.4423, Preservation: 98.3676%
    DEBUG: Radiation impact: 0.1000, Protection factor: 0.9000, Radiation accuracy: 82.3521, Preservation: 99.6575%
    DEBUG: Radiation impact: 0.1000, Protection factor: 0.9000, Radiation accuracy: 82.5165, Preservation: 98.1222%
    DEBUG: Radiation impact: 0.1000, Protection factor: 0.9000, Radiation accuracy: 82.3444, Preservation: 98.1307%
    DEBUG: Radiation impact: 0.1000, Protection factor: 0.9000, Radiation accuracy: 83.3899, Preservation: 100.0000%
    DEBUG: Radiation impact: 0.1000, Protection factor: 0.9000, Radiation accuracy: 83.5149, Preservation: 99.7104%
    DEBUG: Radiation impact: 0.1000, Protection factor: 0.9000, Radiation accuracy: 81.9178, Preservation: 98.1461%
    DEBUG: Radiation impact: 0.1000, Protection factor: 0.9000, Radiation accuracy: 82.3315, Preservation: 99.0143%
    DEBUG: Radiation impact: 0.1000, Protection factor: 0.9000, Radiation accuracy: 83.1601, Preservation: 99.1745%
    DEBUG: Radiation impact: 0.1000, Protection factor: 0.9000, Radiation accuracy: 83.2590, Preservation: 98.8954%
    DEBUG: Radiation impact: 0.1000, Protection factor: 0.9000, Radiation accuracy: 81.8037, Preservation: 98.9333%
    DEBUG: Radiation impact: 0.1000, Protection factor: 0.9000, Radiation accuracy: 82.7563, Preservation: 98.2085%
    DEBUG: Radiation impact: 0.1000, Protection factor: 0.9000, Radiation accuracy: 82.5637, Preservation: 99.9289%
    DEBUG: Radiation impact: 0.1000, Protection factor: 0.9000, Radiation accuracy: 82.0151, Preservation: 97.8742%
    DEBUG: Radiation impact: 0.1000, Protection factor: 0.9000, Radiation accuracy: 82.8561, Preservation: 98.5671%
    DEBUG: Radiation impact: 0.1000, Protection factor: 0.9000, Radiation accuracy: 83.2694, Preservation: 99.9974%
    DEBUG: Radiation impact: 0.1000, Protection factor: 0.9000, Radiation accuracy: 82.3538, Preservation: 98.7085%
    DEBUG: Radiation impact: 0.1000, Protection factor: 0.9000, Radiation accuracy: 83.9311, Preservation: 99.7747%
    DEBUG: Radiation impact: 0.1000, Protection factor: 0.9000, Radiation accuracy: 81.4093, Preservation: 98.2198%
    DEBUG: Radiation impact: 0.1000, Protection factor: 0.9000, Radiation accuracy: 81.6340, Preservation: 98.3663%
    DEBUG: Radiation impact: 0.1000, Protection factor: 0.9000, Radiation accuracy: 80.8579, Preservation: 97.8008%
    DEBUG: Radiation impact: 0.1000, Protection factor: 0.9000, Radiation accuracy: 82.9331, Preservation: 99.6620%
    DEBUG: Radiation impact: 0.1000, Protection factor: 0.9000, Radiation accuracy: 84.2065, Preservation: 100.0000%
    DEBUG: Radiation impact: 0.1000, Protection factor: 0.9000, Radiation accuracy: 84.0896, Preservation: 99.5399%
    DEBUG: Radiation impact: 0.1000, Protection factor: 0.9000, Radiation accuracy: 83.8312, Preservation: 99.9731%
    DEBUG: Radiation impact: 0.1000, Protection factor: 0.9000, Radiation accuracy: 82.9089, Preservation: 98.9233%
    DEBUG: Radiation impact: 0.1000, Protection factor: 0.9000, Radiation accuracy: 81.8625, Preservation: 98.8847%
    DEBUG: Radiation impact: 0.1000, Protection factor: 0.9000, Radiation accuracy: 82.7136, Preservation: 99.6798%
    DEBUG: Radiation impact: 0.1000, Protection factor: 0.9000, Radiation accuracy: 84.1303, Preservation: 99.8187%
    DEBUG: Radiation impact: 0.1000, Protection factor: 0.9000, Radiation accuracy: 82.2781, Preservation: 98.2092%
    DEBUG: Radiation impact: 0.1000, Protection factor: 0.9000, Radiation accuracy: 82.9972, Preservation: 100.0000%
    DEBUG: Radiation impact: 0.1000, Protection factor: 0.9000, Radiation accuracy: 83.3046, Preservation: 98.8290%
    DEBUG: Radiation impact: 0.1000, Protection factor: 0.9000, Radiation accuracy: 83.8731, Preservation: 100.0000%
    DEBUG: Radiation impact: 0.1000, Protection factor: 0.9000, Radiation accuracy: 82.9829, Preservation: 99.6811%
    DEBUG: Radiation impact: 0.1000, Protection factor: 0.9000, Radiation accuracy: 81.3808, Preservation: 98.5120%
    DEBUG: Radiation impact: 0.1000, Protection factor: 0.9000, Radiation accuracy: 82.4141, Preservation: 98.9956%
    DEBUG: Radiation impact: 0.1000, Protection factor: 0.9000, Radiation accuracy: 82.5277, Preservation: 98.2366%
    DEBUG: Radiation impact: 0.1000, Protection factor: 0.9000, Radiation accuracy: 83.1935, Preservation: 98.5749%
    DEBUG: Radiation impact: 0.1000, Protection factor: 0.9000, Radiation accuracy: 83.0529, Preservation: 99.9146%
    DEBUG: Radiation impact: 0.1000, Protection factor: 0.9000, Radiation accuracy: 83.2827, Preservation: 99.4496%
    DEBUG: Radiation impact: 0.1000, Protection factor: 0.9000, Radiation accuracy: 82.3705, Preservation: 98.8492%
    DEBUG: Radiation impact: 0.1000, Protection factor: 0.9000, Radiation accuracy: 82.9073, Preservation: 99.1848%
    DEBUG: Radiation impact: 0.1000, Protection factor: 0.9000, Radiation accuracy: 82.6872, Preservation: 98.8078%
    DEBUG: Radiation impact: 0.1000, Protection factor: 0.9000, Radiation accuracy: 83.2822, Preservation: 98.6668%
    DEBUG: Radiation impact: 0.1000, Protection factor: 0.9000, Radiation accuracy: 82.9822, Preservation: 99.3160%
    DEBUG: Radiation impact: 0.1000, Protection factor: 0.9000, Radiation accuracy: 83.9906, Preservation: 99.8163%
    DEBUG: Radiation impact: 0.1000, Protection factor: 0.9000, Radiation accuracy: 83.1084, Preservation: 98.4201%
    DEBUG: Radiation impact: 0.1000, Protection factor: 0.9000, Radiation accuracy: 82.7956, Preservation: 99.2299%
    DEBUG: Radiation impact: 0.1000, Protection factor: 0.9000, Radiation accuracy: 82.7686, Preservation: 98.3245%
    DEBUG: Radiation impact: 0.1000, Protection factor: 0.9000, Radiation accuracy: 82.7149, Preservation: 98.2504%
Results: Baseline accuracy = 83.5988 ± 0.5628, Radiation accuracy = 82.7850 ± 0.7586, Preservation = 99.0270 ± 0.6788%
Results: Baseline accuracy = 83.60% ± 0.56%, Radiation accuracy = 82.78% ± 0.76%, Preservation = 99.03% ± 0.68%
Testing configuration:
Architecture: 2-64-256-32-2-
Dropout: 0.40
Residual: Yes
Protection: 5
    DEBUG: Radiation impact: 0.10, Protection factor: 0.90, Radiation accuracy: 86.17, Preservation: 99.96%
    DEBUG: Radiation impact: 0.10, Protection factor: 0.90, Radiation accuracy: 85.20, Preservation: 98.72%
    DEBUG: Radiation impact: 0.10, Protection factor: 0.90, Radiation accuracy: 86.44, Preservation: 99.50%
    DEBUG: Radiation impact: 0.10, Protection factor: 0.90, Radiation accuracy: 86.21, Preservation: 99.50%
    DEBUG: Radiation impact: 0.10, Protection factor: 0.90, Radiation accuracy: 86.44, Preservation: 99.65%
    DEBUG: Radiation impact: 0.10, Protection factor: 0.90, Radiation accuracy: 85.42, Preservation: 98.32%
    DEBUG: Radiation impact: 0.10, Protection factor: 0.90, Radiation accuracy: 84.79, Preservation: 99.05%
    DEBUG: Radiation impact: 0.10, Protection factor: 0.90, Radiation accuracy: 84.71, Preservation: 98.79%
    DEBUG: Radiation impact: 0.10, Protection factor: 0.90, Radiation accuracy: 85.97, Preservation: 98.90%
    DEBUG: Radiation impact: 0.10, Protection factor: 0.90, Radiation accuracy: 84.77, Preservation: 98.67%
    DEBUG: Radiation impact: 0.10, Protection factor: 0.90, Radiation accuracy: 86.29, Preservation: 99.00%
    DEBUG: Radiation impact: 0.10, Protection factor: 0.90, Radiation accuracy: 85.88, Preservation: 99.81%
    DEBUG: Radiation impact: 0.10, Protection factor: 0.90, Radiation accuracy: 85.74, Preservation: 100.00%
    DEBUG: Radiation impact: 0.10, Protection factor: 0.90, Radiation accuracy: 86.81, Preservation: 99.82%
    DEBUG: Radiation impact: 0.10, Protection factor: 0.90, Radiation accuracy: 85.15, Preservation: 98.32%
    DEBUG: Radiation impact: 0.10, Protection factor: 0.90, Radiation accuracy: 84.64, Preservation: 98.15%
    DEBUG: Radiation impact: 0.10, Protection factor: 0.90, Radiation accuracy: 84.39, Preservation: 98.65%
    DEBUG: Radiation impact: 0.10, Protection factor: 0.90, Radiation accuracy: 85.86, Preservation: 98.76%
    DEBUG: Radiation impact: 0.10, Protection factor: 0.90, Radiation accuracy: 84.70, Preservation: 99.01%
    DEBUG: Radiation impact: 0.10, Protection factor: 0.90, Radiation accuracy: 84.32, Preservation: 98.32%
    DEBUG: Radiation impact: 0.10, Protection factor: 0.90, Radiation accuracy: 86.03, Preservation: 98.70%
    DEBUG: Radiation impact: 0.10, Protection factor: 0.90, Radiation accuracy: 86.56, Preservation: 99.99%
    DEBUG: Radiation impact: 0.10, Protection factor: 0.90, Radiation accuracy: 86.89, Preservation: 99.82%
    DEBUG: Radiation impact: 0.10, Protection factor: 0.90, Radiation accuracy: 85.58, Preservation: 99.78%
    DEBUG: Radiation impact: 0.10, Protection factor: 0.90, Radiation accuracy: 84.56, Preservation: 98.34%
    DEBUG: Radiation impact: 0.10, Protection factor: 0.90, Radiation accuracy: 85.80, Preservation: 98.56%
    DEBUG: Radiation impact: 0.10, Protection factor: 0.90, Radiation accuracy: 84.06, Preservation: 98.13%
    DEBUG: Radiation impact: 0.10, Protection factor: 0.90, Radiation accuracy: 84.72, Preservation: 98.92%
    DEBUG: Radiation impact: 0.10, Protection factor: 0.90, Radiation accuracy: 84.87, Preservation: 99.28%
    DEBUG: Radiation impact: 0.10, Protection factor: 0.90, Radiation accuracy: 85.85, Preservation: 99.21%
    DEBUG: Radiation impact: 0.10, Protection factor: 0.90, Radiation accuracy: 84.63, Preservation: 98.10%
    DEBUG: Radiation impact: 0.10, Protection factor: 0.90, Radiation accuracy: 85.13, Preservation: 99.12%
    DEBUG: Radiation impact: 0.10, Protection factor: 0.90, Radiation accuracy: 84.90, Preservation: 98.04%
    DEBUG: Radiation impact: 0.10, Protection factor: 0.90, Radiation accuracy: 87.04, Preservation: 99.96%
    DEBUG: Radiation impact: 0.10, Protection factor: 0.90, Radiation accuracy: 86.62, Preservation: 100.00%
    DEBUG: Radiation impact: 0.10, Protection factor: 0.90, Radiation accuracy: 84.98, Preservation: 98.29%
    DEBUG: Radiation impact: 0.10, Protection factor: 0.90, Radiation accuracy: 84.95, Preservation: 98.57%
    DEBUG: Radiation impact: 0.10, Protection factor: 0.90, Radiation accuracy: 85.48, Preservation: 99.10%
    DEBUG: Radiation impact: 0.10, Protection factor: 0.90, Radiation accuracy: 84.82, Preservation: 98.42%
    DEBUG: Radiation impact: 0.10, Protection factor: 0.90, Radiation accuracy: 86.96, Preservation: 100.00%
    DEBUG: Radiation impact: 0.10, Protection factor: 0.90, Radiation accuracy: 85.32, Preservation: 99.99%
    DEBUG: Radiation impact: 0.10, Protection factor: 0.90, Radiation accuracy: 85.79, Preservation: 99.96%
    DEBUG: Radiation impact: 0.10, Protection factor: 0.90, Radiation accuracy: 84.40, Preservation: 98.60%
    DEBUG: Radiation impact: 0.10, Protection factor: 0.90, Radiation accuracy: 85.16, Preservation: 98.27%
    DEBUG: Radiation impact: 0.10, Protection factor: 0.90, Radiation accuracy: 84.51, Preservation: 98.33%
    DEBUG: Radiation impact: 0.10, Protection factor: 0.90, Radiation accuracy: 85.34, Preservation: 99.04%
    DEBUG: Radiation impact: 0.10, Protection factor: 0.90, Radiation accuracy: 86.42, Preservation: 100.00%
    DEBUG: Radiation impact: 0.10, Protection factor: 0.90, Radiation accuracy: 84.28, Preservation: 97.97%
    DEBUG: Radiation impact: 0.10, Protection factor: 0.90, Radiation accuracy: 85.63, Preservation: 98.35%
    DEBUG: Radiation impact: 0.10, Protection factor: 0.90, Radiation accuracy: 85.49, Preservation: 98.58%
Results: Baseline accuracy = 86.31 ± 0.53, Radiation accuracy = 85.45 ± 0.80, Preservation = 99.01 ± 0.66%
Results: Baseline accuracy = 86.31% ± 0.53%, Radiation accuracy = 85.45% ± 0.80%, Preservation = 99.01% ± 0.66%
Testing configuration:
Architecture: 2-256-2-
Dropout: 0.50
Residual: No
Protection: 5
    DEBUG: Radiation impact: 0.10, Protection factor: 0.90, Radiation accuracy: 82.36, Preservation: 99.54%
    DEBUG: Radiation impact: 0.10, Protection factor: 0.90, Radiation accuracy: 81.08, Preservation: 99.08%
    DEBUG: Radiation impact: 0.10, Protection factor: 0.90, Radiation accuracy: 82.31, Preservation: 98.85%
    DEBUG: Radiation impact: 0.10, Protection factor: 0.90, Radiation accuracy: 81.36, Preservation: 98.37%
    DEBUG: Radiation impact: 0.10, Protection factor: 0.90, Radiation accuracy: 81.66, Preservation: 100.00%
    DEBUG: Radiation impact: 0.10, Protection factor: 0.90, Radiation accuracy: 82.35, Preservation: 99.07%
    DEBUG: Radiation impact: 0.10, Protection factor: 0.90, Radiation accuracy: 82.47, Preservation: 99.80%
    DEBUG: Radiation impact: 0.10, Protection factor: 0.90, Radiation accuracy: 80.29, Preservation: 98.18%
    DEBUG: Radiation impact: 0.10, Protection factor: 0.90, Radiation accuracy: 81.25, Preservation: 98.63%
    DEBUG: Radiation impact: 0.10, Protection factor: 0.90, Radiation accuracy: 81.63, Preservation: 99.53%
    DEBUG: Radiation impact: 0.10, Protection factor: 0.90, Radiation accuracy: 82.12, Preservation: 98.97%
    DEBUG: Radiation impact: 0.10, Protection factor: 0.90, Radiation accuracy: 81.00, Preservation: 98.66%
    DEBUG: Radiation impact: 0.10, Protection factor: 0.90, Radiation accuracy: 81.86, Preservation: 99.86%
    DEBUG: Radiation impact: 0.10, Protection factor: 0.90, Radiation accuracy: 81.47, Preservation: 99.53%
    DEBUG: Radiation impact: 0.10, Protection factor: 0.90, Radiation accuracy: 81.22, Preservation: 98.29%
    DEBUG: Radiation impact: 0.10, Protection factor: 0.90, Radiation accuracy: 81.64, Preservation: 99.15%
    DEBUG: Radiation impact: 0.10, Protection factor: 0.90, Radiation accuracy: 81.52, Preservation: 99.08%
    DEBUG: Radiation impact: 0.10, Protection factor: 0.90, Radiation accuracy: 82.87, Preservation: 99.90%
    DEBUG: Radiation impact: 0.10, Protection factor: 0.90, Radiation accuracy: 82.26, Preservation: 98.69%
    DEBUG: Radiation impact: 0.10, Protection factor: 0.90, Radiation accuracy: 81.59, Preservation: 99.34%
    DEBUG: Radiation impact: 0.10, Protection factor: 0.90, Radiation accuracy: 80.81, Preservation: 97.96%
    DEBUG: Radiation impact: 0.10, Protection factor: 0.90, Radiation accuracy: 82.91, Preservation: 100.00%
    DEBUG: Radiation impact: 0.10, Protection factor: 0.90, Radiation accuracy: 80.87, Preservation: 97.83%
    DEBUG: Radiation impact: 0.10, Protection factor: 0.90, Radiation accuracy: 82.18, Preservation: 98.63%
    DEBUG: Radiation impact: 0.10, Protection factor: 0.90, Radiation accuracy: 83.30, Preservation: 99.95%
    DEBUG: Radiation impact: 0.10, Protection factor: 0.90, Radiation accuracy: 82.66, Preservation: 99.11%
    DEBUG: Radiation impact: 0.10, Protection factor: 0.90, Radiation accuracy: 82.35, Preservation: 98.63%
    DEBUG: Radiation impact: 0.10, Protection factor: 0.90, Radiation accuracy: 82.86, Preservation: 99.83%
    DEBUG: Radiation impact: 0.10, Protection factor: 0.90, Radiation accuracy: 80.97, Preservation: 98.39%
    DEBUG: Radiation impact: 0.10, Protection factor: 0.90, Radiation accuracy: 82.66, Preservation: 99.31%
    DEBUG: Radiation impact: 0.10, Protection factor: 0.90, Radiation accuracy: 81.97, Preservation: 99.68%
    DEBUG: Radiation impact: 0.10, Protection factor: 0.90, Radiation accuracy: 82.62, Preservation: 99.71%
    DEBUG: Radiation impact: 0.10, Protection factor: 0.90, Radiation accuracy: 81.09, Preservation: 99.38%
    DEBUG: Radiation impact: 0.10, Protection factor: 0.90, Radiation accuracy: 81.46, Preservation: 98.05%
    DEBUG: Radiation impact: 0.10, Protection factor: 0.90, Radiation accuracy: 82.50, Preservation: 100.00%
    DEBUG: Radiation impact: 0.10, Protection factor: 0.90, Radiation accuracy: 81.71, Preservation: 99.57%
    DEBUG: Radiation impact: 0.10, Protection factor: 0.90, Radiation accuracy: 81.68, Preservation: 100.00%
    DEBUG: Radiation impact: 0.10, Protection factor: 0.90, Radiation accuracy: 80.40, Preservation: 98.28%
    DEBUG: Radiation impact: 0.10, Protection factor: 0.90, Radiation accuracy: 80.02, Preservation: 98.00%
    DEBUG: Radiation impact: 0.10, Protection factor: 0.90, Radiation accuracy: 80.14, Preservation: 98.01%
    DEBUG: Radiation impact: 0.10, Protection factor: 0.90, Radiation accuracy: 82.03, Preservation: 99.97%
    DEBUG: Radiation impact: 0.10, Protection factor: 0.90, Radiation accuracy: 81.64, Preservation: 98.55%
    DEBUG: Radiation impact: 0.10, Protection factor: 0.90, Radiation accuracy: 82.00, Preservation: 100.00%
    DEBUG: Radiation impact: 0.10, Protection factor: 0.90, Radiation accuracy: 81.22, Preservation: 99.45%
    DEBUG: Radiation impact: 0.10, Protection factor: 0.90, Radiation accuracy: 80.89, Preservation: 98.78%
    DEBUG: Radiation impact: 0.10, Protection factor: 0.90, Radiation accuracy: 80.74, Preservation: 98.51%
    DEBUG: Radiation impact: 0.10, Protection factor: 0.90, Radiation accuracy: 81.27, Preservation: 99.39%
    DEBUG: Radiation impact: 0.10, Protection factor: 0.90, Radiation accuracy: 81.70, Preservation: 98.06%
    DEBUG: Radiation impact: 0.10, Protection factor: 0.90, Radiation accuracy: 82.10, Preservation: 99.38%
    DEBUG: Radiation impact: 0.10, Protection factor: 0.90, Radiation accuracy: 81.34, Preservation: 98.97%
Results: Baseline accuracy = 82.45 ± 0.57, Radiation accuracy = 81.69 ± 0.75, Preservation = 99.08 ± 0.67%
Results: Baseline accuracy = 82.45% ± 0.57%, Radiation accuracy = 81.69% ± 0.75%, Preservation = 99.08% ± 0.67%
QD coverage: 0.0031% (occupied 31), elites injected: 4
Results exported to auto_arch_search_results.csv
Generation 17/20
Testing configuration:
Architecture: 2-256-2-
Dropout: 0.3000
Residual: No
Protection: 3
    DEBUG: Radiation impact: 0.1000, Protection factor: 0.8000, Radiation accuracy: 83.1552, Preservation: 98.4359%
    DEBUG: Radiation impact: 0.1000, Protection factor: 0.8000, Radiation accuracy: 84.5717, Preservation: 98.9594%
    DEBUG: Radiation impact: 0.1000, Protection factor: 0.8000, Radiation accuracy: 81.3049, Preservation: 96.8621%
    DEBUG: Radiation impact: 0.1000, Protection factor: 0.8000, Radiation accuracy: 82.3472, Preservation: 97.4754%
    DEBUG: Radiation impact: 0.1000, Protection factor: 0.8000, Radiation accuracy: 84.1064, Preservation: 98.9936%
    DEBUG: Radiation impact: 0.1000, Protection factor: 0.8000, Radiation accuracy: 82.4219, Preservation: 97.5975%
    DEBUG: Radiation impact: 0.1000, Protection factor: 0.8000, Radiation accuracy: 81.5869, Preservation: 97.7004%
    DEBUG: Radiation impact: 0.1000, Protection factor: 0.8000, Radiation accuracy: 82.8818, Preservation: 97.8416%
    DEBUG: Radiation impact: 0.1000, Protection factor: 0.8000, Radiation accuracy: 82.5168, Preservation: 97.5955%
    DEBUG: Radiation impact: 0.1000, Protection factor: 0.8000, Radiation accuracy: 83.4974, Preservation: 98.6149%
    DEBUG: Radiation impact: 0.1000, Protection factor: 0.8000, Radiation accuracy: 83.3476, Preservation: 97.8790%
    DEBUG: Radiation impact: 0.1000, Protection factor: 0.8000, Radiation accuracy: 83.2172, Preservation: 98.3008%
    DEBUG: Radiation impact: 0.1000, Protection factor: 0.8000, Radiation accuracy: 82.4377, Preservation: 96.9710%
    DEBUG: Radiation impact: 0.1000, Protection factor: 0.8000, Radiation accuracy: 81.2091, Preservation: 96.8160%
    DEBUG: Radiation impact: 0.1000, Protection factor: 0.8000, Radiation accuracy: 83.6321, Preservation: 98.5437%
    DEBUG: Radiation impact: 0.1000, Protection factor: 0.8000, Radiation accuracy: 83.9624, Preservation: 98.7839%
    DEBUG: Radiation impact: 0.1000, Protection factor: 0.8000, Radiation accuracy: 84.4823, Preservation: 99.0103%
    DEBUG: Radiation impact: 0.1000, Protection factor: 0.8000, Radiation accuracy: 83.7742, Preservation: 98.0193%
    DEBUG: Radiation impact: 0.1000, Protection factor: 0.8000, Radiation accuracy: 82.2003, Preservation: 97.5930%
    DEBUG: Radiation impact: 0.1000, Protection factor: 0.8000, Radiation accuracy: 84.4239, Preservation: 98.9472%
    DEBUG: Radiation impact: 0.1000, Protection factor: 0.8000, Radiation accuracy: 82.7660, Preservation: 98.8742%
    DEBUG: Radiation impact: 0.1000, Protection factor: 0.8000, Radiation accuracy: 83.9960, Preservation: 98.4555%
    DEBUG: Radiation impact: 0.1000, Protection factor: 0.8000, Radiation accuracy: 81.9349, Preservation: 97.1736%
    DEBUG: Radiation impact: 0.1000, Protection factor: 0.8000, Radiation accuracy: 83.2356, Preservation: 98.5422%
    DEBUG: Radiation impact: 0.1000, Protection factor: 0.8000, Radiation accuracy: 81.8819, Preservation: 97.4629%
    DEBUG: Radiation impact: 0.1000, Protection factor: 0.8000, Radiation accuracy: 82.9952, Preservation: 97.7823%
    DEBUG: Radiation impact: 0.1000, Protection factor: 0.8000, Radiation accuracy: 83.8975, Preservation: 98.8434%
    DEBUG: Radiation impact: 0.1000, Protection factor: 0.8000, Radiation accuracy: 82.5677, Preservation: 97.1062%
    DEBUG: Radiation impact: 0.1000, Protection factor: 0.8000, Radiation accuracy: 82.7076, Preservation: 97.5632%
    DEBUG: Radiation impact: 0.1000, Protection factor: 0.8000, Radiation accuracy: 83.2926, Preservation: 98.8195%
    DEBUG: Radiation impact: 0.1000, Protection factor: 0.8000, Radiation accuracy: 82.2817, Preservation: 97.3640%
    DEBUG: Radiation impact: 0.1000, Protection factor: 0.8000, Radiation accuracy: 83.6574, Preservation: 99.0537%
    DEBUG: Radiation impact: 0.1000, Protection factor: 0.8000, Radiation accuracy: 82.6903, Preservation: 98.8141%
    DEBUG: Radiation impact: 0.1000, Protection factor: 0.8000, Radiation accuracy: 81.3737, Preservation: 97.0072%
    DEBUG: Radiation impact: 0.1000, Protection factor: 0.8000, Radiation accuracy: 82.1442, Preservation: 98.1184%
    DEBUG: Radiation impact: 0.1000, Protection factor: 0.8000, Radiation accuracy: 83.0479, Preservation: 98.7185%
    DEBUG: Radiation impact: 0.1000, Protection factor: 0.8000, Radiation accuracy: 81.9153, Preservation: 97.8798%
    DEBUG: Radiation impact: 0.1000, Protection factor: 0.8000, Radiation accuracy: 83.9359, Preservation: 98.6615%
    DEBUG: Radiation impact: 0.1000, Protection factor: 0.8000, Radiation accuracy: 81.6578, Preservation: 97.7560%
    DEBUG: Radiation impact: 0.1000, Protection factor: 0.8000, Radiation accuracy: 83.4194, Preservation: 98.7756%
    DEBUG: Radiation impact: 0.1000, Protection factor: 0.8000, Radiation accuracy: 83.2951, Preservation: 98.3530%
    DEBUG: Radiation impact: 0.1000, Protection factor: 0.8000, Radiation accuracy: 81.0387, Preservation: 96.8187%
    DEBUG: Radiation impact: 0.1000, Protection factor: 0.8000, Radiation accuracy: 82.3941, Preservation: 98.4747%
    DEBUG: Radiation impact: 0.1000, Protection factor: 0.8000, Radiation accuracy: 82.7434, Preservation: 97.7383%
    DEBUG: Radiation impact: 0.1000, Protection factor: 0.8000, Radiation accuracy: 81.9502, Preservation: 97.1868%
    DEBUG: Radiation impact: 0.1000, Protection factor: 0.8000, Radiation accuracy: 84.3602, Preservation: 99.1532%
    DEBUG: Radiation impact: 0.1000, Protection factor: 0.8000, Radiation accuracy: 82.8199, Preservation: 97.8397%
    DEBUG: Radiation impact: 0.1000, Protection factor: 0.8000, Radiation accuracy: 82.4913, Preservation: 97.2542%
    DEBUG: Radiation impact: 0.1000, Protection factor: 0.8000, Radiation accuracy: 84.1816, Preservation: 99.1553%
    DEBUG: Radiation impact: 0.1000, Protection factor: 0.8000, Radiation accuracy: 81.1707, Preservation: 97.0047%
Results: Baseline accuracy = 84.5016 ± 0.5486, Radiation accuracy = 82.8584 ± 0.9463, Preservation = 98.0538 ± 0.7222%
Results: Baseline accuracy = 84.50% ± 0.55%, Radiation accuracy = 82.86% ± 0.95%, Preservation = 98.05% ± 0.72%
Testing configuration:
Architecture: 2-64-64-32-2-
Dropout: 0.30
Residual: Yes
Protection: 5
    DEBUG: Radiation impact: 0.10, Protection factor: 0.90, Radiation accuracy: 87.01, Preservation: 99.49%
    DEBUG: Radiation impact: 0.10, Protection factor: 0.90, Radiation accuracy: 85.48, Preservation: 98.42%
    DEBUG: Radiation impact: 0.10, Protection factor: 0.90, Radiation accuracy: 85.97, Preservation: 99.22%
    DEBUG: Radiation impact: 0.10, Protection factor: 0.90, Radiation accuracy: 85.41, Preservation: 98.44%
    DEBUG: Radiation impact: 0.10, Protection factor: 0.90, Radiation accuracy: 87.13, Preservation: 99.64%
    DEBUG: Radiation impact: 0.10, Protection factor: 0.90, Radiation accuracy: 84.61, Preservation: 98.10%
    DEBUG: Radiation impact: 0.10, Protection factor: 0.90, Radiation accuracy: 86.94, Preservation: 99.80%
    DEBUG: Radiation impact: 0.10, Protection factor: 0.90, Radiation accuracy: 86.75, Preservation: 99.77%
    DEBUG: Radiation impact: 0.10, Protection factor: 0.90, Radiation accuracy: 86.43, Preservation: 98.61%
    DEBUG: Radiation impact: 0.10, Protection factor: 0.90, Radiation accuracy: 85.87, Preservation: 99.66%
    DEBUG: Radiation impact: 0.10, Protection factor: 0.90, Radiation accuracy: 86.05, Preservation: 98.08%
    DEBUG: Radiation impact: 0.10, Protection factor: 0.90, Radiation accuracy: 85.75, Preservation: 99.72%
    DEBUG: Radiation impact: 0.10, Protection factor: 0.90, Radiation accuracy: 85.47, Preservation: 98.46%
    DEBUG: Radiation impact: 0.10, Protection factor: 0.90, Radiation accuracy: 84.95, Preservation: 98.53%
    DEBUG: Radiation impact: 0.10, Protection factor: 0.90, Radiation accuracy: 86.59, Preservation: 98.90%
    DEBUG: Radiation impact: 0.10, Protection factor: 0.90, Radiation accuracy: 85.90, Preservation: 99.44%
    DEBUG: Radiation impact: 0.10, Protection factor: 0.90, Radiation accuracy: 86.65, Preservation: 99.11%
    DEBUG: Radiation impact: 0.10, Protection factor: 0.90, Radiation accuracy: 86.47, Preservation: 98.88%
    DEBUG: Radiation impact: 0.10, Protection factor: 0.90, Radiation accuracy: 86.07, Preservation: 97.97%
    DEBUG: Radiation impact: 0.10, Protection factor: 0.90, Radiation accuracy: 87.23, Preservation: 99.39%
    DEBUG: Radiation impact: 0.10, Protection factor: 0.90, Radiation accuracy: 85.90, Preservation: 99.75%
    DEBUG: Radiation impact: 0.10, Protection factor: 0.90, Radiation accuracy: 85.60, Preservation: 98.42%
    DEBUG: Radiation impact: 0.10, Protection factor: 0.90, Radiation accuracy: 84.24, Preservation: 97.89%
    DEBUG: Radiation impact: 0.10, Protection factor: 0.90, Radiation accuracy: 85.51, Preservation: 98.60%
    DEBUG: Radiation impact: 0.10, Protection factor: 0.90, Radiation accuracy: 85.98, Preservation: 99.96%
    DEBUG: Radiation impact: 0.10, Protection factor: 0.90, Radiation accuracy: 85.95, Preservation: 99.15%
    DEBUG: Radiation impact: 0.10, Protection factor: 0.90, Radiation accuracy: 87.09, Preservation: 99.81%
    DEBUG: Radiation impact: 0.10, Protection factor: 0.90, Radiation accuracy: 85.19, Preservation: 99.15%
    DEBUG: Radiation impact: 0.10, Protection factor: 0.90, Radiation accuracy: 86.81, Preservation: 100.00%
    DEBUG: Radiation impact: 0.10, Protection factor: 0.90, Radiation accuracy: 86.98, Preservation: 98.97%
    DEBUG: Radiation impact: 0.10, Protection factor: 0.90, Radiation accuracy: 85.87, Preservation: 98.55%
    DEBUG: Radiation impact: 0.10, Protection factor: 0.90, Radiation accuracy: 85.85, Preservation: 98.69%
    DEBUG: Radiation impact: 0.10, Protection factor: 0.90, Radiation accuracy: 85.89, Preservation: 99.58%
    DEBUG: Radiation impact: 0.10, Protection factor: 0.90, Radiation accuracy: 86.93, Preservation: 98.93%
    DEBUG: Radiation impact: 0.10, Protection factor: 0.90, Radiation accuracy: 85.91, Preservation: 98.38%
    DEBUG: Radiation impact: 0.10, Protection factor: 0.90, Radiation accuracy: 86.84, Preservation: 99.84%
    DEBUG: Radiation impact: 0.10, Protection factor: 0.90, Radiation accuracy: 86.34, Preservation: 99.51%
    DEBUG: Radiation impact: 0.10, Protection factor: 0.90, Radiation accuracy: 86.67, Preservation: 99.67%
    DEBUG: Radiation impact: 0.10, Protection factor: 0.90, Radiation accuracy: 86.04, Preservation: 98.18%
    DEBUG: Radiation impact: 0.10, Protection factor: 0.90, Radiation accuracy: 85.47, Preservation: 98.06%
    DEBUG: Radiation impact: 0.10, Protection factor: 0.90, Radiation accuracy: 86.30, Preservation: 99.34%
    DEBUG: Radiation impact: 0.10, Protection factor: 0.90, Radiation accuracy: 86.38, Preservation: 99.05%
    DEBUG: Radiation impact: 0.10, Protection factor: 0.90, Radiation accuracy: 85.94, Preservation: 99.10%
    DEBUG: Radiation impact: 0.10, Protection factor: 0.90, Radiation accuracy: 86.04, Preservation: 98.96%
    DEBUG: Radiation impact: 0.10, Protection factor: 0.90, Radiation accuracy: 86.30, Preservation: 98.97%
    DEBUG: Radiation impact: 0.10, Protection factor: 0.90, Radiation accuracy: 86.23, Preservation: 100.00%
    DEBUG: Radiation impact: 0.10, Protection factor: 0.90, Radiation accuracy: 86.57, Preservation: 99.82%
    DEBUG: Radiation impact: 0.10, Protection factor: 0.90, Radiation accuracy: 85.62, Preservation: 98.83%
    DEBUG: Radiation impact: 0.10, Protection factor: 0.90, Radiation accuracy: 86.30, Preservation: 98.73%
    DEBUG: Radiation impact: 0.10, Protection factor: 0.90, Radiation accuracy: 86.50, Preservation: 99.67%
Results: Baseline accuracy = 86.93 ± 0.54, Radiation accuracy = 86.12 ± 0.64, Preservation = 99.06 ± 0.61%
Results: Baseline accuracy = 86.93% ± 0.54%, Radiation accuracy = 86.12% ± 0.64%, Preservation = 99.06% ± 0.61%
Testing configuration:
Architecture: 2-256-2-
Dropout: 0.30
Residual: No
Protection: 1
    DEBUG: Radiation impact: 0.10, Protection factor: 0.20, Radiation accuracy: 77.70, Preservation: 91.84%
    DEBUG: Radiation impact: 0.10, Protection factor: 0.20, Radiation accuracy: 77.45, Preservation: 92.13%
    DEBUG: Radiation impact: 0.10, Protection factor: 0.20, Radiation accuracy: 77.73, Preservation: 92.86%
    DEBUG: Radiation impact: 0.10, Protection factor: 0.20, Radiation accuracy: 78.94, Preservation: 92.66%
    DEBUG: Radiation impact: 0.10, Protection factor: 0.20, Radiation accuracy: 78.38, Preservation: 93.12%
    DEBUG: Radiation impact: 0.10, Protection factor: 0.20, Radiation accuracy: 77.94, Preservation: 92.43%
    DEBUG: Radiation impact: 0.10, Protection factor: 0.20, Radiation accuracy: 77.38, Preservation: 92.24%
    DEBUG: Radiation impact: 0.10, Protection factor: 0.20, Radiation accuracy: 76.33, Preservation: 90.89%
    DEBUG: Radiation impact: 0.10, Protection factor: 0.20, Radiation accuracy: 78.52, Preservation: 92.38%
    DEBUG: Radiation impact: 0.10, Protection factor: 0.20, Radiation accuracy: 78.34, Preservation: 92.84%
    DEBUG: Radiation impact: 0.10, Protection factor: 0.20, Radiation accuracy: 77.01, Preservation: 92.16%
    DEBUG: Radiation impact: 0.10, Protection factor: 0.20, Radiation accuracy: 77.45, Preservation: 92.74%
    DEBUG: Radiation impact: 0.10, Protection factor: 0.20, Radiation accuracy: 77.09, Preservation: 91.99%
    DEBUG: Radiation impact: 0.10, Protection factor: 0.20, Radiation accuracy: 76.59, Preservation: 91.61%
    DEBUG: Radiation impact: 0.10, Protection factor: 0.20, Radiation accuracy: 77.51, Preservation: 92.68%
    DEBUG: Radiation impact: 0.10, Protection factor: 0.20, Radiation accuracy: 77.71, Preservation: 91.16%
    DEBUG: Radiation impact: 0.10, Protection factor: 0.20, Radiation accuracy: 76.99, Preservation: 91.77%
    DEBUG: Radiation impact: 0.10, Protection factor: 0.20, Radiation accuracy: 77.42, Preservation: 92.23%
    DEBUG: Radiation impact: 0.10, Protection factor: 0.20, Radiation accuracy: 77.13, Preservation: 91.01%
    DEBUG: Radiation impact: 0.10, Protection factor: 0.20, Radiation accuracy: 77.82, Preservation: 92.53%
    DEBUG: Radiation impact: 0.10, Protection factor: 0.20, Radiation accuracy: 79.32, Preservation: 93.04%
    DEBUG: Radiation impact: 0.10, Protection factor: 0.20, Radiation accuracy: 78.10, Preservation: 92.43%
    DEBUG: Radiation impact: 0.10, Protection factor: 0.20, Radiation accuracy: 77.21, Preservation: 92.23%
    DEBUG: Radiation impact: 0.10, Protection factor: 0.20, Radiation accuracy: 76.09, Preservation: 90.90%
    DEBUG: Radiation impact: 0.10, Protection factor: 0.20, Radiation accuracy: 78.05, Preservation: 91.66%
    DEBUG: Radiation impact: 0.10, Protection factor: 0.20, Radiation accuracy: 78.08, Preservation: 91.87%
    DEBUG: Radiation impact: 0.10, Protection factor: 0.20, Radiation accuracy: 76.39, Preservation: 91.21%
    DEBUG: Radiation impact: 0.10, Protection factor: 0.20, Radiation accuracy: 77.15, Preservation: 91.13%
    DEBUG: Radiation impact: 0.10, Protection factor: 0.20, Radiation accuracy: 78.08, Preservation: 92.55%
    DEBUG: Radiation impact: 0.10, Protection factor: 0.20, Radiation accuracy: 77.27, Preservation: 91.27%
    DEBUG: Radiation impact: 0.10, Protection factor: 0.20, Radiation accuracy: 77.91, Preservation: 91.50%
    DEBUG: Radiation impact: 0.10, Protection factor: 0.20, Radiation accuracy: 77.67, Preservation: 91.30%
    DEBUG: Radiation impact: 0.10, Protection factor: 0.20, Radiation accuracy: 79.00, Preservation: 92.89%
    DEBUG: Radiation impact: 0.10, Protection factor: 0.20, Radiation accuracy: 77.99, Preservation: 92.55%
    DEBUG: Radiation impact: 0.10, Protection factor: 0.20, Radiation accuracy: 77.76, Preservation: 91.35%
    DEBUG: Radiation impact: 0.10, Protection factor: 0.20, Radiation accuracy: 76.36, Preservation: 91.42%
    DEBUG: Radiation impact: 0.10, Protection factor: 0.20, Radiation accuracy: 78.08, Preservation: 92.31%
    DEBUG: Radiation impact: 0.10, Protection factor: 0.20, Radiation accuracy: 78.81, Preservation: 93.01%
    DEBUG: Radiation impact: 0.10, Protection factor: 0.20, Radiation accuracy: 78.44, Preservation: 92.34%
    DEBUG: Radiation impact: 0.10, Protection factor: 0.20, Radiation accuracy: 77.66, Preservation: 91.97%
    DEBUG: Radiation impact: 0.10, Protection factor: 0.20, Radiation accuracy: 78.06, Preservation: 92.69%
    DEBUG: Radiation impact: 0.10, Protection factor: 0.20, Radiation accuracy: 78.88, Preservation: 92.36%
    DEBUG: Radiation impact: 0.10, Protection factor: 0.20, Radiation accuracy: 77.25, Preservation: 91.64%
    DEBUG: Radiation impact: 0.10, Protection factor: 0.20, Radiation accuracy: 77.51, Preservation: 91.32%
    DEBUG: Radiation impact: 0.10, Protection factor: 0.20, Radiation accuracy: 77.63, Preservation: 92.21%
    DEBUG: Radiation impact: 0.10, Protection factor: 0.20, Radiation accuracy: 78.84, Preservation: 92.96%
    DEBUG: Radiation impact: 0.10, Protection factor: 0.20, Radiation accuracy: 77.67, Preservation: 91.80%
    DEBUG: Radiation impact: 0.10, Protection factor: 0.20, Radiation accuracy: 77.09, Preservation: 92.10%
    DEBUG: Radiation impact: 0.10, Protection factor: 0.20, Radiation accuracy: 77.05, Preservation: 91.34%
    DEBUG: Radiation impact: 0.10, Protection factor: 0.20, Radiation accuracy: 78.95, Preservation: 92.75%
Results: Baseline accuracy = 84.41 ± 0.56, Radiation accuracy = 77.72 ± 0.74, Preservation = 92.07 ± 0.63%
Results: Baseline accuracy = 84.41% ± 0.56%, Radiation accuracy = 77.72% ± 0.74%, Preservation = 92.07% ± 0.63%
Testing configuration:
Architecture: 2-32-256-32-2-
Dropout: 0.30
Residual: No
Protection: 5
    DEBUG: Radiation impact: 0.10, Protection factor: 0.90, Radiation accuracy: 82.95, Preservation: 97.92%
    DEBUG: Radiation impact: 0.10, Protection factor: 0.90, Radiation accuracy: 85.54, Preservation: 100.00%
    DEBUG: Radiation impact: 0.10, Protection factor: 0.90, Radiation accuracy: 83.67, Preservation: 98.72%
    DEBUG: Radiation impact: 0.10, Protection factor: 0.90, Radiation accuracy: 86.10, Preservation: 100.00%
    DEBUG: Radiation impact: 0.10, Protection factor: 0.90, Radiation accuracy: 84.26, Preservation: 98.40%
    DEBUG: Radiation impact: 0.10, Protection factor: 0.90, Radiation accuracy: 83.29, Preservation: 99.01%
    DEBUG: Radiation impact: 0.10, Protection factor: 0.90, Radiation accuracy: 83.09, Preservation: 98.44%
    DEBUG: Radiation impact: 0.10, Protection factor: 0.90, Radiation accuracy: 83.26, Preservation: 98.74%
    DEBUG: Radiation impact: 0.10, Protection factor: 0.90, Radiation accuracy: 83.04, Preservation: 98.36%
    DEBUG: Radiation impact: 0.10, Protection factor: 0.90, Radiation accuracy: 83.19, Preservation: 98.48%
    DEBUG: Radiation impact: 0.10, Protection factor: 0.90, Radiation accuracy: 84.62, Preservation: 98.79%
    DEBUG: Radiation impact: 0.10, Protection factor: 0.90, Radiation accuracy: 82.52, Preservation: 98.11%
    DEBUG: Radiation impact: 0.10, Protection factor: 0.90, Radiation accuracy: 84.72, Preservation: 98.75%
    DEBUG: Radiation impact: 0.10, Protection factor: 0.90, Radiation accuracy: 83.56, Preservation: 98.70%
    DEBUG: Radiation impact: 0.10, Protection factor: 0.90, Radiation accuracy: 83.29, Preservation: 98.14%
    DEBUG: Radiation impact: 0.10, Protection factor: 0.90, Radiation accuracy: 84.67, Preservation: 98.86%
    DEBUG: Radiation impact: 0.10, Protection factor: 0.90, Radiation accuracy: 83.69, Preservation: 99.12%
    DEBUG: Radiation impact: 0.10, Protection factor: 0.90, Radiation accuracy: 84.86, Preservation: 99.63%
    DEBUG: Radiation impact: 0.10, Protection factor: 0.90, Radiation accuracy: 84.43, Preservation: 99.83%
    DEBUG: Radiation impact: 0.10, Protection factor: 0.90, Radiation accuracy: 86.04, Preservation: 100.00%
    DEBUG: Radiation impact: 0.10, Protection factor: 0.90, Radiation accuracy: 84.53, Preservation: 98.76%
    DEBUG: Radiation impact: 0.10, Protection factor: 0.90, Radiation accuracy: 85.51, Preservation: 100.00%
    DEBUG: Radiation impact: 0.10, Protection factor: 0.90, Radiation accuracy: 85.48, Preservation: 99.85%
    DEBUG: Radiation impact: 0.10, Protection factor: 0.90, Radiation accuracy: 83.32, Preservation: 98.20%
    DEBUG: Radiation impact: 0.10, Protection factor: 0.90, Radiation accuracy: 82.36, Preservation: 97.81%
    DEBUG: Radiation impact: 0.10, Protection factor: 0.90, Radiation accuracy: 85.17, Preservation: 99.81%
    DEBUG: Radiation impact: 0.10, Protection factor: 0.90, Radiation accuracy: 82.79, Preservation: 97.83%
    DEBUG: Radiation impact: 0.10, Protection factor: 0.90, Radiation accuracy: 83.68, Preservation: 98.35%
    DEBUG: Radiation impact: 0.10, Protection factor: 0.90, Radiation accuracy: 83.95, Preservation: 99.79%
    DEBUG: Radiation impact: 0.10, Protection factor: 0.90, Radiation accuracy: 84.17, Preservation: 99.97%
    DEBUG: Radiation impact: 0.10, Protection factor: 0.90, Radiation accuracy: 85.07, Preservation: 100.00%
    DEBUG: Radiation impact: 0.10, Protection factor: 0.90, Radiation accuracy: 84.63, Preservation: 99.68%
    DEBUG: Radiation impact: 0.10, Protection factor: 0.90, Radiation accuracy: 82.93, Preservation: 98.08%
    DEBUG: Radiation impact: 0.10, Protection factor: 0.90, Radiation accuracy: 84.20, Preservation: 98.85%
    DEBUG: Radiation impact: 0.10, Protection factor: 0.90, Radiation accuracy: 85.50, Preservation: 99.61%
    DEBUG: Radiation impact: 0.10, Protection factor: 0.90, Radiation accuracy: 84.00, Preservation: 98.91%
    DEBUG: Radiation impact: 0.10, Protection factor: 0.90, Radiation accuracy: 83.64, Preservation: 97.89%
    DEBUG: Radiation impact: 0.10, Protection factor: 0.90, Radiation accuracy: 85.56, Preservation: 99.86%
    DEBUG: Radiation impact: 0.10, Protection factor: 0.90, Radiation accuracy: 83.26, Preservation: 98.09%
    DEBUG: Radiation impact: 0.10, Protection factor: 0.90, Radiation accuracy: 85.98, Preservation: 100.00%
    DEBUG: Radiation impact: 0.10, Protection factor: 0.90, Radiation accuracy: 84.07, Preservation: 97.96%
    DEBUG: Radiation impact: 0.10, Protection factor: 0.90, Radiation accuracy: 84.12, Preservation: 99.77%
    DEBUG: Radiation impact: 0.10, Protection factor: 0.90, Radiation accuracy: 84.84, Preservation: 98.79%
    DEBUG: Radiation impact: 0.10, Protection factor: 0.90, Radiation accuracy: 84.29, Preservation: 99.37%
    DEBUG: Radiation impact: 0.10, Protection factor: 0.90, Radiation accuracy: 84.21, Preservation: 99.96%
    DEBUG: Radiation impact: 0.10, Protection factor: 0.90, Radiation accuracy: 83.32, Preservation: 98.01%
    DEBUG: Radiation impact: 0.10, Protection factor: 0.90, Radiation accuracy: 84.56, Preservation: 99.33%
    DEBUG: Radiation impact: 0.10, Protection factor: 0.90, Radiation accuracy: 84.11, Preservation: 99.97%
    DEBUG: Radiation impact: 0.10, Protection factor: 0.90, Radiation accuracy: 84.68, Preservation: 98.60%
    DEBUG: Radiation impact: 0.10, Protection factor: 0.90, Radiation accuracy: 84.75, Preservation: 99.17%
Results: Baseline accuracy = 85.03 ± 0.61, Radiation accuracy = 84.19 ± 0.95, Preservation = 99.01 ± 0.75%
Results: Baseline accuracy = 85.03% ± 0.61%, Radiation accuracy = 84.19% ± 0.95%, Preservation = 99.01% ± 0.75%
QD coverage: 0.0033% (occupied 33), elites injected: 4
Results exported to auto_arch_search_results.csv
Generation 18/20
Testing configuration:
Architecture: 2-64-256-32-2-
Dropout: 0.3000
Residual: No
Protection: 5
    DEBUG: Radiation impact: 0.1000, Protection factor: 0.9000, Radiation accuracy: 84.9347, Preservation: 98.5604%
    DEBUG: Radiation impact: 0.1000, Protection factor: 0.9000, Radiation accuracy: 85.0845, Preservation: 98.7991%
    DEBUG: Radiation impact: 0.1000, Protection factor: 0.9000, Radiation accuracy: 83.8757, Preservation: 97.9959%
    DEBUG: Radiation impact: 0.1000, Protection factor: 0.9000, Radiation accuracy: 84.9049, Preservation: 98.7425%
    DEBUG: Radiation impact: 0.1000, Protection factor: 0.9000, Radiation accuracy: 84.7308, Preservation: 99.6784%
    DEBUG: Radiation impact: 0.1000, Protection factor: 0.9000, Radiation accuracy: 84.7634, Preservation: 98.3826%
    DEBUG: Radiation impact: 0.1000, Protection factor: 0.9000, Radiation accuracy: 84.3850, Preservation: 98.1475%
    DEBUG: Radiation impact: 0.1000, Protection factor: 0.9000, Radiation accuracy: 84.7011, Preservation: 99.7619%
    DEBUG: Radiation impact: 0.1000, Protection factor: 0.9000, Radiation accuracy: 83.2074, Preservation: 98.6361%
    DEBUG: Radiation impact: 0.1000, Protection factor: 0.9000, Radiation accuracy: 84.4173, Preservation: 99.0219%
    DEBUG: Radiation impact: 0.1000, Protection factor: 0.9000, Radiation accuracy: 84.2056, Preservation: 99.5439%
    DEBUG: Radiation impact: 0.1000, Protection factor: 0.9000, Radiation accuracy: 83.4143, Preservation: 98.4560%
    DEBUG: Radiation impact: 0.1000, Protection factor: 0.9000, Radiation accuracy: 83.6103, Preservation: 98.9118%
    DEBUG: Radiation impact: 0.1000, Protection factor: 0.9000, Radiation accuracy: 84.4057, Preservation: 98.5228%
    DEBUG: Radiation impact: 0.1000, Protection factor: 0.9000, Radiation accuracy: 83.8771, Preservation: 98.5979%
    DEBUG: Radiation impact: 0.1000, Protection factor: 0.9000, Radiation accuracy: 85.5878, Preservation: 99.4833%
    DEBUG: Radiation impact: 0.1000, Protection factor: 0.9000, Radiation accuracy: 82.6223, Preservation: 97.9196%
    DEBUG: Radiation impact: 0.1000, Protection factor: 0.9000, Radiation accuracy: 84.8315, Preservation: 98.9136%
    DEBUG: Radiation impact: 0.1000, Protection factor: 0.9000, Radiation accuracy: 84.4851, Preservation: 98.1947%
    DEBUG: Radiation impact: 0.1000, Protection factor: 0.9000, Radiation accuracy: 85.2330, Preservation: 99.7378%
    DEBUG: Radiation impact: 0.1000, Protection factor: 0.9000, Radiation accuracy: 85.4032, Preservation: 99.8254%
    DEBUG: Radiation impact: 0.1000, Protection factor: 0.9000, Radiation accuracy: 83.2674, Preservation: 98.8136%
    DEBUG: Radiation impact: 0.1000, Protection factor: 0.9000, Radiation accuracy: 84.1681, Preservation: 99.4408%
    DEBUG: Radiation impact: 0.1000, Protection factor: 0.9000, Radiation accuracy: 84.0847, Preservation: 99.0930%
    DEBUG: Radiation impact: 0.1000, Protection factor: 0.9000, Radiation accuracy: 84.2469, Preservation: 99.5081%
    DEBUG: Radiation impact: 0.1000, Protection factor: 0.9000, Radiation accuracy: 85.3220, Preservation: 99.9817%
    DEBUG: Radiation impact: 0.1000, Protection factor: 0.9000, Radiation accuracy: 84.1719, Preservation: 99.8963%
    DEBUG: Radiation impact: 0.1000, Protection factor: 0.9000, Radiation accuracy: 84.6137, Preservation: 98.3343%
    DEBUG: Radiation impact: 0.1000, Protection factor: 0.9000, Radiation accuracy: 83.8202, Preservation: 98.2724%
    DEBUG: Radiation impact: 0.1000, Protection factor: 0.9000, Radiation accuracy: 84.6554, Preservation: 99.5674%
    DEBUG: Radiation impact: 0.1000, Protection factor: 0.9000, Radiation accuracy: 84.3957, Preservation: 99.8479%
    DEBUG: Radiation impact: 0.1000, Protection factor: 0.9000, Radiation accuracy: 83.4990, Preservation: 97.9781%
    DEBUG: Radiation impact: 0.1000, Protection factor: 0.9000, Radiation accuracy: 83.3733, Preservation: 98.9562%
    DEBUG: Radiation impact: 0.1000, Protection factor: 0.9000, Radiation accuracy: 85.7318, Preservation: 99.7095%
    DEBUG: Radiation impact: 0.1000, Protection factor: 0.9000, Radiation accuracy: 84.9269, Preservation: 99.3283%
    DEBUG: Radiation impact: 0.1000, Protection factor: 0.9000, Radiation accuracy: 82.8996, Preservation: 98.3507%
    DEBUG: Radiation impact: 0.1000, Protection factor: 0.9000, Radiation accuracy: 85.4213, Preservation: 99.4862%
    DEBUG: Radiation impact: 0.1000, Protection factor: 0.9000, Radiation accuracy: 84.1126, Preservation: 98.0889%
    DEBUG: Radiation impact: 0.1000, Protection factor: 0.9000, Radiation accuracy: 83.9365, Preservation: 98.3998%
    DEBUG: Radiation impact: 0.1000, Protection factor: 0.9000, Radiation accuracy: 84.5331, Preservation: 98.2786%
    DEBUG: Radiation impact: 0.1000, Protection factor: 0.9000, Radiation accuracy: 84.9822, Preservation: 99.9479%
    DEBUG: Radiation impact: 0.1000, Protection factor: 0.9000, Radiation accuracy: 84.1993, Preservation: 100.0000%
    DEBUG: Radiation impact: 0.1000, Protection factor: 0.9000, Radiation accuracy: 83.9455, Preservation: 98.2212%
    DEBUG: Radiation impact: 0.1000, Protection factor: 0.9000, Radiation accuracy: 83.6632, Preservation: 98.8389%
    DEBUG: Radiation impact: 0.1000, Protection factor: 0.9000, Radiation accuracy: 84.2958, Preservation: 99.5783%
    DEBUG: Radiation impact: 0.1000, Protection factor: 0.9000, Radiation accuracy: 85.4209, Preservation: 99.5491%
    DEBUG: Radiation impact: 0.1000, Protection factor: 0.9000, Radiation accuracy: 83.4039, Preservation: 98.9291%
    DEBUG: Radiation impact: 0.1000, Protection factor: 0.9000, Radiation accuracy: 84.1487, Preservation: 97.9666%
    DEBUG: Radiation impact: 0.1000, Protection factor: 0.9000, Radiation accuracy: 84.6482, Preservation: 99.1815%
    DEBUG: Radiation impact: 0.1000, Protection factor: 0.9000, Radiation accuracy: 82.9891, Preservation: 98.3097%
Results: Baseline accuracy = 85.2036 ± 0.6377, Radiation accuracy = 84.3112 ± 0.7299, Preservation = 98.9537 ± 0.6451%
Results: Baseline accuracy = 85.20% ± 0.64%, Radiation accuracy = 84.31% ± 0.73%, Preservation = 98.95% ± 0.65%
Testing configuration:
Architecture: 2-32-2-
Dropout: 0.30
Residual: Yes
Protection: 4
    DEBUG: Radiation impact: 0.10, Protection factor: 0.85, Radiation accuracy: 83.29, Preservation: 98.46%
    DEBUG: Radiation impact: 0.10, Protection factor: 0.85, Radiation accuracy: 82.38, Preservation: 98.79%
    DEBUG: Radiation impact: 0.10, Protection factor: 0.85, Radiation accuracy: 84.11, Preservation: 99.60%
    DEBUG: Radiation impact: 0.10, Protection factor: 0.85, Radiation accuracy: 82.54, Preservation: 98.20%
    DEBUG: Radiation impact: 0.10, Protection factor: 0.85, Radiation accuracy: 82.59, Preservation: 97.95%
    DEBUG: Radiation impact: 0.10, Protection factor: 0.85, Radiation accuracy: 82.47, Preservation: 98.36%
    DEBUG: Radiation impact: 0.10, Protection factor: 0.85, Radiation accuracy: 81.76, Preservation: 97.33%
    DEBUG: Radiation impact: 0.10, Protection factor: 0.85, Radiation accuracy: 82.45, Preservation: 98.05%
    DEBUG: Radiation impact: 0.10, Protection factor: 0.85, Radiation accuracy: 84.00, Preservation: 99.35%
    DEBUG: Radiation impact: 0.10, Protection factor: 0.85, Radiation accuracy: 81.74, Preservation: 97.53%
    DEBUG: Radiation impact: 0.10, Protection factor: 0.85, Radiation accuracy: 83.94, Preservation: 99.16%
    DEBUG: Radiation impact: 0.10, Protection factor: 0.85, Radiation accuracy: 82.04, Preservation: 98.70%
    DEBUG: Radiation impact: 0.10, Protection factor: 0.85, Radiation accuracy: 82.54, Preservation: 98.78%
    DEBUG: Radiation impact: 0.10, Protection factor: 0.85, Radiation accuracy: 84.40, Preservation: 99.50%
    DEBUG: Radiation impact: 0.10, Protection factor: 0.85, Radiation accuracy: 82.27, Preservation: 98.81%
    DEBUG: Radiation impact: 0.10, Protection factor: 0.85, Radiation accuracy: 81.92, Preservation: 97.76%
    DEBUG: Radiation impact: 0.10, Protection factor: 0.85, Radiation accuracy: 83.52, Preservation: 98.82%
    DEBUG: Radiation impact: 0.10, Protection factor: 0.85, Radiation accuracy: 82.66, Preservation: 98.89%
    DEBUG: Radiation impact: 0.10, Protection factor: 0.85, Radiation accuracy: 83.22, Preservation: 98.47%
    DEBUG: Radiation impact: 0.10, Protection factor: 0.85, Radiation accuracy: 83.04, Preservation: 97.94%
    DEBUG: Radiation impact: 0.10, Protection factor: 0.85, Radiation accuracy: 81.81, Preservation: 98.24%
    DEBUG: Radiation impact: 0.10, Protection factor: 0.85, Radiation accuracy: 82.36, Preservation: 97.78%
    DEBUG: Radiation impact: 0.10, Protection factor: 0.85, Radiation accuracy: 81.94, Preservation: 97.80%
    DEBUG: Radiation impact: 0.10, Protection factor: 0.85, Radiation accuracy: 83.21, Preservation: 99.24%
    DEBUG: Radiation impact: 0.10, Protection factor: 0.85, Radiation accuracy: 83.23, Preservation: 98.09%
    DEBUG: Radiation impact: 0.10, Protection factor: 0.85, Radiation accuracy: 81.76, Preservation: 98.39%
    DEBUG: Radiation impact: 0.10, Protection factor: 0.85, Radiation accuracy: 81.61, Preservation: 97.74%
    DEBUG: Radiation impact: 0.10, Protection factor: 0.85, Radiation accuracy: 81.47, Preservation: 97.94%
    DEBUG: Radiation impact: 0.10, Protection factor: 0.85, Radiation accuracy: 84.00, Preservation: 99.48%
    DEBUG: Radiation impact: 0.10, Protection factor: 0.85, Radiation accuracy: 82.46, Preservation: 99.22%
    DEBUG: Radiation impact: 0.10, Protection factor: 0.85, Radiation accuracy: 81.28, Preservation: 97.68%
    DEBUG: Radiation impact: 0.10, Protection factor: 0.85, Radiation accuracy: 82.12, Preservation: 98.40%
    DEBUG: Radiation impact: 0.10, Protection factor: 0.85, Radiation accuracy: 82.31, Preservation: 97.73%
    DEBUG: Radiation impact: 0.10, Protection factor: 0.85, Radiation accuracy: 81.69, Preservation: 98.02%
    DEBUG: Radiation impact: 0.10, Protection factor: 0.85, Radiation accuracy: 83.66, Preservation: 99.60%
    DEBUG: Radiation impact: 0.10, Protection factor: 0.85, Radiation accuracy: 82.77, Preservation: 99.48%
    DEBUG: Radiation impact: 0.10, Protection factor: 0.85, Radiation accuracy: 82.39, Preservation: 97.81%
    DEBUG: Radiation impact: 0.10, Protection factor: 0.85, Radiation accuracy: 82.13, Preservation: 98.59%
    DEBUG: Radiation impact: 0.10, Protection factor: 0.85, Radiation accuracy: 82.60, Preservation: 97.84%
    DEBUG: Radiation impact: 0.10, Protection factor: 0.85, Radiation accuracy: 83.53, Preservation: 98.58%
    DEBUG: Radiation impact: 0.10, Protection factor: 0.85, Radiation accuracy: 81.72, Preservation: 97.89%
    DEBUG: Radiation impact: 0.10, Protection factor: 0.85, Radiation accuracy: 82.27, Preservation: 97.88%
    DEBUG: Radiation impact: 0.10, Protection factor: 0.85, Radiation accuracy: 82.42, Preservation: 97.82%
    DEBUG: Radiation impact: 0.10, Protection factor: 0.85, Radiation accuracy: 83.43, Preservation: 99.11%
    DEBUG: Radiation impact: 0.10, Protection factor: 0.85, Radiation accuracy: 82.63, Preservation: 99.38%
    DEBUG: Radiation impact: 0.10, Protection factor: 0.85, Radiation accuracy: 83.56, Preservation: 98.61%
    DEBUG: Radiation impact: 0.10, Protection factor: 0.85, Radiation accuracy: 83.22, Preservation: 98.62%
    DEBUG: Radiation impact: 0.10, Protection factor: 0.85, Radiation accuracy: 82.45, Preservation: 97.52%
    DEBUG: Radiation impact: 0.10, Protection factor: 0.85, Radiation accuracy: 81.05, Preservation: 97.40%
    DEBUG: Radiation impact: 0.10, Protection factor: 0.85, Radiation accuracy: 81.93, Preservation: 97.41%
Results: Baseline accuracy = 83.94 ± 0.55, Radiation accuracy = 82.60 ± 0.79, Preservation = 98.39 ± 0.66%
Results: Baseline accuracy = 83.94% ± 0.55%, Radiation accuracy = 82.60% ± 0.79%, Preservation = 98.39% ± 0.66%
Testing configuration:
Architecture: 2-512-2-
Dropout: 0.30
Residual: Yes
Protection: 5
    DEBUG: Radiation impact: 0.10, Protection factor: 0.90, Radiation accuracy: 84.71, Preservation: 99.78%
    DEBUG: Radiation impact: 0.10, Protection factor: 0.90, Radiation accuracy: 85.48, Preservation: 99.95%
    DEBUG: Radiation impact: 0.10, Protection factor: 0.90, Radiation accuracy: 83.70, Preservation: 99.33%
    DEBUG: Radiation impact: 0.10, Protection factor: 0.90, Radiation accuracy: 84.94, Preservation: 99.87%
    DEBUG: Radiation impact: 0.10, Protection factor: 0.90, Radiation accuracy: 84.13, Preservation: 98.45%
    DEBUG: Radiation impact: 0.10, Protection factor: 0.90, Radiation accuracy: 84.04, Preservation: 99.08%
    DEBUG: Radiation impact: 0.10, Protection factor: 0.90, Radiation accuracy: 83.38, Preservation: 97.96%
    DEBUG: Radiation impact: 0.10, Protection factor: 0.90, Radiation accuracy: 85.31, Preservation: 99.93%
    DEBUG: Radiation impact: 0.10, Protection factor: 0.90, Radiation accuracy: 83.19, Preservation: 99.35%
    DEBUG: Radiation impact: 0.10, Protection factor: 0.90, Radiation accuracy: 83.13, Preservation: 98.02%
    DEBUG: Radiation impact: 0.10, Protection factor: 0.90, Radiation accuracy: 81.98, Preservation: 97.85%
    DEBUG: Radiation impact: 0.10, Protection factor: 0.90, Radiation accuracy: 83.81, Preservation: 99.19%
    DEBUG: Radiation impact: 0.10, Protection factor: 0.90, Radiation accuracy: 83.46, Preservation: 97.94%
    DEBUG: Radiation impact: 0.10, Protection factor: 0.90, Radiation accuracy: 84.88, Preservation: 99.66%
    DEBUG: Radiation impact: 0.10, Protection factor: 0.90, Radiation accuracy: 85.45, Preservation: 100.00%
    DEBUG: Radiation impact: 0.10, Protection factor: 0.90, Radiation accuracy: 83.88, Preservation: 98.46%
    DEBUG: Radiation impact: 0.10, Protection factor: 0.90, Radiation accuracy: 83.04, Preservation: 98.71%
    DEBUG: Radiation impact: 0.10, Protection factor: 0.90, Radiation accuracy: 83.69, Preservation: 98.25%
    DEBUG: Radiation impact: 0.10, Protection factor: 0.90, Radiation accuracy: 84.41, Preservation: 99.06%
    DEBUG: Radiation impact: 0.10, Protection factor: 0.90, Radiation accuracy: 85.66, Preservation: 100.00%
    DEBUG: Radiation impact: 0.10, Protection factor: 0.90, Radiation accuracy: 84.35, Preservation: 98.84%
    DEBUG: Radiation impact: 0.10, Protection factor: 0.90, Radiation accuracy: 84.96, Preservation: 100.00%
    DEBUG: Radiation impact: 0.10, Protection factor: 0.90, Radiation accuracy: 82.57, Preservation: 98.60%
    DEBUG: Radiation impact: 0.10, Protection factor: 0.90, Radiation accuracy: 83.28, Preservation: 98.14%
    DEBUG: Radiation impact: 0.10, Protection factor: 0.90, Radiation accuracy: 83.50, Preservation: 99.76%
    DEBUG: Radiation impact: 0.10, Protection factor: 0.90, Radiation accuracy: 83.23, Preservation: 97.90%
    DEBUG: Radiation impact: 0.10, Protection factor: 0.90, Radiation accuracy: 84.56, Preservation: 99.95%
    DEBUG: Radiation impact: 0.10, Protection factor: 0.90, Radiation accuracy: 84.87, Preservation: 99.18%
    DEBUG: Radiation impact: 0.10, Protection factor: 0.90, Radiation accuracy: 83.37, Preservation: 98.03%
    DEBUG: Radiation impact: 0.10, Protection factor: 0.90, Radiation accuracy: 83.71, Preservation: 99.70%
    DEBUG: Radiation impact: 0.10, Protection factor: 0.90, Radiation accuracy: 83.76, Preservation: 99.76%
    DEBUG: Radiation impact: 0.10, Protection factor: 0.90, Radiation accuracy: 85.18, Preservation: 99.60%
    DEBUG: Radiation impact: 0.10, Protection factor: 0.90, Radiation accuracy: 83.95, Preservation: 98.39%
    DEBUG: Radiation impact: 0.10, Protection factor: 0.90, Radiation accuracy: 83.22, Preservation: 99.39%
    DEBUG: Radiation impact: 0.10, Protection factor: 0.90, Radiation accuracy: 84.32, Preservation: 99.51%
    DEBUG: Radiation impact: 0.10, Protection factor: 0.90, Radiation accuracy: 82.84, Preservation: 97.85%
    DEBUG: Radiation impact: 0.10, Protection factor: 0.90, Radiation accuracy: 84.22, Preservation: 100.00%
    DEBUG: Radiation impact: 0.10, Protection factor: 0.90, Radiation accuracy: 84.19, Preservation: 99.41%
    DEBUG: Radiation impact: 0.10, Protection factor: 0.90, Radiation accuracy: 83.73, Preservation: 99.14%
    DEBUG: Radiation impact: 0.10, Protection factor: 0.90, Radiation accuracy: 84.64, Preservation: 99.20%
    DEBUG: Radiation impact: 0.10, Protection factor: 0.90, Radiation accuracy: 85.13, Preservation: 99.45%
    DEBUG: Radiation impact: 0.10, Protection factor: 0.90, Radiation accuracy: 83.66, Preservation: 98.17%
    DEBUG: Radiation impact: 0.10, Protection factor: 0.90, Radiation accuracy: 83.34, Preservation: 98.17%
    DEBUG: Radiation impact: 0.10, Protection factor: 0.90, Radiation accuracy: 84.31, Preservation: 98.99%
    DEBUG: Radiation impact: 0.10, Protection factor: 0.90, Radiation accuracy: 84.95, Preservation: 99.21%
    DEBUG: Radiation impact: 0.10, Protection factor: 0.90, Radiation accuracy: 84.31, Preservation: 98.53%
    DEBUG: Radiation impact: 0.10, Protection factor: 0.90, Radiation accuracy: 82.96, Preservation: 98.70%
    DEBUG: Radiation impact: 0.10, Protection factor: 0.90, Radiation accuracy: 82.58, Preservation: 98.15%
    DEBUG: Radiation impact: 0.10, Protection factor: 0.90, Radiation accuracy: 84.31, Preservation: 98.85%
    DEBUG: Radiation impact: 0.10, Protection factor: 0.90, Radiation accuracy: 84.31, Preservation: 99.77%
Results: Baseline accuracy = 84.84 ± 0.59, Radiation accuracy = 84.01 ± 0.83, Preservation = 99.02 ± 0.71%
Results: Baseline accuracy = 84.84% ± 0.59%, Radiation accuracy = 84.01% ± 0.83%, Preservation = 99.02% ± 0.71%
Testing configuration:
Architecture: 2-64-256-32-2-
Dropout: 0.40
Residual: No
Protection: 5
    DEBUG: Radiation impact: 0.10, Protection factor: 0.90, Radiation accuracy: 82.30, Preservation: 98.87%
    DEBUG: Radiation impact: 0.10, Protection factor: 0.90, Radiation accuracy: 84.16, Preservation: 99.05%
    DEBUG: Radiation impact: 0.10, Protection factor: 0.90, Radiation accuracy: 83.30, Preservation: 99.37%
    DEBUG: Radiation impact: 0.10, Protection factor: 0.90, Radiation accuracy: 81.69, Preservation: 98.12%
    DEBUG: Radiation impact: 0.10, Protection factor: 0.90, Radiation accuracy: 83.47, Preservation: 99.99%
    DEBUG: Radiation impact: 0.10, Protection factor: 0.90, Radiation accuracy: 84.15, Preservation: 99.75%
    DEBUG: Radiation impact: 0.10, Protection factor: 0.90, Radiation accuracy: 85.08, Preservation: 99.97%
    DEBUG: Radiation impact: 0.10, Protection factor: 0.90, Radiation accuracy: 83.24, Preservation: 99.06%
    DEBUG: Radiation impact: 0.10, Protection factor: 0.90, Radiation accuracy: 83.23, Preservation: 98.63%
    DEBUG: Radiation impact: 0.10, Protection factor: 0.90, Radiation accuracy: 84.28, Preservation: 99.61%
    DEBUG: Radiation impact: 0.10, Protection factor: 0.90, Radiation accuracy: 82.92, Preservation: 99.09%
    DEBUG: Radiation impact: 0.10, Protection factor: 0.90, Radiation accuracy: 84.04, Preservation: 98.75%
    DEBUG: Radiation impact: 0.10, Protection factor: 0.90, Radiation accuracy: 83.32, Preservation: 99.02%
    DEBUG: Radiation impact: 0.10, Protection factor: 0.90, Radiation accuracy: 84.49, Preservation: 100.00%
    DEBUG: Radiation impact: 0.10, Protection factor: 0.90, Radiation accuracy: 82.93, Preservation: 98.05%
    DEBUG: Radiation impact: 0.10, Protection factor: 0.90, Radiation accuracy: 83.03, Preservation: 99.64%
    DEBUG: Radiation impact: 0.10, Protection factor: 0.90, Radiation accuracy: 83.56, Preservation: 98.74%
    DEBUG: Radiation impact: 0.10, Protection factor: 0.90, Radiation accuracy: 83.33, Preservation: 98.41%
    DEBUG: Radiation impact: 0.10, Protection factor: 0.90, Radiation accuracy: 83.61, Preservation: 98.86%
    DEBUG: Radiation impact: 0.10, Protection factor: 0.90, Radiation accuracy: 84.26, Preservation: 99.72%
    DEBUG: Radiation impact: 0.10, Protection factor: 0.90, Radiation accuracy: 82.15, Preservation: 98.31%
    DEBUG: Radiation impact: 0.10, Protection factor: 0.90, Radiation accuracy: 81.56, Preservation: 97.82%
    DEBUG: Radiation impact: 0.10, Protection factor: 0.90, Radiation accuracy: 83.38, Preservation: 98.37%
    DEBUG: Radiation impact: 0.10, Protection factor: 0.90, Radiation accuracy: 83.42, Preservation: 99.10%
    DEBUG: Radiation impact: 0.10, Protection factor: 0.90, Radiation accuracy: 82.85, Preservation: 97.96%
    DEBUG: Radiation impact: 0.10, Protection factor: 0.90, Radiation accuracy: 84.46, Preservation: 99.83%
    DEBUG: Radiation impact: 0.10, Protection factor: 0.90, Radiation accuracy: 83.07, Preservation: 99.45%
    DEBUG: Radiation impact: 0.10, Protection factor: 0.90, Radiation accuracy: 84.61, Preservation: 99.76%
    DEBUG: Radiation impact: 0.10, Protection factor: 0.90, Radiation accuracy: 81.71, Preservation: 98.04%
    DEBUG: Radiation impact: 0.10, Protection factor: 0.90, Radiation accuracy: 81.61, Preservation: 98.00%
    DEBUG: Radiation impact: 0.10, Protection factor: 0.90, Radiation accuracy: 83.64, Preservation: 99.93%
    DEBUG: Radiation impact: 0.10, Protection factor: 0.90, Radiation accuracy: 83.96, Preservation: 100.00%
    DEBUG: Radiation impact: 0.10, Protection factor: 0.90, Radiation accuracy: 83.31, Preservation: 99.46%
    DEBUG: Radiation impact: 0.10, Protection factor: 0.90, Radiation accuracy: 83.36, Preservation: 99.31%
    DEBUG: Radiation impact: 0.10, Protection factor: 0.90, Radiation accuracy: 84.08, Preservation: 99.66%
    DEBUG: Radiation impact: 0.10, Protection factor: 0.90, Radiation accuracy: 83.42, Preservation: 99.67%
    DEBUG: Radiation impact: 0.10, Protection factor: 0.90, Radiation accuracy: 83.15, Preservation: 99.68%
    DEBUG: Radiation impact: 0.10, Protection factor: 0.90, Radiation accuracy: 82.82, Preservation: 99.12%
    DEBUG: Radiation impact: 0.10, Protection factor: 0.90, Radiation accuracy: 83.66, Preservation: 99.20%
    DEBUG: Radiation impact: 0.10, Protection factor: 0.90, Radiation accuracy: 82.68, Preservation: 99.30%
    DEBUG: Radiation impact: 0.10, Protection factor: 0.90, Radiation accuracy: 82.07, Preservation: 97.83%
    DEBUG: Radiation impact: 0.10, Protection factor: 0.90, Radiation accuracy: 83.79, Preservation: 99.69%
    DEBUG: Radiation impact: 0.10, Protection factor: 0.90, Radiation accuracy: 83.70, Preservation: 100.00%
    DEBUG: Radiation impact: 0.10, Protection factor: 0.90, Radiation accuracy: 83.42, Preservation: 99.44%
    DEBUG: Radiation impact: 0.10, Protection factor: 0.90, Radiation accuracy: 83.05, Preservation: 98.18%
    DEBUG: Radiation impact: 0.10, Protection factor: 0.90, Radiation accuracy: 84.09, Preservation: 100.00%
    DEBUG: Radiation impact: 0.10, Protection factor: 0.90, Radiation accuracy: 82.78, Preservation: 98.08%
    DEBUG: Radiation impact: 0.10, Protection factor: 0.90, Radiation accuracy: 83.49, Preservation: 98.44%
    DEBUG: Radiation impact: 0.10, Protection factor: 0.90, Radiation accuracy: 82.52, Preservation: 98.26%
    DEBUG: Radiation impact: 0.10, Protection factor: 0.90, Radiation accuracy: 83.20, Preservation: 99.32%
Results: Baseline accuracy = 84.08 ± 0.53, Radiation accuracy = 83.31 ± 0.79, Preservation = 99.08 ± 0.69%
Results: Baseline accuracy = 84.08% ± 0.53%, Radiation accuracy = 83.31% ± 0.79%, Preservation = 99.08% ± 0.69%
QD coverage: 0.0033% (occupied 33), elites injected: 4
Results exported to auto_arch_search_results.csv
Generation 19/20
Testing configuration:
Architecture: 2-128-2-
Dropout: 0.3000
Residual: Yes
Protection: 5
    DEBUG: Radiation impact: 0.1000, Protection factor: 0.9000, Radiation accuracy: 82.8665, Preservation: 98.4301%
    DEBUG: Radiation impact: 0.1000, Protection factor: 0.9000, Radiation accuracy: 83.5704, Preservation: 100.0000%
    DEBUG: Radiation impact: 0.1000, Protection factor: 0.9000, Radiation accuracy: 83.3061, Preservation: 99.2904%
    DEBUG: Radiation impact: 0.1000, Protection factor: 0.9000, Radiation accuracy: 84.2268, Preservation: 98.8073%
    DEBUG: Radiation impact: 0.1000, Protection factor: 0.9000, Radiation accuracy: 83.7384, Preservation: 100.0000%
    DEBUG: Radiation impact: 0.1000, Protection factor: 0.9000, Radiation accuracy: 83.3488, Preservation: 98.3744%
    DEBUG: Radiation impact: 0.1000, Protection factor: 0.9000, Radiation accuracy: 82.6057, Preservation: 98.2943%
    DEBUG: Radiation impact: 0.1000, Protection factor: 0.9000, Radiation accuracy: 83.7500, Preservation: 99.9905%
    DEBUG: Radiation impact: 0.1000, Protection factor: 0.9000, Radiation accuracy: 83.0000, Preservation: 98.6774%
    DEBUG: Radiation impact: 0.1000, Protection factor: 0.9000, Radiation accuracy: 83.5125, Preservation: 98.3868%
    DEBUG: Radiation impact: 0.1000, Protection factor: 0.9000, Radiation accuracy: 83.7181, Preservation: 99.6484%
    DEBUG: Radiation impact: 0.1000, Protection factor: 0.9000, Radiation accuracy: 81.9422, Preservation: 98.1409%
    DEBUG: Radiation impact: 0.1000, Protection factor: 0.9000, Radiation accuracy: 83.6659, Preservation: 98.4199%
    DEBUG: Radiation impact: 0.1000, Protection factor: 0.9000, Radiation accuracy: 83.9030, Preservation: 99.2486%
    DEBUG: Radiation impact: 0.1000, Protection factor: 0.9000, Radiation accuracy: 83.6433, Preservation: 99.4109%
    DEBUG: Radiation impact: 0.1000, Protection factor: 0.9000, Radiation accuracy: 83.0188, Preservation: 98.9893%
    DEBUG: Radiation impact: 0.1000, Protection factor: 0.9000, Radiation accuracy: 82.5050, Preservation: 98.9971%
    DEBUG: Radiation impact: 0.1000, Protection factor: 0.9000, Radiation accuracy: 82.7780, Preservation: 98.3629%
    DEBUG: Radiation impact: 0.1000, Protection factor: 0.9000, Radiation accuracy: 83.9196, Preservation: 100.0000%
    DEBUG: Radiation impact: 0.1000, Protection factor: 0.9000, Radiation accuracy: 84.2691, Preservation: 100.0000%
    DEBUG: Radiation impact: 0.1000, Protection factor: 0.9000, Radiation accuracy: 82.0463, Preservation: 98.2527%
    DEBUG: Radiation impact: 0.1000, Protection factor: 0.9000, Radiation accuracy: 83.5602, Preservation: 98.6888%
    DEBUG: Radiation impact: 0.1000, Protection factor: 0.9000, Radiation accuracy: 82.6247, Preservation: 98.8438%
    DEBUG: Radiation impact: 0.1000, Protection factor: 0.9000, Radiation accuracy: 82.5709, Preservation: 98.6195%
    DEBUG: Radiation impact: 0.1000, Protection factor: 0.9000, Radiation accuracy: 82.9731, Preservation: 99.0705%
    DEBUG: Radiation impact: 0.1000, Protection factor: 0.9000, Radiation accuracy: 81.8711, Preservation: 98.2200%
    DEBUG: Radiation impact: 0.1000, Protection factor: 0.9000, Radiation accuracy: 83.8333, Preservation: 99.4397%
    DEBUG: Radiation impact: 0.1000, Protection factor: 0.9000, Radiation accuracy: 84.3425, Preservation: 99.7844%
    DEBUG: Radiation impact: 0.1000, Protection factor: 0.9000, Radiation accuracy: 83.5512, Preservation: 99.2082%
    DEBUG: Radiation impact: 0.1000, Protection factor: 0.9000, Radiation accuracy: 83.6370, Preservation: 99.1138%
    DEBUG: Radiation impact: 0.1000, Protection factor: 0.9000, Radiation accuracy: 83.4050, Preservation: 98.6667%
    DEBUG: Radiation impact: 0.1000, Protection factor: 0.9000, Radiation accuracy: 83.4280, Preservation: 99.9067%
    DEBUG: Radiation impact: 0.1000, Protection factor: 0.9000, Radiation accuracy: 83.7562, Preservation: 99.6012%
    DEBUG: Radiation impact: 0.1000, Protection factor: 0.9000, Radiation accuracy: 84.5059, Preservation: 99.7457%
    DEBUG: Radiation impact: 0.1000, Protection factor: 0.9000, Radiation accuracy: 83.2883, Preservation: 98.5424%
    DEBUG: Radiation impact: 0.1000, Protection factor: 0.9000, Radiation accuracy: 83.3050, Preservation: 98.0767%
    DEBUG: Radiation impact: 0.1000, Protection factor: 0.9000, Radiation accuracy: 83.1455, Preservation: 99.0766%
    DEBUG: Radiation impact: 0.1000, Protection factor: 0.9000, Radiation accuracy: 84.5969, Preservation: 99.4833%
    DEBUG: Radiation impact: 0.1000, Protection factor: 0.9000, Radiation accuracy: 82.4631, Preservation: 98.4189%
    DEBUG: Radiation impact: 0.1000, Protection factor: 0.9000, Radiation accuracy: 83.8272, Preservation: 99.1483%
    DEBUG: Radiation impact: 0.1000, Protection factor: 0.9000, Radiation accuracy: 81.8584, Preservation: 98.0608%
    DEBUG: Radiation impact: 0.1000, Protection factor: 0.9000, Radiation accuracy: 82.9366, Preservation: 98.5909%
    DEBUG: Radiation impact: 0.1000, Protection factor: 0.9000, Radiation accuracy: 82.0811, Preservation: 98.2684%
    DEBUG: Radiation impact: 0.1000, Protection factor: 0.9000, Radiation accuracy: 82.4429, Preservation: 98.6596%
    DEBUG: Radiation impact: 0.1000, Protection factor: 0.9000, Radiation accuracy: 81.7204, Preservation: 97.9257%
    DEBUG: Radiation impact: 0.1000, Protection factor: 0.9000, Radiation accuracy: 85.0250, Preservation: 99.6537%
    DEBUG: Radiation impact: 0.1000, Protection factor: 0.9000, Radiation accuracy: 82.9357, Preservation: 98.6781%
    DEBUG: Radiation impact: 0.1000, Protection factor: 0.9000, Radiation accuracy: 82.1645, Preservation: 98.2121%
    DEBUG: Radiation impact: 0.1000, Protection factor: 0.9000, Radiation accuracy: 83.1863, Preservation: 99.1488%
    DEBUG: Radiation impact: 0.1000, Protection factor: 0.9000, Radiation accuracy: 83.1063, Preservation: 97.8787%
Results: Baseline accuracy = 84.1303 ± 0.5257, Radiation accuracy = 83.2295 ± 0.7602, Preservation = 98.9291 ± 0.6289%
Results: Baseline accuracy = 84.13% ± 0.53%, Radiation accuracy = 83.23% ± 0.76%, Preservation = 98.93% ± 0.63%
Testing configuration:
Architecture: 2-128-2-
Dropout: 0.50
Residual: No
Protection: 5
    DEBUG: Radiation impact: 0.10, Protection factor: 0.90, Radiation accuracy: 82.62, Preservation: 99.69%
    DEBUG: Radiation impact: 0.10, Protection factor: 0.90, Radiation accuracy: 82.72, Preservation: 99.91%
    DEBUG: Radiation impact: 0.10, Protection factor: 0.90, Radiation accuracy: 80.67, Preservation: 98.83%
    DEBUG: Radiation impact: 0.10, Protection factor: 0.90, Radiation accuracy: 81.88, Preservation: 100.00%
    DEBUG: Radiation impact: 0.10, Protection factor: 0.90, Radiation accuracy: 80.63, Preservation: 97.90%
    DEBUG: Radiation impact: 0.10, Protection factor: 0.90, Radiation accuracy: 82.37, Preservation: 99.46%
    DEBUG: Radiation impact: 0.10, Protection factor: 0.90, Radiation accuracy: 82.07, Preservation: 99.48%
    DEBUG: Radiation impact: 0.10, Protection factor: 0.90, Radiation accuracy: 80.99, Preservation: 97.87%
    DEBUG: Radiation impact: 0.10, Protection factor: 0.90, Radiation accuracy: 82.10, Preservation: 98.77%
    DEBUG: Radiation impact: 0.10, Protection factor: 0.90, Radiation accuracy: 81.10, Preservation: 99.55%
    DEBUG: Radiation impact: 0.10, Protection factor: 0.90, Radiation accuracy: 82.39, Preservation: 100.00%
    DEBUG: Radiation impact: 0.10, Protection factor: 0.90, Radiation accuracy: 81.69, Preservation: 99.38%
    DEBUG: Radiation impact: 0.10, Protection factor: 0.90, Radiation accuracy: 80.28, Preservation: 98.16%
    DEBUG: Radiation impact: 0.10, Protection factor: 0.90, Radiation accuracy: 81.50, Preservation: 99.84%
    DEBUG: Radiation impact: 0.10, Protection factor: 0.90, Radiation accuracy: 82.60, Preservation: 100.00%
    DEBUG: Radiation impact: 0.10, Protection factor: 0.90, Radiation accuracy: 81.39, Preservation: 97.83%
    DEBUG: Radiation impact: 0.10, Protection factor: 0.90, Radiation accuracy: 82.27, Preservation: 99.55%
    DEBUG: Radiation impact: 0.10, Protection factor: 0.90, Radiation accuracy: 80.93, Preservation: 98.69%
    DEBUG: Radiation impact: 0.10, Protection factor: 0.90, Radiation accuracy: 80.95, Preservation: 98.56%
    DEBUG: Radiation impact: 0.10, Protection factor: 0.90, Radiation accuracy: 82.04, Preservation: 99.29%
    DEBUG: Radiation impact: 0.10, Protection factor: 0.90, Radiation accuracy: 82.09, Preservation: 100.00%
    DEBUG: Radiation impact: 0.10, Protection factor: 0.90, Radiation accuracy: 82.69, Preservation: 99.48%
    DEBUG: Radiation impact: 0.10, Protection factor: 0.90, Radiation accuracy: 82.51, Preservation: 100.00%
    DEBUG: Radiation impact: 0.10, Protection factor: 0.90, Radiation accuracy: 81.43, Preservation: 98.68%
    DEBUG: Radiation impact: 0.10, Protection factor: 0.90, Radiation accuracy: 81.49, Preservation: 99.12%
    DEBUG: Radiation impact: 0.10, Protection factor: 0.90, Radiation accuracy: 81.49, Preservation: 97.92%
    DEBUG: Radiation impact: 0.10, Protection factor: 0.90, Radiation accuracy: 80.15, Preservation: 98.26%
    DEBUG: Radiation impact: 0.10, Protection factor: 0.90, Radiation accuracy: 81.62, Preservation: 99.55%
    DEBUG: Radiation impact: 0.10, Protection factor: 0.90, Radiation accuracy: 80.99, Preservation: 98.74%
    DEBUG: Radiation impact: 0.10, Protection factor: 0.90, Radiation accuracy: 83.23, Preservation: 99.99%
    DEBUG: Radiation impact: 0.10, Protection factor: 0.90, Radiation accuracy: 81.76, Preservation: 98.57%
    DEBUG: Radiation impact: 0.10, Protection factor: 0.90, Radiation accuracy: 80.70, Preservation: 99.18%
    DEBUG: Radiation impact: 0.10, Protection factor: 0.90, Radiation accuracy: 80.60, Preservation: 98.01%
    DEBUG: Radiation impact: 0.10, Protection factor: 0.90, Radiation accuracy: 81.99, Preservation: 99.21%
    DEBUG: Radiation impact: 0.10, Protection factor: 0.90, Radiation accuracy: 81.68, Preservation: 99.16%
    DEBUG: Radiation impact: 0.10, Protection factor: 0.90, Radiation accuracy: 81.68, Preservation: 99.02%
    DEBUG: Radiation impact: 0.10, Protection factor: 0.90, Radiation accuracy: 81.78, Preservation: 98.99%
    DEBUG: Radiation impact: 0.10, Protection factor: 0.90, Radiation accuracy: 80.32, Preservation: 97.89%
    DEBUG: Radiation impact: 0.10, Protection factor: 0.90, Radiation accuracy: 80.45, Preservation: 98.16%
    DEBUG: Radiation impact: 0.10, Protection factor: 0.90, Radiation accuracy: 81.26, Preservation: 99.10%
    DEBUG: Radiation impact: 0.10, Protection factor: 0.90, Radiation accuracy: 82.22, Preservation: 99.45%
    DEBUG: Radiation impact: 0.10, Protection factor: 0.90, Radiation accuracy: 81.16, Preservation: 99.77%
    DEBUG: Radiation impact: 0.10, Protection factor: 0.90, Radiation accuracy: 81.04, Preservation: 99.48%
    DEBUG: Radiation impact: 0.10, Protection factor: 0.90, Radiation accuracy: 81.71, Preservation: 99.01%
    DEBUG: Radiation impact: 0.10, Protection factor: 0.90, Radiation accuracy: 81.31, Preservation: 98.77%
    DEBUG: Radiation impact: 0.10, Protection factor: 0.90, Radiation accuracy: 80.10, Preservation: 98.10%
    DEBUG: Radiation impact: 0.10, Protection factor: 0.90, Radiation accuracy: 82.95, Preservation: 99.56%
    DEBUG: Radiation impact: 0.10, Protection factor: 0.90, Radiation accuracy: 81.32, Preservation: 98.64%
    DEBUG: Radiation impact: 0.10, Protection factor: 0.90, Radiation accuracy: 81.76, Preservation: 98.97%
    DEBUG: Radiation impact: 0.10, Protection factor: 0.90, Radiation accuracy: 81.91, Preservation: 99.67%
Results: Baseline accuracy = 82.34 ± 0.52, Radiation accuracy = 81.57 ± 0.76, Preservation = 99.06 ± 0.67%
Results: Baseline accuracy = 82.34% ± 0.52%, Radiation accuracy = 81.57% ± 0.76%, Preservation = 99.06% ± 0.67%
QD coverage: 0.0033% (occupied 33), elites injected: 4
Results exported to auto_arch_search_results.csv
Generation 20/20
Testing configuration:
Architecture: 2-256-256-32-2-
Dropout: 0.4000
Residual: Yes
Protection: 5
    DEBUG: Radiation impact: 0.1000, Protection factor: 0.9000, Radiation accuracy: 85.6282, Preservation: 98.0498%
    DEBUG: Radiation impact: 0.1000, Protection factor: 0.9000, Radiation accuracy: 85.7119, Preservation: 99.1838%
    DEBUG: Radiation impact: 0.1000, Protection factor: 0.9000, Radiation accuracy: 85.3027, Preservation: 98.9187%
    DEBUG: Radiation impact: 0.1000, Protection factor: 0.9000, Radiation accuracy: 85.8991, Preservation: 98.6334%
    DEBUG: Radiation impact: 0.1000, Protection factor: 0.9000, Radiation accuracy: 84.6971, Preservation: 98.6101%
    DEBUG: Radiation impact: 0.1000, Protection factor: 0.9000, Radiation accuracy: 85.7673, Preservation: 98.7632%
    DEBUG: Radiation impact: 0.1000, Protection factor: 0.9000, Radiation accuracy: 83.9849, Preservation: 98.2152%
    DEBUG: Radiation impact: 0.1000, Protection factor: 0.9000, Radiation accuracy: 85.1239, Preservation: 98.8554%
    DEBUG: Radiation impact: 0.1000, Protection factor: 0.9000, Radiation accuracy: 85.5521, Preservation: 98.8713%
    DEBUG: Radiation impact: 0.1000, Protection factor: 0.9000, Radiation accuracy: 86.1932, Preservation: 99.5501%
    DEBUG: Radiation impact: 0.1000, Protection factor: 0.9000, Radiation accuracy: 85.8320, Preservation: 99.4358%
    DEBUG: Radiation impact: 0.1000, Protection factor: 0.9000, Radiation accuracy: 86.2732, Preservation: 99.5044%
    DEBUG: Radiation impact: 0.1000, Protection factor: 0.9000, Radiation accuracy: 85.9130, Preservation: 99.8496%
    DEBUG: Radiation impact: 0.1000, Protection factor: 0.9000, Radiation accuracy: 85.1389, Preservation: 99.6206%
    DEBUG: Radiation impact: 0.1000, Protection factor: 0.9000, Radiation accuracy: 85.6735, Preservation: 98.4601%
    DEBUG: Radiation impact: 0.1000, Protection factor: 0.9000, Radiation accuracy: 84.2242, Preservation: 98.0365%
    DEBUG: Radiation impact: 0.1000, Protection factor: 0.9000, Radiation accuracy: 85.4872, Preservation: 99.5542%
    DEBUG: Radiation impact: 0.1000, Protection factor: 0.9000, Radiation accuracy: 85.8412, Preservation: 99.2526%
    DEBUG: Radiation impact: 0.1000, Protection factor: 0.9000, Radiation accuracy: 85.9658, Preservation: 99.2216%
    DEBUG: Radiation impact: 0.1000, Protection factor: 0.9000, Radiation accuracy: 84.8730, Preservation: 98.0287%
    DEBUG: Radiation impact: 0.1000, Protection factor: 0.9000, Radiation accuracy: 84.7459, Preservation: 98.0135%
    DEBUG: Radiation impact: 0.1000, Protection factor: 0.9000, Radiation accuracy: 86.1440, Preservation: 99.4642%
    DEBUG: Radiation impact: 0.1000, Protection factor: 0.9000, Radiation accuracy: 86.1773, Preservation: 98.8563%
    DEBUG: Radiation impact: 0.1000, Protection factor: 0.9000, Radiation accuracy: 84.0817, Preservation: 98.3841%
    DEBUG: Radiation impact: 0.1000, Protection factor: 0.9000, Radiation accuracy: 84.7474, Preservation: 99.1304%
    DEBUG: Radiation impact: 0.1000, Protection factor: 0.9000, Radiation accuracy: 85.6342, Preservation: 98.2180%
    DEBUG: Radiation impact: 0.1000, Protection factor: 0.9000, Radiation accuracy: 85.8103, Preservation: 98.3207%
    DEBUG: Radiation impact: 0.1000, Protection factor: 0.9000, Radiation accuracy: 83.7976, Preservation: 98.1416%
    DEBUG: Radiation impact: 0.1000, Protection factor: 0.9000, Radiation accuracy: 86.7750, Preservation: 99.8197%
    DEBUG: Radiation impact: 0.1000, Protection factor: 0.9000, Radiation accuracy: 85.8769, Preservation: 99.4859%
    DEBUG: Radiation impact: 0.1000, Protection factor: 0.9000, Radiation accuracy: 86.1693, Preservation: 99.6200%
    DEBUG: Radiation impact: 0.1000, Protection factor: 0.9000, Radiation accuracy: 84.2398, Preservation: 98.4914%
    DEBUG: Radiation impact: 0.1000, Protection factor: 0.9000, Radiation accuracy: 85.6629, Preservation: 98.6786%
    DEBUG: Radiation impact: 0.1000, Protection factor: 0.9000, Radiation accuracy: 84.1760, Preservation: 98.4027%
    DEBUG: Radiation impact: 0.1000, Protection factor: 0.9000, Radiation accuracy: 85.6478, Preservation: 99.0555%
    DEBUG: Radiation impact: 0.1000, Protection factor: 0.9000, Radiation accuracy: 84.7955, Preservation: 98.9646%
    DEBUG: Radiation impact: 0.1000, Protection factor: 0.9000, Radiation accuracy: 85.3906, Preservation: 99.6442%
    DEBUG: Radiation impact: 0.1000, Protection factor: 0.9000, Radiation accuracy: 85.9097, Preservation: 98.6371%
    DEBUG: Radiation impact: 0.1000, Protection factor: 0.9000, Radiation accuracy: 86.5505, Preservation: 99.1491%
    DEBUG: Radiation impact: 0.1000, Protection factor: 0.9000, Radiation accuracy: 84.7711, Preservation: 97.9598%
    DEBUG: Radiation impact: 0.1000, Protection factor: 0.9000, Radiation accuracy: 86.9636, Preservation: 99.9432%
    DEBUG: Radiation impact: 0.1000, Protection factor: 0.9000, Radiation accuracy: 84.1019, Preservation: 98.2347%
    DEBUG: Radiation impact: 0.1000, Protection factor: 0.9000, Radiation accuracy: 85.4991, Preservation: 98.9937%
    DEBUG: Radiation impact: 0.1000, Protection factor: 0.9000, Radiation accuracy: 85.1921, Preservation: 98.3145%
    DEBUG: Radiation impact: 0.1000, Protection factor: 0.9000, Radiation accuracy: 84.3540, Preservation: 98.7753%
    DEBUG: Radiation impact: 0.1000, Protection factor: 0.9000, Radiation accuracy: 84.4362, Preservation: 98.5228%
    DEBUG: Radiation impact: 0.1000, Protection factor: 0.9000, Radiation accuracy: 84.6965, Preservation: 98.3569%
    DEBUG: Radiation impact: 0.1000, Protection factor: 0.9000, Radiation accuracy: 84.8576, Preservation: 98.9700%
    DEBUG: Radiation impact: 0.1000, Protection factor: 0.9000, Radiation accuracy: 85.2039, Preservation: 99.2421%
    DEBUG: Radiation impact: 0.1000, Protection factor: 0.9000, Radiation accuracy: 87.3385, Preservation: 100.0000%
Results: Baseline accuracy = 86.3362 ± 0.5989, Radiation accuracy = 85.3766 ± 0.8079, Preservation = 98.8881 ± 0.5750%
Results: Baseline accuracy = 86.34% ± 0.60%, Radiation accuracy = 85.38% ± 0.81%, Preservation = 98.89% ± 0.57%
Testing configuration:
Architecture: 2-64-256-128-2-
Dropout: 0.30
Residual: Yes
Protection: 5
    DEBUG: Radiation impact: 0.10, Protection factor: 0.90, Radiation accuracy: 86.68, Preservation: 100.00%
    DEBUG: Radiation impact: 0.10, Protection factor: 0.90, Radiation accuracy: 87.19, Preservation: 100.00%
    DEBUG: Radiation impact: 0.10, Protection factor: 0.90, Radiation accuracy: 86.78, Preservation: 100.00%
    DEBUG: Radiation impact: 0.10, Protection factor: 0.90, Radiation accuracy: 86.02, Preservation: 98.07%
    DEBUG: Radiation impact: 0.10, Protection factor: 0.90, Radiation accuracy: 85.04, Preservation: 98.25%
    DEBUG: Radiation impact: 0.10, Protection factor: 0.90, Radiation accuracy: 86.95, Preservation: 99.82%
    DEBUG: Radiation impact: 0.10, Protection factor: 0.90, Radiation accuracy: 85.55, Preservation: 98.81%
    DEBUG: Radiation impact: 0.10, Protection factor: 0.90, Radiation accuracy: 86.02, Preservation: 99.55%
    DEBUG: Radiation impact: 0.10, Protection factor: 0.90, Radiation accuracy: 85.99, Preservation: 98.23%
    DEBUG: Radiation impact: 0.10, Protection factor: 0.90, Radiation accuracy: 87.90, Preservation: 99.94%
    DEBUG: Radiation impact: 0.10, Protection factor: 0.90, Radiation accuracy: 86.51, Preservation: 99.15%
    DEBUG: Radiation impact: 0.10, Protection factor: 0.90, Radiation accuracy: 86.43, Preservation: 98.31%
    DEBUG: Radiation impact: 0.10, Protection factor: 0.90, Radiation accuracy: 87.02, Preservation: 98.56%
    DEBUG: Radiation impact: 0.10, Protection factor: 0.90, Radiation accuracy: 86.16, Preservation: 99.20%
    DEBUG: Radiation impact: 0.10, Protection factor: 0.90, Radiation accuracy: 85.97, Preservation: 98.33%
    DEBUG: Radiation impact: 0.10, Protection factor: 0.90, Radiation accuracy: 86.77, Preservation: 98.54%
    DEBUG: Radiation impact: 0.10, Protection factor: 0.90, Radiation accuracy: 85.70, Preservation: 98.64%
    DEBUG: Radiation impact: 0.10, Protection factor: 0.90, Radiation accuracy: 86.37, Preservation: 98.68%
    DEBUG: Radiation impact: 0.10, Protection factor: 0.90, Radiation accuracy: 85.31, Preservation: 98.29%
    DEBUG: Radiation impact: 0.10, Protection factor: 0.90, Radiation accuracy: 85.95, Preservation: 98.35%
    DEBUG: Radiation impact: 0.10, Protection factor: 0.90, Radiation accuracy: 86.89, Preservation: 98.41%
    DEBUG: Radiation impact: 0.10, Protection factor: 0.90, Radiation accuracy: 86.59, Preservation: 99.42%
    DEBUG: Radiation impact: 0.10, Protection factor: 0.90, Radiation accuracy: 87.27, Preservation: 100.00%
    DEBUG: Radiation impact: 0.10, Protection factor: 0.90, Radiation accuracy: 85.88, Preservation: 98.47%
    DEBUG: Radiation impact: 0.10, Protection factor: 0.90, Radiation accuracy: 85.49, Preservation: 98.66%
    DEBUG: Radiation impact: 0.10, Protection factor: 0.90, Radiation accuracy: 86.49, Preservation: 98.51%
    DEBUG: Radiation impact: 0.10, Protection factor: 0.90, Radiation accuracy: 85.85, Preservation: 98.65%
    DEBUG: Radiation impact: 0.10, Protection factor: 0.90, Radiation accuracy: 87.35, Preservation: 99.28%
    DEBUG: Radiation impact: 0.10, Protection factor: 0.90, Radiation accuracy: 86.73, Preservation: 98.67%
    DEBUG: Radiation impact: 0.10, Protection factor: 0.90, Radiation accuracy: 86.38, Preservation: 98.47%
    DEBUG: Radiation impact: 0.10, Protection factor: 0.90, Radiation accuracy: 86.66, Preservation: 100.00%
    DEBUG: Radiation impact: 0.10, Protection factor: 0.90, Radiation accuracy: 86.52, Preservation: 98.44%
    DEBUG: Radiation impact: 0.10, Protection factor: 0.90, Radiation accuracy: 87.44, Preservation: 99.77%
    DEBUG: Radiation impact: 0.10, Protection factor: 0.90, Radiation accuracy: 86.38, Preservation: 98.45%
    DEBUG: Radiation impact: 0.10, Protection factor: 0.90, Radiation accuracy: 87.64, Preservation: 99.47%
    DEBUG: Radiation impact: 0.10, Protection factor: 0.90, Radiation accuracy: 86.38, Preservation: 98.78%
    DEBUG: Radiation impact: 0.10, Protection factor: 0.90, Radiation accuracy: 86.56, Preservation: 99.18%
    DEBUG: Radiation impact: 0.10, Protection factor: 0.90, Radiation accuracy: 85.13, Preservation: 98.01%
    DEBUG: Radiation impact: 0.10, Protection factor: 0.90, Radiation accuracy: 85.82, Preservation: 98.29%
    DEBUG: Radiation impact: 0.10, Protection factor: 0.90, Radiation accuracy: 84.51, Preservation: 97.87%
    DEBUG: Radiation impact: 0.10, Protection factor: 0.90, Radiation accuracy: 87.04, Preservation: 100.00%
    DEBUG: Radiation impact: 0.10, Protection factor: 0.90, Radiation accuracy: 87.08, Preservation: 99.25%
    DEBUG: Radiation impact: 0.10, Protection factor: 0.90, Radiation accuracy: 85.70, Preservation: 98.41%
    DEBUG: Radiation impact: 0.10, Protection factor: 0.90, Radiation accuracy: 86.39, Preservation: 98.41%
    DEBUG: Radiation impact: 0.10, Protection factor: 0.90, Radiation accuracy: 85.07, Preservation: 98.43%
    DEBUG: Radiation impact: 0.10, Protection factor: 0.90, Radiation accuracy: 88.20, Preservation: 99.98%
    DEBUG: Radiation impact: 0.10, Protection factor: 0.90, Radiation accuracy: 87.62, Preservation: 99.30%
    DEBUG: Radiation impact: 0.10, Protection factor: 0.90, Radiation accuracy: 85.74, Preservation: 98.47%
    DEBUG: Radiation impact: 0.10, Protection factor: 0.90, Radiation accuracy: 86.22, Preservation: 97.92%
    DEBUG: Radiation impact: 0.10, Protection factor: 0.90, Radiation accuracy: 85.93, Preservation: 99.38%
Results: Baseline accuracy = 87.34 ± 0.56, Radiation accuracy = 86.39 ± 0.77, Preservation = 98.90 ± 0.66%
Results: Baseline accuracy = 87.34% ± 0.56%, Radiation accuracy = 86.39% ± 0.77%, Preservation = 98.90% ± 0.66%
Testing configuration:
Architecture: 2-64-256-32-2-
Dropout: 0.60
Residual: Yes
Protection: 3
    DEBUG: Radiation impact: 0.10, Protection factor: 0.80, Radiation accuracy: 83.51, Preservation: 98.60%
    DEBUG: Radiation impact: 0.10, Protection factor: 0.80, Radiation accuracy: 84.11, Preservation: 98.90%
    DEBUG: Radiation impact: 0.10, Protection factor: 0.80, Radiation accuracy: 82.57, Preservation: 97.22%
    DEBUG: Radiation impact: 0.10, Protection factor: 0.80, Radiation accuracy: 82.88, Preservation: 97.99%
    DEBUG: Radiation impact: 0.10, Protection factor: 0.80, Radiation accuracy: 82.80, Preservation: 97.83%
    DEBUG: Radiation impact: 0.10, Protection factor: 0.80, Radiation accuracy: 83.01, Preservation: 97.63%
    DEBUG: Radiation impact: 0.10, Protection factor: 0.80, Radiation accuracy: 82.39, Preservation: 97.18%
    DEBUG: Radiation impact: 0.10, Protection factor: 0.80, Radiation accuracy: 83.28, Preservation: 98.33%
    DEBUG: Radiation impact: 0.10, Protection factor: 0.80, Radiation accuracy: 82.78, Preservation: 99.13%
    DEBUG: Radiation impact: 0.10, Protection factor: 0.80, Radiation accuracy: 80.67, Preservation: 96.90%
    DEBUG: Radiation impact: 0.10, Protection factor: 0.80, Radiation accuracy: 80.95, Preservation: 97.24%
    DEBUG: Radiation impact: 0.10, Protection factor: 0.80, Radiation accuracy: 81.83, Preservation: 97.07%
    DEBUG: Radiation impact: 0.10, Protection factor: 0.80, Radiation accuracy: 81.84, Preservation: 97.12%
    DEBUG: Radiation impact: 0.10, Protection factor: 0.80, Radiation accuracy: 81.35, Preservation: 97.64%
    DEBUG: Radiation impact: 0.10, Protection factor: 0.80, Radiation accuracy: 83.98, Preservation: 99.17%
    DEBUG: Radiation impact: 0.10, Protection factor: 0.80, Radiation accuracy: 82.27, Preservation: 97.25%
    DEBUG: Radiation impact: 0.10, Protection factor: 0.80, Radiation accuracy: 83.16, Preservation: 98.12%
    DEBUG: Radiation impact: 0.10, Protection factor: 0.80, Radiation accuracy: 81.64, Preservation: 97.63%
    DEBUG: Radiation impact: 0.10, Protection factor: 0.80, Radiation accuracy: 82.45, Preservation: 98.08%
    DEBUG: Radiation impact: 0.10, Protection factor: 0.80, Radiation accuracy: 80.79, Preservation: 96.84%
    DEBUG: Radiation impact: 0.10, Protection factor: 0.80, Radiation accuracy: 82.43, Preservation: 97.05%
    DEBUG: Radiation impact: 0.10, Protection factor: 0.80, Radiation accuracy: 82.52, Preservation: 98.03%
    DEBUG: Radiation impact: 0.10, Protection factor: 0.80, Radiation accuracy: 82.36, Preservation: 98.27%
    DEBUG: Radiation impact: 0.10, Protection factor: 0.80, Radiation accuracy: 81.59, Preservation: 97.92%
    DEBUG: Radiation impact: 0.10, Protection factor: 0.80, Radiation accuracy: 81.57, Preservation: 96.84%
    DEBUG: Radiation impact: 0.10, Protection factor: 0.80, Radiation accuracy: 84.10, Preservation: 99.15%
    DEBUG: Radiation impact: 0.10, Protection factor: 0.80, Radiation accuracy: 80.68, Preservation: 96.90%
    DEBUG: Radiation impact: 0.10, Protection factor: 0.80, Radiation accuracy: 82.65, Preservation: 97.71%
    DEBUG: Radiation impact: 0.10, Protection factor: 0.80, Radiation accuracy: 83.32, Preservation: 98.79%
    DEBUG: Radiation impact: 0.10, Protection factor: 0.80, Radiation accuracy: 83.36, Preservation: 98.22%
    DEBUG: Radiation impact: 0.10, Protection factor: 0.80, Radiation accuracy: 82.47, Preservation: 97.16%
    DEBUG: Radiation impact: 0.10, Protection factor: 0.80, Radiation accuracy: 82.05, Preservation: 97.56%
    DEBUG: Radiation impact: 0.10, Protection factor: 0.80, Radiation accuracy: 83.62, Preservation: 98.36%
    DEBUG: Radiation impact: 0.10, Protection factor: 0.80, Radiation accuracy: 81.16, Preservation: 97.05%
    DEBUG: Radiation impact: 0.10, Protection factor: 0.80, Radiation accuracy: 83.45, Preservation: 98.43%
    DEBUG: Radiation impact: 0.10, Protection factor: 0.80, Radiation accuracy: 81.17, Preservation: 97.40%
    DEBUG: Radiation impact: 0.10, Protection factor: 0.80, Radiation accuracy: 81.74, Preservation: 97.34%
    DEBUG: Radiation impact: 0.10, Protection factor: 0.80, Radiation accuracy: 83.05, Preservation: 97.79%
    DEBUG: Radiation impact: 0.10, Protection factor: 0.80, Radiation accuracy: 82.66, Preservation: 98.55%
    DEBUG: Radiation impact: 0.10, Protection factor: 0.80, Radiation accuracy: 81.18, Preservation: 97.24%
    DEBUG: Radiation impact: 0.10, Protection factor: 0.80, Radiation accuracy: 83.48, Preservation: 99.05%
    DEBUG: Radiation impact: 0.10, Protection factor: 0.80, Radiation accuracy: 81.88, Preservation: 98.07%
    DEBUG: Radiation impact: 0.10, Protection factor: 0.80, Radiation accuracy: 81.54, Preservation: 97.05%
    DEBUG: Radiation impact: 0.10, Protection factor: 0.80, Radiation accuracy: 84.28, Preservation: 99.13%
    DEBUG: Radiation impact: 0.10, Protection factor: 0.80, Radiation accuracy: 82.22, Preservation: 98.17%
    DEBUG: Radiation impact: 0.10, Protection factor: 0.80, Radiation accuracy: 83.36, Preservation: 99.13%
    DEBUG: Radiation impact: 0.10, Protection factor: 0.80, Radiation accuracy: 83.07, Preservation: 97.97%
    DEBUG: Radiation impact: 0.10, Protection factor: 0.80, Radiation accuracy: 82.57, Preservation: 97.22%
    DEBUG: Radiation impact: 0.10, Protection factor: 0.80, Radiation accuracy: 81.81, Preservation: 97.62%
    DEBUG: Radiation impact: 0.10, Protection factor: 0.80, Radiation accuracy: 82.52, Preservation: 98.92%
Results: Baseline accuracy = 84.23 ± 0.60, Radiation accuracy = 82.44 ± 0.93, Preservation = 97.88 ± 0.72%
Results: Baseline accuracy = 84.23% ± 0.60%, Radiation accuracy = 82.44% ± 0.93%, Preservation = 97.88% ± 0.72%
QD coverage: 0.0033% (occupied 33), elites injected: 4
Results exported to auto_arch_search_results.csv
Results exported to auto_arch_search_results.csv

🎯 Search Results:
==================
Best LEO-optimized architecture found:
Layer sizes: 2-64-256-32-2-
Dropout rate: 0.30
Protection level: 5
Baseline accuracy: 87.19%
Radiation accuracy: 86.47%
Accuracy preservation: 99.17%
Confidence interval: ±0.7%
Total iterations: 400

📁 Exporting results to CSV...
Results exported to auto_arch_search_results.csv
Results saved to: auto_arch_search_results.csv

✅ Auto architecture search completed successfully!

🔬 Adaptive Mutation Analysis:
============================
The adaptive mutation system dynamically adjusted the mutation rate
based on population diversity during the evolutionary search.
This improves the genetic algorithm's ability to:
• Escape local optima when diversity is low
• Focus on exploitation when diversity is high
• Respond to population convergence
• Maintain exploration in later generations

[INFO] Long-run outputs saved under /Users/rishabnuguru/space/results/genetic_algorithm/long_runs
